[2025-11-20 10:41:23] ======================================================================
[2025-11-20 10:41:23] BRUTE FORCE HYPERPARAMETER SEARCH (ENC-DEC LSTM)
[2025-11-20 10:41:23] ======================================================================
[2025-11-20 10:41:23] Started at: 2025-11-20 10:41:23
[2025-11-20 10:41:23] Mode: TEST
[2025-11-20 10:41:23] Best R² to beat: 0.010000
[2025-11-20 10:41:23] Log file: logs/bruteforce_20251120_104123.log
[2025-11-20 10:41:23] 
[2025-11-20 10:41:23] Device Detection:
[2025-11-20 10:41:23]   PyTorch version: 2.7.1
[2025-11-20 10:41:23]   Requested: auto
[2025-11-20 10:41:23]   MPS available: ✓
[2025-11-20 10:41:23]   CUDA available: ✗
[2025-11-20 10:41:23]   Using: MPS
[2025-11-20 10:41:23] 
[2025-11-20 10:41:23] Loading data...
[2025-11-20 10:41:23] Train: 8,000 rows, 8 sequences
[2025-11-20 10:41:23] Val:   2,000 rows, 2 sequences
[2025-11-20 10:41:23] Features: 32
[2025-11-20 10:41:23] 
[2025-11-20 10:41:23] Total possible combinations (Cartesian product): 1,024
[2025-11-20 10:41:23] Configurations to run (cap): 1000
[2025-11-20 10:41:23] Starting exhaustive brute force search...

[2025-11-20 10:41:23] 
======================================================================
[2025-11-20 10:41:23] Config 1/1000 - Starting Training:
[2025-11-20 10:41:23]   Architecture:
[2025-11-20 10:41:23]     Lookback: 50, Hidden: 128, Layers: 1, Dropout: 0.1
[2025-11-20 10:41:23]     Bidirectional: True, GRU: True
[2025-11-20 10:41:23]   Output Head:
[2025-11-20 10:41:23]     FC Layers: 1, FC Hidden: 128, Activation: relu
[2025-11-20 10:41:23]     FC Dropout: 0.1, Batch Norm: True
[2025-11-20 10:41:23]   Training:
[2025-11-20 10:41:23]     Batch Size: 128, LR: 0.0001, Weight Decay: 0.0001
[2025-11-20 10:41:23]     Optimizer: adam, Grad Clip: 5.0, LR Patience: 3
[2025-11-20 10:41:35]     Epoch  1/30: Val R²=-0.0256 Train R²=0.0781 Gap=0.1037 ✓
[2025-11-20 10:41:46]     Epoch  2/30: Val R²=0.0258 Train R²=0.2028 Gap=0.1770 ✓
[2025-11-20 10:41:57]     Epoch  3/30: Val R²=0.0331 Train R²=0.2619 Gap=0.2289 ✓
[2025-11-20 10:42:08]     Epoch  4/30: Val R²=0.0384 Train R²=0.2886 Gap=0.2502 ✓
[2025-11-20 10:42:19]     Epoch  5/30: Val R²=0.0314 Train R²=0.3063 Gap=0.2749  
[2025-11-20 10:42:29]     Epoch  6/30: Val R²=0.0502 Train R²=0.3112 Gap=0.2610 ✓
[2025-11-20 10:42:40]     Epoch  7/30: Val R²=0.0552 Train R²=0.3214 Gap=0.2662 ✓
[2025-11-20 10:42:51]     Epoch  8/30: Val R²=0.0501 Train R²=0.3271 Gap=0.2770  
[2025-11-20 10:43:02]     Epoch  9/30: Val R²=0.0670 Train R²=0.3307 Gap=0.2637 ✓
[2025-11-20 10:43:13]     Epoch 10/30: Val R²=0.0535 Train R²=0.3337 Gap=0.2802  
[2025-11-20 10:43:24]     Epoch 11/30: Val R²=0.0537 Train R²=0.3386 Gap=0.2849  
[2025-11-20 10:43:35]     Epoch 12/30: Val R²=0.0563 Train R²=0.3384 Gap=0.2821  
[2025-11-20 10:43:45]     Epoch 13/30: Val R²=0.0560 Train R²=0.3424 Gap=0.2864  
[2025-11-20 10:43:57]     Epoch 14/30: Val R²=0.0626 Train R²=0.3466 Gap=0.2840  
[2025-11-20 10:44:08]     Epoch 15/30: Val R²=0.0618 Train R²=0.3487 Gap=0.2869  
[2025-11-20 10:44:19]     Epoch 16/30: Val R²=0.0570 Train R²=0.3479 Gap=0.2910  
[2025-11-20 10:44:19]     Early stopped at epoch 16
[2025-11-20 10:44:19] 
======================================================================
[2025-11-20 10:44:19] Config 1/1000 Complete:
[2025-11-20 10:44:19]   Best Val R²: 0.067035 (epoch 9)
[2025-11-20 10:44:19]   Best Global R²: 0.010000
[2025-11-20 10:44:19]   Overfitting Gap: 0.263696
[2025-11-20 10:44:19]   Parameters: 538,912
[2025-11-20 10:44:19]   Training Time: 175.9s
[2025-11-20 10:44:19] 
🎉🎉🎉 NEW GLOBAL BEST! R² improved from 0.010000 to 0.067035
[2025-11-20 10:44:19] 
======================================================================
[2025-11-20 10:44:19] 🏆 CREATING SUBMISSION - NEW BEST MODEL!
[2025-11-20 10:44:19] ======================================================================
[2025-11-20 10:44:19]   Val R²: 0.067035
[2025-11-20 10:44:19]   Directory: ../submissions/bruteforce_r2_00670_20251120_104123_cfg1
[2025-11-20 10:44:19]   Saved model: model_best.pt
[2025-11-20 10:44:19]   Generated: solution.py
[2025-11-20 10:44:19]   Copied: utils.py
[2025-11-20 10:44:19]   Copied: models.py
[2025-11-20 10:44:19]   Saved: metadata.json
[2025-11-20 10:44:19] ======================================================================

[2025-11-20 10:44:19]   Results saved to models/test_bruteforce_search_results.csv
[2025-11-20 10:44:19] 
======================================================================
[2025-11-20 10:44:19] Config 2/1000 - Starting Training:
[2025-11-20 10:44:19]   Architecture:
[2025-11-20 10:44:19]     Lookback: 50, Hidden: 128, Layers: 1, Dropout: 0.1
[2025-11-20 10:44:19]     Bidirectional: True, GRU: True
[2025-11-20 10:44:19]   Output Head:
[2025-11-20 10:44:19]     FC Layers: 1, FC Hidden: 128, Activation: relu
[2025-11-20 10:44:19]     FC Dropout: 0.1, Batch Norm: True
[2025-11-20 10:44:19]   Training:
[2025-11-20 10:44:19]     Batch Size: 128, LR: 0.0001, Weight Decay: 0.0001
[2025-11-20 10:44:19]     Optimizer: adamw, Grad Clip: 5.0, LR Patience: 3
[2025-11-20 10:44:30]     Epoch  1/30: Val R²=-0.0366 Train R²=0.0859 Gap=0.1224 ✓
[2025-11-20 10:44:41]     Epoch  2/30: Val R²=0.0026 Train R²=0.2069 Gap=0.2043 ✓
[2025-11-20 10:44:53]     Epoch  3/30: Val R²=0.0260 Train R²=0.2587 Gap=0.2328 ✓
[2025-11-20 10:45:05]     Epoch  4/30: Val R²=0.0353 Train R²=0.2874 Gap=0.2521 ✓
[2025-11-20 10:45:16]     Epoch  5/30: Val R²=0.0434 Train R²=0.3030 Gap=0.2597 ✓
[2025-11-20 10:45:27]     Epoch  6/30: Val R²=0.0537 Train R²=0.3135 Gap=0.2598 ✓
[2025-11-20 10:45:39]     Epoch  7/30: Val R²=0.0411 Train R²=0.3212 Gap=0.2801  
[2025-11-20 10:45:51]     Epoch  8/30: Val R²=0.0580 Train R²=0.3290 Gap=0.2710 ✓
[2025-11-20 10:46:03]     Epoch  9/30: Val R²=0.0674 Train R²=0.3339 Gap=0.2665 ✓
[2025-11-20 10:46:14]     Epoch 10/30: Val R²=0.0667 Train R²=0.3362 Gap=0.2695  
[2025-11-20 10:46:25]     Epoch 11/30: Val R²=0.0570 Train R²=0.3362 Gap=0.2791  
[2025-11-20 10:46:36]     Epoch 12/30: Val R²=0.0703 Train R²=0.3433 Gap=0.2730 ✓
[2025-11-20 10:46:48]     Epoch 13/30: Val R²=0.0688 Train R²=0.3448 Gap=0.2760  
[2025-11-20 10:46:59]     Epoch 14/30: Val R²=0.0656 Train R²=0.3449 Gap=0.2793  
[2025-11-20 10:47:10]     Epoch 15/30: Val R²=0.0678 Train R²=0.3507 Gap=0.2830  
[2025-11-20 10:47:22]     Epoch 16/30: Val R²=0.0695 Train R²=0.3514 Gap=0.2820  
[2025-11-20 10:47:34]     Epoch 17/30: Val R²=0.0629 Train R²=0.3567 Gap=0.2938  
[2025-11-20 10:47:46]     Epoch 18/30: Val R²=0.0698 Train R²=0.3610 Gap=0.2912  
[2025-11-20 10:47:57]     Epoch 19/30: Val R²=0.0642 Train R²=0.3592 Gap=0.2949  
[2025-11-20 10:47:57]     Early stopped at epoch 19
[2025-11-20 10:47:57] 
======================================================================
[2025-11-20 10:47:57] Config 2/1000 Complete:
[2025-11-20 10:47:57]   Best Val R²: 0.070340 (epoch 12)
[2025-11-20 10:47:57]   Best Global R²: 0.067035
[2025-11-20 10:47:57]   Overfitting Gap: 0.272955
[2025-11-20 10:47:57]   Parameters: 538,912
[2025-11-20 10:47:57]   Training Time: 218.8s
[2025-11-20 10:47:57] 
🎉🎉🎉 NEW GLOBAL BEST! R² improved from 0.067035 to 0.070340
[2025-11-20 10:47:57] 
======================================================================
[2025-11-20 10:47:57] 🏆 CREATING SUBMISSION - NEW BEST MODEL!
[2025-11-20 10:47:57] ======================================================================
[2025-11-20 10:47:57]   Val R²: 0.070340
[2025-11-20 10:47:57]   Directory: ../submissions/bruteforce_r2_00703_20251120_104123_cfg2
[2025-11-20 10:47:58]   Saved model: model_best.pt
[2025-11-20 10:47:58]   Generated: solution.py
[2025-11-20 10:47:58]   Copied: utils.py
[2025-11-20 10:47:58]   Copied: models.py
[2025-11-20 10:47:58]   Saved: metadata.json
[2025-11-20 10:47:58] ======================================================================

[2025-11-20 10:47:58]   Results saved to models/test_bruteforce_search_results.csv
[2025-11-20 10:47:58] 
======================================================================
[2025-11-20 10:47:58] Config 3/1000 - Starting Training:
[2025-11-20 10:47:58]   Architecture:
[2025-11-20 10:47:58]     Lookback: 50, Hidden: 128, Layers: 1, Dropout: 0.1
[2025-11-20 10:47:58]     Bidirectional: True, GRU: True
[2025-11-20 10:47:58]   Output Head:
[2025-11-20 10:47:58]     FC Layers: 1, FC Hidden: 128, Activation: relu
[2025-11-20 10:47:58]     FC Dropout: 0.1, Batch Norm: True
[2025-11-20 10:47:58]   Training:
[2025-11-20 10:47:58]     Batch Size: 128, LR: 0.0005, Weight Decay: 0.0001
[2025-11-20 10:47:58]     Optimizer: adam, Grad Clip: 5.0, LR Patience: 3
[2025-11-20 10:48:09]     Epoch  1/30: Val R²=0.0118 Train R²=0.1984 Gap=0.1866 ✓
[2025-11-20 10:48:20]     Epoch  2/30: Val R²=0.0359 Train R²=0.3012 Gap=0.2653 ✓
[2025-11-20 10:48:31]     Epoch  3/30: Val R²=0.0572 Train R²=0.3225 Gap=0.2654 ✓
[2025-11-20 10:48:42]     Epoch  4/30: Val R²=0.0544 Train R²=0.3344 Gap=0.2799  
[2025-11-20 10:48:53]     Epoch  5/30: Val R²=0.0615 Train R²=0.3413 Gap=0.2797 ✓
[2025-11-20 10:49:04]     Epoch  6/30: Val R²=0.0512 Train R²=0.3460 Gap=0.2948  
[2025-11-20 10:49:15]     Epoch  7/30: Val R²=0.0458 Train R²=0.3481 Gap=0.3023  
[2025-11-20 10:49:26]     Epoch  8/30: Val R²=0.0511 Train R²=0.3546 Gap=0.3035  
[2025-11-20 10:49:37]     Epoch  9/30: Val R²=0.0630 Train R²=0.3575 Gap=0.2945 ✓
[2025-11-20 10:49:48]     Epoch 10/30: Val R²=0.0541 Train R²=0.3628 Gap=0.3087  
[2025-11-20 10:49:59]     Epoch 11/30: Val R²=0.0689 Train R²=0.3671 Gap=0.2982 ✓
[2025-11-20 10:50:10]     Epoch 12/30: Val R²=0.0582 Train R²=0.3657 Gap=0.3074  
[2025-11-20 10:50:21]     Epoch 13/30: Val R²=0.0431 Train R²=0.3763 Gap=0.3332  
[2025-11-20 10:50:32]     Epoch 14/30: Val R²=0.0539 Train R²=0.3748 Gap=0.3209  
[2025-11-20 10:50:43]     Epoch 15/30: Val R²=0.0460 Train R²=0.3791 Gap=0.3331  
[2025-11-20 10:50:54]     Epoch 16/30: Val R²=0.0718 Train R²=0.3916 Gap=0.3198 ✓
[2025-11-20 10:51:05]     Epoch 17/30: Val R²=0.0571 Train R²=0.3938 Gap=0.3367  
[2025-11-20 10:51:16]     Epoch 18/30: Val R²=0.0698 Train R²=0.3978 Gap=0.3280  
[2025-11-20 10:51:28]     Epoch 19/30: Val R²=0.0630 Train R²=0.4014 Gap=0.3384  
[2025-11-20 10:51:39]     Epoch 20/30: Val R²=0.0615 Train R²=0.4019 Gap=0.3405  
[2025-11-20 10:51:51]     Epoch 21/30: Val R²=0.0571 Train R²=0.4112 Gap=0.3541  
[2025-11-20 10:52:02]     Epoch 22/30: Val R²=0.0568 Train R²=0.4161 Gap=0.3593  
[2025-11-20 10:52:13]     Epoch 23/30: Val R²=0.0561 Train R²=0.4161 Gap=0.3600  
[2025-11-20 10:52:13]     Early stopped at epoch 23
[2025-11-20 10:52:13] 
======================================================================
[2025-11-20 10:52:13] Config 3/1000 Complete:
[2025-11-20 10:52:13]   Best Val R²: 0.071759 (epoch 16)
[2025-11-20 10:52:13]   Best Global R²: 0.070340
[2025-11-20 10:52:13]   Overfitting Gap: 0.319814
[2025-11-20 10:52:13]   Parameters: 538,912
[2025-11-20 10:52:13]   Training Time: 255.9s
[2025-11-20 10:52:13] 
🎉🎉🎉 NEW GLOBAL BEST! R² improved from 0.070340 to 0.071759
[2025-11-20 10:52:13] 
======================================================================
[2025-11-20 10:52:13] 🏆 CREATING SUBMISSION - NEW BEST MODEL!
[2025-11-20 10:52:13] ======================================================================
[2025-11-20 10:52:13]   Val R²: 0.071759
[2025-11-20 10:52:13]   Directory: ../submissions/bruteforce_r2_00718_20251120_104123_cfg3
[2025-11-20 10:52:13]   Saved model: model_best.pt
[2025-11-20 10:52:13]   Generated: solution.py
[2025-11-20 10:52:13]   Copied: utils.py
[2025-11-20 10:52:13]   Copied: models.py
[2025-11-20 10:52:13]   Saved: metadata.json
[2025-11-20 10:52:13] ======================================================================

[2025-11-20 10:52:13]   Results saved to models/test_bruteforce_search_results.csv
[2025-11-20 10:52:13] 
======================================================================
[2025-11-20 10:52:13] Config 4/1000 - Starting Training:
[2025-11-20 10:52:13]   Architecture:
[2025-11-20 10:52:13]     Lookback: 50, Hidden: 128, Layers: 1, Dropout: 0.1
[2025-11-20 10:52:13]     Bidirectional: True, GRU: True
[2025-11-20 10:52:13]   Output Head:
[2025-11-20 10:52:13]     FC Layers: 1, FC Hidden: 128, Activation: relu
[2025-11-20 10:52:13]     FC Dropout: 0.1, Batch Norm: True
[2025-11-20 10:52:13]   Training:
[2025-11-20 10:52:13]     Batch Size: 128, LR: 0.0005, Weight Decay: 0.0001
[2025-11-20 10:52:13]     Optimizer: adamw, Grad Clip: 5.0, LR Patience: 3
[2025-11-20 10:52:25]     Epoch  1/30: Val R²=0.0218 Train R²=0.1906 Gap=0.1688 ✓
[2025-11-20 10:52:36]     Epoch  2/30: Val R²=0.0419 Train R²=0.3013 Gap=0.2594 ✓
[2025-11-20 10:52:47]     Epoch  3/30: Val R²=0.0435 Train R²=0.3251 Gap=0.2816 ✓
[2025-11-20 10:52:58]     Epoch  4/30: Val R²=0.0354 Train R²=0.3352 Gap=0.2998  
[2025-11-20 10:53:09]     Epoch  5/30: Val R²=0.0550 Train R²=0.3411 Gap=0.2861 ✓
[2025-11-20 10:53:20]     Epoch  6/30: Val R²=0.0592 Train R²=0.3499 Gap=0.2907 ✓
[2025-11-20 10:53:31]     Epoch  7/30: Val R²=0.0502 Train R²=0.3573 Gap=0.3071  
[2025-11-20 10:53:42]     Epoch  8/30: Val R²=0.0619 Train R²=0.3605 Gap=0.2986 ✓
[2025-11-20 10:53:53]     Epoch  9/30: Val R²=0.0494 Train R²=0.3666 Gap=0.3173  
[2025-11-20 10:54:04]     Epoch 10/30: Val R²=0.0333 Train R²=0.3686 Gap=0.3353  
[2025-11-20 10:54:15]     Epoch 11/30: Val R²=0.0589 Train R²=0.3748 Gap=0.3159  
[2025-11-20 10:54:27]     Epoch 12/30: Val R²=0.0517 Train R²=0.3812 Gap=0.3295  
[2025-11-20 10:54:38]     Epoch 13/30: Val R²=0.0582 Train R²=0.3920 Gap=0.3338  
[2025-11-20 10:54:49]     Epoch 14/30: Val R²=0.0445 Train R²=0.3973 Gap=0.3529  
[2025-11-20 10:55:01]     Epoch 15/30: Val R²=0.0590 Train R²=0.3996 Gap=0.3405  
[2025-11-20 10:55:01]     Early stopped at epoch 15
[2025-11-20 10:55:01] 
======================================================================
[2025-11-20 10:55:01] Config 4/1000 Complete:
[2025-11-20 10:55:01]   Best Val R²: 0.061896 (epoch 8)
[2025-11-20 10:55:01]   Best Global R²: 0.071759
[2025-11-20 10:55:01]   Overfitting Gap: 0.298600
[2025-11-20 10:55:01]   Parameters: 538,912
[2025-11-20 10:55:01]   Training Time: 167.3s
[2025-11-20 10:55:01]   Not better than global best (0.071759)
[2025-11-20 10:55:01]   Results saved to models/test_bruteforce_search_results.csv
[2025-11-20 10:55:01] 
======================================================================
[2025-11-20 10:55:01] Config 5/1000 - Starting Training:
[2025-11-20 10:55:01]   Architecture:
[2025-11-20 10:55:01]     Lookback: 50, Hidden: 128, Layers: 1, Dropout: 0.1
[2025-11-20 10:55:01]     Bidirectional: True, GRU: True
[2025-11-20 10:55:01]   Output Head:
[2025-11-20 10:55:01]     FC Layers: 1, FC Hidden: 128, Activation: relu
[2025-11-20 10:55:01]     FC Dropout: 0.1, Batch Norm: False
[2025-11-20 10:55:01]   Training:
[2025-11-20 10:55:01]     Batch Size: 128, LR: 0.0001, Weight Decay: 0.0001
[2025-11-20 10:55:01]     Optimizer: adam, Grad Clip: 5.0, LR Patience: 3
[2025-11-20 10:55:12]     Epoch  1/30: Val R²=-0.0477 Train R²=0.0213 Gap=0.0690 ✓
[2025-11-20 10:55:23]     Epoch  2/30: Val R²=-0.0212 Train R²=0.1532 Gap=0.1744 ✓
[2025-11-20 10:55:34]     Epoch  3/30: Val R²=-0.0055 Train R²=0.2493 Gap=0.2548 ✓
[2025-11-20 10:55:45]     Epoch  4/30: Val R²=0.0039 Train R²=0.2838 Gap=0.2798 ✓
[2025-11-20 10:55:56]     Epoch  5/30: Val R²=0.0190 Train R²=0.3009 Gap=0.2820 ✓
[2025-11-20 10:56:06]     Epoch  6/30: Val R²=0.0308 Train R²=0.3112 Gap=0.2804 ✓
[2025-11-20 10:56:17]     Epoch  7/30: Val R²=0.0326 Train R²=0.3154 Gap=0.2827 ✓
[2025-11-20 10:56:28]     Epoch  8/30: Val R²=0.0328 Train R²=0.3217 Gap=0.2888 ✓
[2025-11-20 10:56:39]     Epoch  9/30: Val R²=0.0314 Train R²=0.3281 Gap=0.2967  
[2025-11-20 10:56:50]     Epoch 10/30: Val R²=0.0355 Train R²=0.3280 Gap=0.2926 ✓
[2025-11-20 10:57:01]     Epoch 11/30: Val R²=0.0442 Train R²=0.3301 Gap=0.2859 ✓
[2025-11-20 10:57:12]     Epoch 12/30: Val R²=0.0451 Train R²=0.3342 Gap=0.2891 ✓
[2025-11-20 10:57:22]     Epoch 13/30: Val R²=0.0381 Train R²=0.3375 Gap=0.2994  
[2025-11-20 10:57:33]     Epoch 14/30: Val R²=0.0444 Train R²=0.3395 Gap=0.2950  
[2025-11-20 10:57:44]     Epoch 15/30: Val R²=0.0374 Train R²=0.3412 Gap=0.3039  
[2025-11-20 10:57:55]     Epoch 16/30: Val R²=0.0420 Train R²=0.3407 Gap=0.2987  
[2025-11-20 10:58:07]     Epoch 17/30: Val R²=0.0440 Train R²=0.3443 Gap=0.3003  
[2025-11-20 10:58:18]     Epoch 18/30: Val R²=0.0404 Train R²=0.3459 Gap=0.3055  
[2025-11-20 10:58:29]     Epoch 19/30: Val R²=0.0401 Train R²=0.3462 Gap=0.3061  
[2025-11-20 10:58:29]     Early stopped at epoch 19
[2025-11-20 10:58:29] 
======================================================================
[2025-11-20 10:58:29] Config 5/1000 Complete:
[2025-11-20 10:58:29]   Best Val R²: 0.045051 (epoch 12)
[2025-11-20 10:58:29]   Best Global R²: 0.071759
[2025-11-20 10:58:29]   Overfitting Gap: 0.289109
[2025-11-20 10:58:29]   Parameters: 537,376
[2025-11-20 10:58:29]   Training Time: 208.3s
[2025-11-20 10:58:29]   Not better than global best (0.071759)
[2025-11-20 10:58:29]   Results saved to models/test_bruteforce_search_results.csv
[2025-11-20 10:58:29] 
======================================================================
[2025-11-20 10:58:29] Config 6/1000 - Starting Training:
[2025-11-20 10:58:29]   Architecture:
[2025-11-20 10:58:29]     Lookback: 50, Hidden: 128, Layers: 1, Dropout: 0.1
[2025-11-20 10:58:29]     Bidirectional: True, GRU: True
[2025-11-20 10:58:29]   Output Head:
[2025-11-20 10:58:29]     FC Layers: 1, FC Hidden: 128, Activation: relu
[2025-11-20 10:58:29]     FC Dropout: 0.1, Batch Norm: False
[2025-11-20 10:58:29]   Training:
[2025-11-20 10:58:29]     Batch Size: 128, LR: 0.0001, Weight Decay: 0.0001
[2025-11-20 10:58:29]     Optimizer: adamw, Grad Clip: 5.0, LR Patience: 3
[2025-11-20 10:58:40]     Epoch  1/30: Val R²=-0.0610 Train R²=0.0411 Gap=0.1020 ✓
[2025-11-20 10:58:51]     Epoch  2/30: Val R²=-0.0370 Train R²=0.1754 Gap=0.2124 ✓
[2025-11-20 10:59:01]     Epoch  3/30: Val R²=-0.0112 Train R²=0.2537 Gap=0.2649 ✓
[2025-11-20 10:59:12]     Epoch  4/30: Val R²=0.0134 Train R²=0.2818 Gap=0.2684 ✓
[2025-11-20 10:59:23]     Epoch  5/30: Val R²=0.0199 Train R²=0.2963 Gap=0.2764 ✓
[2025-11-20 10:59:34]     Epoch  6/30: Val R²=0.0255 Train R²=0.3052 Gap=0.2796 ✓
[2025-11-20 10:59:45]     Epoch  7/30: Val R²=0.0396 Train R²=0.3140 Gap=0.2744 ✓
[2025-11-20 10:59:56]     Epoch  8/30: Val R²=0.0300 Train R²=0.3199 Gap=0.2899  
[2025-11-20 11:00:07]     Epoch  9/30: Val R²=0.0392 Train R²=0.3225 Gap=0.2833  
[2025-11-20 11:00:18]     Epoch 10/30: Val R²=0.0328 Train R²=0.3258 Gap=0.2929  
[2025-11-20 11:00:29]     Epoch 11/30: Val R²=0.0426 Train R²=0.3310 Gap=0.2884 ✓
[2025-11-20 11:00:40]     Epoch 12/30: Val R²=0.0391 Train R²=0.3333 Gap=0.2942  
[2025-11-20 11:00:51]     Epoch 13/30: Val R²=0.0345 Train R²=0.3389 Gap=0.3045  
[2025-11-20 11:01:02]     Epoch 14/30: Val R²=0.0488 Train R²=0.3397 Gap=0.2909 ✓
[2025-11-20 11:01:13]     Epoch 15/30: Val R²=0.0418 Train R²=0.3428 Gap=0.3010  
[2025-11-20 11:01:25]     Epoch 16/30: Val R²=0.0490 Train R²=0.3455 Gap=0.2965 ✓
[2025-11-20 11:01:36]     Epoch 17/30: Val R²=0.0434 Train R²=0.3469 Gap=0.3035  
[2025-11-20 11:01:47]     Epoch 18/30: Val R²=0.0416 Train R²=0.3470 Gap=0.3053  
[2025-11-20 11:01:58]     Epoch 19/30: Val R²=0.0488 Train R²=0.3488 Gap=0.3000  
[2025-11-20 11:02:09]     Epoch 20/30: Val R²=0.0418 Train R²=0.3507 Gap=0.3089  
[2025-11-20 11:02:20]     Epoch 21/30: Val R²=0.0427 Train R²=0.3557 Gap=0.3130  
[2025-11-20 11:02:30]     Epoch 22/30: Val R²=0.0503 Train R²=0.3563 Gap=0.3060 ✓
[2025-11-20 11:02:41]     Epoch 23/30: Val R²=0.0486 Train R²=0.3570 Gap=0.3084  
[2025-11-20 11:02:52]     Epoch 24/30: Val R²=0.0485 Train R²=0.3584 Gap=0.3099  
[2025-11-20 11:03:03]     Epoch 25/30: Val R²=0.0484 Train R²=0.3588 Gap=0.3104  
[2025-11-20 11:03:14]     Epoch 26/30: Val R²=0.0462 Train R²=0.3589 Gap=0.3127  
[2025-11-20 11:03:25]     Epoch 27/30: Val R²=0.0500 Train R²=0.3590 Gap=0.3090  
[2025-11-20 11:03:36]     Epoch 28/30: Val R²=0.0495 Train R²=0.3615 Gap=0.3120  
[2025-11-20 11:03:47]     Epoch 29/30: Val R²=0.0510 Train R²=0.3608 Gap=0.3098 ✓
[2025-11-20 11:03:57]     Epoch 30/30: Val R²=0.0482 Train R²=0.3624 Gap=0.3143  
[2025-11-20 11:03:57] 
======================================================================
[2025-11-20 11:03:57] Config 6/1000 Complete:
[2025-11-20 11:03:57]   Best Val R²: 0.051003 (epoch 29)
[2025-11-20 11:03:57]   Best Global R²: 0.071759
[2025-11-20 11:03:57]   Overfitting Gap: 0.309826
[2025-11-20 11:03:57]   Parameters: 537,376
[2025-11-20 11:03:57]   Training Time: 328.5s
[2025-11-20 11:03:57]   Not better than global best (0.071759)
[2025-11-20 11:03:58]   Results saved to models/test_bruteforce_search_results.csv
[2025-11-20 11:03:58] 
======================================================================
[2025-11-20 11:03:58] Config 7/1000 - Starting Training:
[2025-11-20 11:03:58]   Architecture:
[2025-11-20 11:03:58]     Lookback: 50, Hidden: 128, Layers: 1, Dropout: 0.1
[2025-11-20 11:03:58]     Bidirectional: True, GRU: True
[2025-11-20 11:03:58]   Output Head:
[2025-11-20 11:03:58]     FC Layers: 1, FC Hidden: 128, Activation: relu
[2025-11-20 11:03:58]     FC Dropout: 0.1, Batch Norm: False
[2025-11-20 11:03:58]   Training:
[2025-11-20 11:03:58]     Batch Size: 128, LR: 0.0005, Weight Decay: 0.0001
[2025-11-20 11:03:58]     Optimizer: adam, Grad Clip: 5.0, LR Patience: 3
[2025-11-20 11:04:08]     Epoch  1/30: Val R²=0.0009 Train R²=0.1805 Gap=0.1796 ✓
[2025-11-20 11:04:19]     Epoch  2/30: Val R²=0.0395 Train R²=0.3026 Gap=0.2631 ✓
[2025-11-20 11:04:30]     Epoch  3/30: Val R²=0.0395 Train R²=0.3216 Gap=0.2822  
[2025-11-20 11:04:42]     Epoch  4/30: Val R²=0.0459 Train R²=0.3318 Gap=0.2858 ✓
[2025-11-20 11:04:53]     Epoch  5/30: Val R²=0.0462 Train R²=0.3400 Gap=0.2939 ✓
[2025-11-20 11:05:04]     Epoch  6/30: Val R²=0.0393 Train R²=0.3467 Gap=0.3074  
[2025-11-20 11:05:15]     Epoch  7/30: Val R²=0.0381 Train R²=0.3488 Gap=0.3107  
[2025-11-20 11:05:26]     Epoch  8/30: Val R²=0.0402 Train R²=0.3526 Gap=0.3124  
[2025-11-20 11:05:37]     Epoch  9/30: Val R²=0.0357 Train R²=0.3583 Gap=0.3226  
[2025-11-20 11:05:47]     Epoch 10/30: Val R²=0.0417 Train R²=0.3625 Gap=0.3208  
[2025-11-20 11:05:59]     Epoch 11/30: Val R²=0.0407 Train R²=0.3647 Gap=0.3240  
[2025-11-20 11:06:11]     Epoch 12/30: Val R²=0.0635 Train R²=0.3650 Gap=0.3015 ✓
[2025-11-20 11:06:22]     Epoch 13/30: Val R²=0.0499 Train R²=0.3685 Gap=0.3186  
[2025-11-20 11:06:33]     Epoch 14/30: Val R²=0.0626 Train R²=0.3697 Gap=0.3071  
[2025-11-20 11:06:44]     Epoch 15/30: Val R²=0.0490 Train R²=0.3724 Gap=0.3234  
[2025-11-20 11:06:55]     Epoch 16/30: Val R²=0.0582 Train R²=0.3710 Gap=0.3128  
[2025-11-20 11:07:06]     Epoch 17/30: Val R²=0.0600 Train R²=0.3782 Gap=0.3181  
[2025-11-20 11:07:17]     Epoch 18/30: Val R²=0.0532 Train R²=0.3793 Gap=0.3262  
[2025-11-20 11:07:28]     Epoch 19/30: Val R²=0.0535 Train R²=0.3803 Gap=0.3269  
[2025-11-20 11:07:28]     Early stopped at epoch 19
[2025-11-20 11:07:28] 
======================================================================
[2025-11-20 11:07:28] Config 7/1000 Complete:
[2025-11-20 11:07:28]   Best Val R²: 0.063494 (epoch 12)
[2025-11-20 11:07:28]   Best Global R²: 0.071759
[2025-11-20 11:07:28]   Overfitting Gap: 0.301527
[2025-11-20 11:07:28]   Parameters: 537,376
[2025-11-20 11:07:28]   Training Time: 210.4s
[2025-11-20 11:07:28]   Not better than global best (0.071759)
[2025-11-20 11:07:28]   Results saved to models/test_bruteforce_search_results.csv
[2025-11-20 11:07:28] 
======================================================================
[2025-11-20 11:07:28] Config 8/1000 - Starting Training:
[2025-11-20 11:07:28]   Architecture:
[2025-11-20 11:07:28]     Lookback: 50, Hidden: 128, Layers: 1, Dropout: 0.1
[2025-11-20 11:07:28]     Bidirectional: True, GRU: True
[2025-11-20 11:07:28]   Output Head:
[2025-11-20 11:07:28]     FC Layers: 1, FC Hidden: 128, Activation: relu
[2025-11-20 11:07:28]     FC Dropout: 0.1, Batch Norm: False
[2025-11-20 11:07:28]   Training:
[2025-11-20 11:07:28]     Batch Size: 128, LR: 0.0005, Weight Decay: 0.0001
[2025-11-20 11:07:28]     Optimizer: adamw, Grad Clip: 5.0, LR Patience: 3
[2025-11-20 11:07:39]     Epoch  1/30: Val R²=0.0003 Train R²=0.1787 Gap=0.1784 ✓
[2025-11-20 11:07:51]     Epoch  2/30: Val R²=0.0252 Train R²=0.3037 Gap=0.2785 ✓
[2025-11-20 11:08:02]     Epoch  3/30: Val R²=0.0473 Train R²=0.3215 Gap=0.2742 ✓
[2025-11-20 11:08:12]     Epoch  4/30: Val R²=0.0400 Train R²=0.3345 Gap=0.2945  
[2025-11-20 11:08:23]     Epoch  5/30: Val R²=0.0439 Train R²=0.3414 Gap=0.2975  
[2025-11-20 11:08:34]     Epoch  6/30: Val R²=0.0520 Train R²=0.3474 Gap=0.2954 ✓
[2025-11-20 11:08:45]     Epoch  7/30: Val R²=0.0530 Train R²=0.3525 Gap=0.2996 ✓
[2025-11-20 11:08:55]     Epoch  8/30: Val R²=0.0652 Train R²=0.3573 Gap=0.2921 ✓
[2025-11-20 11:09:06]     Epoch  9/30: Val R²=0.0448 Train R²=0.3593 Gap=0.3145  
[2025-11-20 11:09:17]     Epoch 10/30: Val R²=0.0480 Train R²=0.3642 Gap=0.3163  
[2025-11-20 11:09:27]     Epoch 11/30: Val R²=0.0567 Train R²=0.3694 Gap=0.3127  
[2025-11-20 11:09:38]     Epoch 12/30: Val R²=0.0445 Train R²=0.3761 Gap=0.3316  
[2025-11-20 11:09:49]     Epoch 13/30: Val R²=0.0558 Train R²=0.3832 Gap=0.3275  
[2025-11-20 11:10:00]     Epoch 14/30: Val R²=0.0382 Train R²=0.3857 Gap=0.3475  
[2025-11-20 11:10:11]     Epoch 15/30: Val R²=0.0381 Train R²=0.3919 Gap=0.3538  
[2025-11-20 11:10:11]     Early stopped at epoch 15
[2025-11-20 11:10:11] 
======================================================================
[2025-11-20 11:10:11] Config 8/1000 Complete:
[2025-11-20 11:10:11]   Best Val R²: 0.065213 (epoch 8)
[2025-11-20 11:10:11]   Best Global R²: 0.071759
[2025-11-20 11:10:11]   Overfitting Gap: 0.292111
[2025-11-20 11:10:11]   Parameters: 537,376
[2025-11-20 11:10:11]   Training Time: 162.8s
[2025-11-20 11:10:11]   Not better than global best (0.071759)
[2025-11-20 11:10:11]   Results saved to models/test_bruteforce_search_results.csv
[2025-11-20 11:10:11] 
======================================================================
[2025-11-20 11:10:11] Config 9/1000 - Starting Training:
[2025-11-20 11:10:11]   Architecture:
[2025-11-20 11:10:11]     Lookback: 50, Hidden: 128, Layers: 1, Dropout: 0.1
[2025-11-20 11:10:11]     Bidirectional: True, GRU: True
[2025-11-20 11:10:11]   Output Head:
[2025-11-20 11:10:11]     FC Layers: 1, FC Hidden: 128, Activation: relu
[2025-11-20 11:10:11]     FC Dropout: 0.3, Batch Norm: True
[2025-11-20 11:10:11]   Training:
[2025-11-20 11:10:11]     Batch Size: 128, LR: 0.0001, Weight Decay: 0.0001
[2025-11-20 11:10:11]     Optimizer: adam, Grad Clip: 5.0, LR Patience: 3
[2025-11-20 11:10:22]     Epoch  1/30: Val R²=-0.0352 Train R²=0.0814 Gap=0.1166 ✓
[2025-11-20 11:10:33]     Epoch  2/30: Val R²=0.0015 Train R²=0.2029 Gap=0.2014 ✓
[2025-11-20 11:10:44]     Epoch  3/30: Val R²=0.0179 Train R²=0.2627 Gap=0.2447 ✓
[2025-11-20 11:10:55]     Epoch  4/30: Val R²=0.0166 Train R²=0.2938 Gap=0.2772  
[2025-11-20 11:11:07]     Epoch  5/30: Val R²=0.0227 Train R²=0.3068 Gap=0.2841 ✓
[2025-11-20 11:11:18]     Epoch  6/30: Val R²=0.0375 Train R²=0.3147 Gap=0.2772 ✓
[2025-11-20 11:11:29]     Epoch  7/30: Val R²=0.0380 Train R²=0.3227 Gap=0.2847 ✓
[2025-11-20 11:11:39]     Epoch  8/30: Val R²=0.0390 Train R²=0.3305 Gap=0.2915 ✓
[2025-11-20 11:11:50]     Epoch  9/30: Val R²=0.0421 Train R²=0.3337 Gap=0.2916 ✓
[2025-11-20 11:12:01]     Epoch 10/30: Val R²=0.0371 Train R²=0.3370 Gap=0.2999  
[2025-11-20 11:12:12]     Epoch 11/30: Val R²=0.0366 Train R²=0.3418 Gap=0.3052  
[2025-11-20 11:12:23]     Epoch 12/30: Val R²=0.0413 Train R²=0.3418 Gap=0.3005  
[2025-11-20 11:12:33]     Epoch 13/30: Val R²=0.0417 Train R²=0.3455 Gap=0.3038  
[2025-11-20 11:12:44]     Epoch 14/30: Val R²=0.0477 Train R²=0.3475 Gap=0.2998 ✓
[2025-11-20 11:12:55]     Epoch 15/30: Val R²=0.0420 Train R²=0.3516 Gap=0.3096  
[2025-11-20 11:13:06]     Epoch 16/30: Val R²=0.0448 Train R²=0.3510 Gap=0.3062  
[2025-11-20 11:13:17]     Epoch 17/30: Val R²=0.0466 Train R²=0.3537 Gap=0.3071  
[2025-11-20 11:13:28]     Epoch 18/30: Val R²=0.0493 Train R²=0.3538 Gap=0.3045 ✓
[2025-11-20 11:13:39]     Epoch 19/30: Val R²=0.0543 Train R²=0.3574 Gap=0.3031 ✓
[2025-11-20 11:13:50]     Epoch 20/30: Val R²=0.0493 Train R²=0.3576 Gap=0.3083  
[2025-11-20 11:14:01]     Epoch 21/30: Val R²=0.0536 Train R²=0.3582 Gap=0.3046  
[2025-11-20 11:14:12]     Epoch 22/30: Val R²=0.0501 Train R²=0.3606 Gap=0.3105  
[2025-11-20 11:14:23]     Epoch 23/30: Val R²=0.0517 Train R²=0.3605 Gap=0.3088  
[2025-11-20 11:14:34]     Epoch 24/30: Val R²=0.0504 Train R²=0.3650 Gap=0.3146  
[2025-11-20 11:14:45]     Epoch 25/30: Val R²=0.0517 Train R²=0.3646 Gap=0.3130  
[2025-11-20 11:14:56]     Epoch 26/30: Val R²=0.0491 Train R²=0.3623 Gap=0.3132  
[2025-11-20 11:14:56]     Early stopped at epoch 26
[2025-11-20 11:14:56] 
======================================================================
[2025-11-20 11:14:56] Config 9/1000 Complete:
[2025-11-20 11:14:56]   Best Val R²: 0.054339 (epoch 19)
[2025-11-20 11:14:56]   Best Global R²: 0.071759
[2025-11-20 11:14:56]   Overfitting Gap: 0.303086
[2025-11-20 11:14:56]   Parameters: 538,912
[2025-11-20 11:14:56]   Training Time: 285.6s
[2025-11-20 11:14:56]   Not better than global best (0.071759)
[2025-11-20 11:14:56]   Results saved to models/test_bruteforce_search_results.csv
[2025-11-20 11:14:56] 
======================================================================
[2025-11-20 11:14:56] Config 10/1000 - Starting Training:
[2025-11-20 11:14:56]   Architecture:
[2025-11-20 11:14:56]     Lookback: 50, Hidden: 128, Layers: 1, Dropout: 0.1
[2025-11-20 11:14:56]     Bidirectional: True, GRU: True
[2025-11-20 11:14:56]   Output Head:
[2025-11-20 11:14:56]     FC Layers: 1, FC Hidden: 128, Activation: relu
[2025-11-20 11:14:56]     FC Dropout: 0.3, Batch Norm: True
[2025-11-20 11:14:56]   Training:
[2025-11-20 11:14:56]     Batch Size: 128, LR: 0.0001, Weight Decay: 0.0001
[2025-11-20 11:14:56]     Optimizer: adamw, Grad Clip: 5.0, LR Patience: 3
[2025-11-20 11:15:07]     Epoch  1/30: Val R²=-0.0231 Train R²=0.0663 Gap=0.0893 ✓
[2025-11-20 11:15:18]     Epoch  2/30: Val R²=0.0201 Train R²=0.1887 Gap=0.1686 ✓
[2025-11-20 11:15:29]     Epoch  3/30: Val R²=0.0275 Train R²=0.2550 Gap=0.2276 ✓
[2025-11-20 11:15:40]     Epoch  4/30: Val R²=0.0412 Train R²=0.2858 Gap=0.2446 ✓
[2025-11-20 11:15:50]     Epoch  5/30: Val R²=0.0554 Train R²=0.3039 Gap=0.2485 ✓
[2025-11-20 11:16:01]     Epoch  6/30: Val R²=0.0540 Train R²=0.3104 Gap=0.2564  
[2025-11-20 11:16:12]     Epoch  7/30: Val R²=0.0540 Train R²=0.3194 Gap=0.2654  
[2025-11-20 11:16:23]     Epoch  8/30: Val R²=0.0545 Train R²=0.3244 Gap=0.2699  
[2025-11-20 11:16:34]     Epoch  9/30: Val R²=0.0583 Train R²=0.3310 Gap=0.2727 ✓
[2025-11-20 11:16:44]     Epoch 10/30: Val R²=0.0575 Train R²=0.3342 Gap=0.2767  
[2025-11-20 11:16:55]     Epoch 11/30: Val R²=0.0593 Train R²=0.3387 Gap=0.2794 ✓
[2025-11-20 11:17:06]     Epoch 12/30: Val R²=0.0548 Train R²=0.3376 Gap=0.2828  
[2025-11-20 11:17:17]     Epoch 13/30: Val R²=0.0514 Train R²=0.3464 Gap=0.2950  
[2025-11-20 11:17:29]     Epoch 14/30: Val R²=0.0582 Train R²=0.3463 Gap=0.2881  
[2025-11-20 11:17:40]     Epoch 15/30: Val R²=0.0573 Train R²=0.3513 Gap=0.2939  
[2025-11-20 11:17:51]     Epoch 16/30: Val R²=0.0588 Train R²=0.3521 Gap=0.2933  
[2025-11-20 11:18:02]     Epoch 17/30: Val R²=0.0591 Train R²=0.3573 Gap=0.2983  
[2025-11-20 11:18:13]     Epoch 18/30: Val R²=0.0582 Train R²=0.3544 Gap=0.2962  
[2025-11-20 11:18:13]     Early stopped at epoch 18
[2025-11-20 11:18:13] 
======================================================================
[2025-11-20 11:18:13] Config 10/1000 Complete:
[2025-11-20 11:18:13]   Best Val R²: 0.059319 (epoch 11)
[2025-11-20 11:18:13]   Best Global R²: 0.071759
[2025-11-20 11:18:13]   Overfitting Gap: 0.279366
[2025-11-20 11:18:13]   Parameters: 538,912
[2025-11-20 11:18:13]   Training Time: 196.7s
[2025-11-20 11:18:13]   Not better than global best (0.071759)
[2025-11-20 11:18:13]   Results saved to models/test_bruteforce_search_results.csv
[2025-11-20 11:18:13] 
======================================================================
[2025-11-20 11:18:13] Config 11/1000 - Starting Training:
[2025-11-20 11:18:13]   Architecture:
[2025-11-20 11:18:13]     Lookback: 50, Hidden: 128, Layers: 1, Dropout: 0.1
[2025-11-20 11:18:13]     Bidirectional: True, GRU: True
[2025-11-20 11:18:13]   Output Head:
[2025-11-20 11:18:13]     FC Layers: 1, FC Hidden: 128, Activation: relu
[2025-11-20 11:18:13]     FC Dropout: 0.3, Batch Norm: True
[2025-11-20 11:18:13]   Training:
[2025-11-20 11:18:13]     Batch Size: 128, LR: 0.0005, Weight Decay: 0.0001
[2025-11-20 11:18:13]     Optimizer: adam, Grad Clip: 5.0, LR Patience: 3
[2025-11-20 11:18:24]     Epoch  1/30: Val R²=0.0086 Train R²=0.1880 Gap=0.1795 ✓
[2025-11-20 11:18:35]     Epoch  2/30: Val R²=0.0154 Train R²=0.3014 Gap=0.2860 ✓
[2025-11-20 11:18:46]     Epoch  3/30: Val R²=0.0098 Train R²=0.3233 Gap=0.3135  
[2025-11-20 11:18:57]     Epoch  4/30: Val R²=0.0690 Train R²=0.3345 Gap=0.2655 ✓
[2025-11-20 11:19:08]     Epoch  5/30: Val R²=0.0557 Train R²=0.3397 Gap=0.2840  
[2025-11-20 11:19:19]     Epoch  6/30: Val R²=0.0458 Train R²=0.3435 Gap=0.2977  
[2025-11-20 11:19:29]     Epoch  7/30: Val R²=0.0522 Train R²=0.3518 Gap=0.2996  
[2025-11-20 11:19:40]     Epoch  8/30: Val R²=0.0545 Train R²=0.3569 Gap=0.3024  
[2025-11-20 11:19:51]     Epoch  9/30: Val R²=0.0679 Train R²=0.3624 Gap=0.2945  
[2025-11-20 11:20:02]     Epoch 10/30: Val R²=0.0588 Train R²=0.3704 Gap=0.3117  
[2025-11-20 11:20:12]     Epoch 11/30: Val R²=0.0516 Train R²=0.3726 Gap=0.3209  
[2025-11-20 11:20:12]     Early stopped at epoch 11
[2025-11-20 11:20:12] 
======================================================================
[2025-11-20 11:20:12] Config 11/1000 Complete:
[2025-11-20 11:20:12]   Best Val R²: 0.068981 (epoch 4)
[2025-11-20 11:20:12]   Best Global R²: 0.071759
[2025-11-20 11:20:12]   Overfitting Gap: 0.265502
[2025-11-20 11:20:12]   Parameters: 538,912
[2025-11-20 11:20:12]   Training Time: 119.3s
[2025-11-20 11:20:12]   Not better than global best (0.071759)
[2025-11-20 11:20:12]   Results saved to models/test_bruteforce_search_results.csv
[2025-11-20 11:20:12] 
======================================================================
[2025-11-20 11:20:12] Config 12/1000 - Starting Training:
[2025-11-20 11:20:12]   Architecture:
[2025-11-20 11:20:12]     Lookback: 50, Hidden: 128, Layers: 1, Dropout: 0.1
[2025-11-20 11:20:12]     Bidirectional: True, GRU: True
[2025-11-20 11:20:12]   Output Head:
[2025-11-20 11:20:12]     FC Layers: 1, FC Hidden: 128, Activation: relu
[2025-11-20 11:20:12]     FC Dropout: 0.3, Batch Norm: True
[2025-11-20 11:20:12]   Training:
[2025-11-20 11:20:12]     Batch Size: 128, LR: 0.0005, Weight Decay: 0.0001
[2025-11-20 11:20:12]     Optimizer: adamw, Grad Clip: 5.0, LR Patience: 3
[2025-11-20 11:20:23]     Epoch  1/30: Val R²=0.0037 Train R²=0.2060 Gap=0.2023 ✓
[2025-11-20 11:20:34]     Epoch  2/30: Val R²=0.0624 Train R²=0.3027 Gap=0.2403 ✓
[2025-11-20 11:20:46]     Epoch  3/30: Val R²=0.0479 Train R²=0.3241 Gap=0.2762  
[2025-11-20 11:20:57]     Epoch  4/30: Val R²=0.0496 Train R²=0.3348 Gap=0.2851  
[2025-11-20 11:21:08]     Epoch  5/30: Val R²=0.0569 Train R²=0.3423 Gap=0.2853  
[2025-11-20 11:21:19]     Epoch  6/30: Val R²=0.0521 Train R²=0.3483 Gap=0.2962  
[2025-11-20 11:21:30]     Epoch  7/30: Val R²=0.0493 Train R²=0.3593 Gap=0.3100  
[2025-11-20 11:21:41]     Epoch  8/30: Val R²=0.0492 Train R²=0.3606 Gap=0.3113  
[2025-11-20 11:21:52]     Epoch  9/30: Val R²=0.0489 Train R²=0.3650 Gap=0.3161  
[2025-11-20 11:21:52]     Early stopped at epoch 9
[2025-11-20 11:21:52] 
======================================================================
[2025-11-20 11:21:52] Config 12/1000 Complete:
[2025-11-20 11:21:52]   Best Val R²: 0.062420 (epoch 2)
[2025-11-20 11:21:52]   Best Global R²: 0.071759
[2025-11-20 11:21:52]   Overfitting Gap: 0.240316
[2025-11-20 11:21:52]   Parameters: 538,912
[2025-11-20 11:21:52]   Training Time: 100.1s
[2025-11-20 11:21:52]   Not better than global best (0.071759)
[2025-11-20 11:21:52]   Results saved to models/test_bruteforce_search_results.csv
[2025-11-20 11:21:52] 
======================================================================
[2025-11-20 11:21:52] Config 13/1000 - Starting Training:
[2025-11-20 11:21:52]   Architecture:
[2025-11-20 11:21:52]     Lookback: 50, Hidden: 128, Layers: 1, Dropout: 0.1
[2025-11-20 11:21:52]     Bidirectional: True, GRU: True
[2025-11-20 11:21:52]   Output Head:
[2025-11-20 11:21:52]     FC Layers: 1, FC Hidden: 128, Activation: relu
[2025-11-20 11:21:52]     FC Dropout: 0.3, Batch Norm: False
[2025-11-20 11:21:52]   Training:
[2025-11-20 11:21:52]     Batch Size: 128, LR: 0.0001, Weight Decay: 0.0001
[2025-11-20 11:21:52]     Optimizer: adam, Grad Clip: 5.0, LR Patience: 3
[2025-11-20 11:22:04]     Epoch  1/30: Val R²=-0.0718 Train R²=0.0432 Gap=0.1151 ✓
[2025-11-20 11:22:15]     Epoch  2/30: Val R²=-0.0261 Train R²=0.1712 Gap=0.1973 ✓
[2025-11-20 11:22:27]     Epoch  3/30: Val R²=-0.0069 Train R²=0.2473 Gap=0.2542 ✓
[2025-11-20 11:22:38]     Epoch  4/30: Val R²=0.0099 Train R²=0.2810 Gap=0.2711 ✓
[2025-11-20 11:22:50]     Epoch  5/30: Val R²=0.0211 Train R²=0.2958 Gap=0.2746 ✓
[2025-11-20 11:23:02]     Epoch  6/30: Val R²=0.0285 Train R²=0.3043 Gap=0.2759 ✓
[2025-11-20 11:23:13]     Epoch  7/30: Val R²=0.0231 Train R²=0.3112 Gap=0.2881  
[2025-11-20 11:23:25]     Epoch  8/30: Val R²=0.0410 Train R²=0.3158 Gap=0.2748 ✓
[2025-11-20 11:23:37]     Epoch  9/30: Val R²=0.0365 Train R²=0.3201 Gap=0.2836  
[2025-11-20 11:23:49]     Epoch 10/30: Val R²=0.0294 Train R²=0.3249 Gap=0.2955  
[2025-11-20 11:24:01]     Epoch 11/30: Val R²=0.0416 Train R²=0.3272 Gap=0.2856 ✓
[2025-11-20 11:24:13]     Epoch 12/30: Val R²=0.0348 Train R²=0.3314 Gap=0.2967  
[2025-11-20 11:24:25]     Epoch 13/30: Val R²=0.0361 Train R²=0.3332 Gap=0.2971  
[2025-11-20 11:24:37]     Epoch 14/30: Val R²=0.0346 Train R²=0.3370 Gap=0.3024  
[2025-11-20 11:24:49]     Epoch 15/30: Val R²=0.0455 Train R²=0.3366 Gap=0.2911 ✓
[2025-11-20 11:25:01]     Epoch 16/30: Val R²=0.0525 Train R²=0.3397 Gap=0.2872 ✓
[2025-11-20 11:25:14]     Epoch 17/30: Val R²=0.0441 Train R²=0.3436 Gap=0.2995  
[2025-11-20 11:25:26]     Epoch 18/30: Val R²=0.0401 Train R²=0.3454 Gap=0.3054  
[2025-11-20 11:25:39]     Epoch 19/30: Val R²=0.0376 Train R²=0.3465 Gap=0.3089  
[2025-11-20 11:25:51]     Epoch 20/30: Val R²=0.0488 Train R²=0.3477 Gap=0.2989  
[2025-11-20 11:26:04]     Epoch 21/30: Val R²=0.0463 Train R²=0.3493 Gap=0.3031  
[2025-11-20 11:26:17]     Epoch 22/30: Val R²=0.0498 Train R²=0.3510 Gap=0.3012  
[2025-11-20 11:26:29]     Epoch 23/30: Val R²=0.0473 Train R²=0.3530 Gap=0.3057  
[2025-11-20 11:26:29]     Early stopped at epoch 23
[2025-11-20 11:26:29] 
======================================================================
[2025-11-20 11:26:29] Config 13/1000 Complete:
[2025-11-20 11:26:29]   Best Val R²: 0.052490 (epoch 16)
[2025-11-20 11:26:29]   Best Global R²: 0.071759
[2025-11-20 11:26:29]   Overfitting Gap: 0.287198
[2025-11-20 11:26:29]   Parameters: 537,376
[2025-11-20 11:26:29]   Training Time: 277.0s
[2025-11-20 11:26:29]   Not better than global best (0.071759)
[2025-11-20 11:26:29]   Results saved to models/test_bruteforce_search_results.csv
[2025-11-20 11:26:29] 
======================================================================
[2025-11-20 11:26:29] Config 14/1000 - Starting Training:
[2025-11-20 11:26:29]   Architecture:
[2025-11-20 11:26:29]     Lookback: 50, Hidden: 128, Layers: 1, Dropout: 0.1
[2025-11-20 11:26:29]     Bidirectional: True, GRU: True
[2025-11-20 11:26:29]   Output Head:
[2025-11-20 11:26:29]     FC Layers: 1, FC Hidden: 128, Activation: relu
[2025-11-20 11:26:29]     FC Dropout: 0.3, Batch Norm: False
[2025-11-20 11:26:29]   Training:
[2025-11-20 11:26:29]     Batch Size: 128, LR: 0.0001, Weight Decay: 0.0001
[2025-11-20 11:26:29]     Optimizer: adamw, Grad Clip: 5.0, LR Patience: 3
[2025-11-20 11:26:42]     Epoch  1/30: Val R²=-0.0695 Train R²=0.0384 Gap=0.1079 ✓
[2025-11-20 11:26:55]     Epoch  2/30: Val R²=-0.0292 Train R²=0.1837 Gap=0.2130 ✓
[2025-11-20 11:27:09]     Epoch  3/30: Val R²=-0.0075 Train R²=0.2535 Gap=0.2610 ✓
[2025-11-20 11:27:22]     Epoch  4/30: Val R²=0.0010 Train R²=0.2812 Gap=0.2802 ✓
[2025-11-20 11:27:34]     Epoch  5/30: Val R²=0.0178 Train R²=0.2953 Gap=0.2775 ✓
[2025-11-20 11:27:46]     Epoch  6/30: Val R²=0.0194 Train R²=0.3026 Gap=0.2832 ✓
[2025-11-20 11:27:59]     Epoch  7/30: Val R²=0.0344 Train R²=0.3097 Gap=0.2753 ✓
[2025-11-20 11:28:12]     Epoch  8/30: Val R²=0.0355 Train R²=0.3125 Gap=0.2770 ✓
[2025-11-20 11:28:24]     Epoch  9/30: Val R²=0.0433 Train R²=0.3169 Gap=0.2737 ✓
[2025-11-20 11:28:37]     Epoch 10/30: Val R²=0.0340 Train R²=0.3209 Gap=0.2869  
[2025-11-20 11:28:49]     Epoch 11/30: Val R²=0.0497 Train R²=0.3273 Gap=0.2775 ✓
[2025-11-20 11:29:02]     Epoch 12/30: Val R²=0.0483 Train R²=0.3294 Gap=0.2811  
[2025-11-20 11:29:15]     Epoch 13/30: Val R²=0.0468 Train R²=0.3325 Gap=0.2857  
[2025-11-20 11:29:28]     Epoch 14/30: Val R²=0.0420 Train R²=0.3343 Gap=0.2923  
[2025-11-20 11:29:41]     Epoch 15/30: Val R²=0.0503 Train R²=0.3384 Gap=0.2881 ✓
[2025-11-20 11:29:53]     Epoch 16/30: Val R²=0.0488 Train R²=0.3398 Gap=0.2910  
[2025-11-20 11:30:06]     Epoch 17/30: Val R²=0.0525 Train R²=0.3420 Gap=0.2895 ✓
[2025-11-20 11:30:20]     Epoch 18/30: Val R²=0.0504 Train R²=0.3423 Gap=0.2919  
[2025-11-20 11:30:33]     Epoch 19/30: Val R²=0.0512 Train R²=0.3458 Gap=0.2946  
[2025-11-20 11:30:46]     Epoch 20/30: Val R²=0.0544 Train R²=0.3476 Gap=0.2932 ✓
[2025-11-20 11:30:59]     Epoch 21/30: Val R²=0.0532 Train R²=0.3490 Gap=0.2957  
[2025-11-20 11:31:12]     Epoch 22/30: Val R²=0.0542 Train R²=0.3514 Gap=0.2972  
[2025-11-20 11:31:25]     Epoch 23/30: Val R²=0.0498 Train R²=0.3534 Gap=0.3036  
[2025-11-20 11:31:38]     Epoch 24/30: Val R²=0.0376 Train R²=0.3530 Gap=0.3154  
[2025-11-20 11:31:50]     Epoch 25/30: Val R²=0.0565 Train R²=0.3574 Gap=0.3010 ✓
[2025-11-20 11:32:03]     Epoch 26/30: Val R²=0.0562 Train R²=0.3573 Gap=0.3011  
[2025-11-20 11:32:15]     Epoch 27/30: Val R²=0.0479 Train R²=0.3578 Gap=0.3099  
[2025-11-20 11:32:28]     Epoch 28/30: Val R²=0.0514 Train R²=0.3580 Gap=0.3065  
[2025-11-20 11:32:40]     Epoch 29/30: Val R²=0.0498 Train R²=0.3598 Gap=0.3100  
[2025-11-20 11:32:53]     Epoch 30/30: Val R²=0.0530 Train R²=0.3643 Gap=0.3113  
[2025-11-20 11:32:53] 
======================================================================
[2025-11-20 11:32:53] Config 14/1000 Complete:
[2025-11-20 11:32:53]   Best Val R²: 0.056454 (epoch 25)
[2025-11-20 11:32:53]   Best Global R²: 0.071759
[2025-11-20 11:32:53]   Overfitting Gap: 0.300989
[2025-11-20 11:32:53]   Parameters: 537,376
[2025-11-20 11:32:53]   Training Time: 383.4s
[2025-11-20 11:32:53]   Not better than global best (0.071759)
[2025-11-20 11:32:53]   Results saved to models/test_bruteforce_search_results.csv
[2025-11-20 11:32:53] 
======================================================================
[2025-11-20 11:32:53] Config 15/1000 - Starting Training:
[2025-11-20 11:32:53]   Architecture:
[2025-11-20 11:32:53]     Lookback: 50, Hidden: 128, Layers: 1, Dropout: 0.1
[2025-11-20 11:32:53]     Bidirectional: True, GRU: True
[2025-11-20 11:32:53]   Output Head:
[2025-11-20 11:32:53]     FC Layers: 1, FC Hidden: 128, Activation: relu
[2025-11-20 11:32:53]     FC Dropout: 0.3, Batch Norm: False
[2025-11-20 11:32:53]   Training:
[2025-11-20 11:32:53]     Batch Size: 128, LR: 0.0005, Weight Decay: 0.0001
[2025-11-20 11:32:53]     Optimizer: adam, Grad Clip: 5.0, LR Patience: 3
[2025-11-20 11:33:06]     Epoch  1/30: Val R²=0.0036 Train R²=0.1844 Gap=0.1808 ✓
[2025-11-20 11:33:18]     Epoch  2/30: Val R²=0.0092 Train R²=0.3027 Gap=0.2935 ✓
[2025-11-20 11:33:31]     Epoch  3/30: Val R²=0.0167 Train R²=0.3198 Gap=0.3031 ✓
[2025-11-20 11:33:45]     Epoch  4/30: Val R²=0.0327 Train R²=0.3325 Gap=0.2999 ✓
[2025-11-20 11:33:58]     Epoch  5/30: Val R²=0.0297 Train R²=0.3359 Gap=0.3062  
[2025-11-20 11:34:11]     Epoch  6/30: Val R²=0.0288 Train R²=0.3420 Gap=0.3132  
[2025-11-20 11:34:24]     Epoch  7/30: Val R²=0.0388 Train R²=0.3451 Gap=0.3064 ✓
[2025-11-20 11:34:36]     Epoch  8/30: Val R²=0.0326 Train R²=0.3508 Gap=0.3182  
[2025-11-20 11:34:49]     Epoch  9/30: Val R²=0.0389 Train R²=0.3504 Gap=0.3115 ✓
[2025-11-20 11:35:02]     Epoch 10/30: Val R²=0.0276 Train R²=0.3566 Gap=0.3289  
[2025-11-20 11:35:15]     Epoch 11/30: Val R²=0.0200 Train R²=0.3590 Gap=0.3390  
[2025-11-20 11:35:28]     Epoch 12/30: Val R²=0.0452 Train R²=0.3602 Gap=0.3150 ✓
[2025-11-20 11:35:41]     Epoch 13/30: Val R²=0.0484 Train R²=0.3608 Gap=0.3124 ✓
[2025-11-20 11:35:53]     Epoch 14/30: Val R²=0.0359 Train R²=0.3662 Gap=0.3303  
[2025-11-20 11:36:06]     Epoch 15/30: Val R²=0.0437 Train R²=0.3679 Gap=0.3242  
[2025-11-20 11:36:18]     Epoch 16/30: Val R²=0.0500 Train R²=0.3702 Gap=0.3203 ✓
[2025-11-20 11:36:31]     Epoch 17/30: Val R²=0.0392 Train R²=0.3706 Gap=0.3315  
[2025-11-20 11:36:43]     Epoch 18/30: Val R²=0.0445 Train R²=0.3736 Gap=0.3291  
[2025-11-20 11:36:57]     Epoch 19/30: Val R²=0.0414 Train R²=0.3766 Gap=0.3352  
[2025-11-20 11:37:10]     Epoch 20/30: Val R²=0.0332 Train R²=0.3787 Gap=0.3454  
[2025-11-20 11:37:22]     Epoch 21/30: Val R²=0.0476 Train R²=0.3871 Gap=0.3394  
[2025-11-20 11:37:35]     Epoch 22/30: Val R²=0.0519 Train R²=0.3889 Gap=0.3370 ✓
[2025-11-20 11:37:47]     Epoch 23/30: Val R²=0.0532 Train R²=0.3927 Gap=0.3395 ✓
[2025-11-20 11:38:00]     Epoch 24/30: Val R²=0.0575 Train R²=0.3943 Gap=0.3368 ✓
[2025-11-20 11:38:13]     Epoch 25/30: Val R²=0.0420 Train R²=0.3947 Gap=0.3526  
[2025-11-20 11:38:25]     Epoch 26/30: Val R²=0.0392 Train R²=0.3969 Gap=0.3577  
[2025-11-20 11:38:38]     Epoch 27/30: Val R²=0.0404 Train R²=0.3975 Gap=0.3571  
[2025-11-20 11:38:51]     Epoch 28/30: Val R²=0.0427 Train R²=0.4012 Gap=0.3586  
[2025-11-20 11:39:04]     Epoch 29/30: Val R²=0.0515 Train R²=0.4069 Gap=0.3554  
[2025-11-20 11:39:16]     Epoch 30/30: Val R²=0.0503 Train R²=0.4083 Gap=0.3580  
[2025-11-20 11:39:16] 
======================================================================
[2025-11-20 11:39:16] Config 15/1000 Complete:
[2025-11-20 11:39:16]   Best Val R²: 0.057491 (epoch 24)
[2025-11-20 11:39:16]   Best Global R²: 0.071759
[2025-11-20 11:39:16]   Overfitting Gap: 0.336776
[2025-11-20 11:39:16]   Parameters: 537,376
[2025-11-20 11:39:16]   Training Time: 383.6s
[2025-11-20 11:39:16]   Not better than global best (0.071759)
[2025-11-20 11:39:16]   Results saved to models/test_bruteforce_search_results.csv
[2025-11-20 11:39:16] 
======================================================================
[2025-11-20 11:39:16] Config 16/1000 - Starting Training:
[2025-11-20 11:39:16]   Architecture:
[2025-11-20 11:39:16]     Lookback: 50, Hidden: 128, Layers: 1, Dropout: 0.1
[2025-11-20 11:39:16]     Bidirectional: True, GRU: True
[2025-11-20 11:39:16]   Output Head:
[2025-11-20 11:39:16]     FC Layers: 1, FC Hidden: 128, Activation: relu
[2025-11-20 11:39:16]     FC Dropout: 0.3, Batch Norm: False
[2025-11-20 11:39:16]   Training:
[2025-11-20 11:39:16]     Batch Size: 128, LR: 0.0005, Weight Decay: 0.0001
[2025-11-20 11:39:16]     Optimizer: adamw, Grad Clip: 5.0, LR Patience: 3
[2025-11-20 11:39:29]     Epoch  1/30: Val R²=-0.0018 Train R²=0.1862 Gap=0.1879 ✓
[2025-11-20 11:39:42]     Epoch  2/30: Val R²=0.0276 Train R²=0.3067 Gap=0.2792 ✓
[2025-11-20 11:39:55]     Epoch  3/30: Val R²=0.0302 Train R²=0.3251 Gap=0.2950 ✓
[2025-11-20 11:40:08]     Epoch  4/30: Val R²=0.0187 Train R²=0.3350 Gap=0.3163  
[2025-11-20 11:40:21]     Epoch  5/30: Val R²=0.0323 Train R²=0.3432 Gap=0.3108 ✓
[2025-11-20 11:40:34]     Epoch  6/30: Val R²=0.0581 Train R²=0.3487 Gap=0.2905 ✓
[2025-11-20 11:40:46]     Epoch  7/30: Val R²=0.0528 Train R²=0.3500 Gap=0.2972  
[2025-11-20 11:40:58]     Epoch  8/30: Val R²=0.0379 Train R²=0.3573 Gap=0.3195  
[2025-11-20 11:41:11]     Epoch  9/30: Val R²=0.0429 Train R²=0.3577 Gap=0.3149  
[2025-11-20 11:41:23]     Epoch 10/30: Val R²=0.0370 Train R²=0.3664 Gap=0.3295  
[2025-11-20 11:41:35]     Epoch 11/30: Val R²=0.0525 Train R²=0.3750 Gap=0.3225  
[2025-11-20 11:41:48]     Epoch 12/30: Val R²=0.0679 Train R²=0.3776 Gap=0.3097 ✓
[2025-11-20 11:42:00]     Epoch 13/30: Val R²=0.0635 Train R²=0.3814 Gap=0.3178  
[2025-11-20 11:42:12]     Epoch 14/30: Val R²=0.0496 Train R²=0.3840 Gap=0.3344  
[2025-11-20 11:42:24]     Epoch 15/30: Val R²=0.0577 Train R²=0.3878 Gap=0.3302  
[2025-11-20 11:42:37]     Epoch 16/30: Val R²=0.0737 Train R²=0.3913 Gap=0.3176 ✓
[2025-11-20 11:42:49]     Epoch 17/30: Val R²=0.0701 Train R²=0.3933 Gap=0.3231  
[2025-11-20 11:43:02]     Epoch 18/30: Val R²=0.0560 Train R²=0.3970 Gap=0.3409  
[2025-11-20 11:43:14]     Epoch 19/30: Val R²=0.0675 Train R²=0.4007 Gap=0.3332  
[2025-11-20 11:43:28]     Epoch 20/30: Val R²=0.0593 Train R²=0.4053 Gap=0.3460  
[2025-11-20 11:43:40]     Epoch 21/30: Val R²=0.0575 Train R²=0.4118 Gap=0.3543  
[2025-11-20 11:43:53]     Epoch 22/30: Val R²=0.0496 Train R²=0.4160 Gap=0.3664  
[2025-11-20 11:44:05]     Epoch 23/30: Val R²=0.0560 Train R²=0.4191 Gap=0.3631  
[2025-11-20 11:44:05]     Early stopped at epoch 23
[2025-11-20 11:44:05] 
======================================================================
[2025-11-20 11:44:05] Config 16/1000 Complete:
[2025-11-20 11:44:05]   Best Val R²: 0.073698 (epoch 16)
[2025-11-20 11:44:05]   Best Global R²: 0.071759
[2025-11-20 11:44:05]   Overfitting Gap: 0.317566
[2025-11-20 11:44:05]   Parameters: 537,376
[2025-11-20 11:44:05]   Training Time: 288.6s
[2025-11-20 11:44:05] 
🎉🎉🎉 NEW GLOBAL BEST! R² improved from 0.071759 to 0.073698
[2025-11-20 11:44:05] 
======================================================================
[2025-11-20 11:44:05] 🏆 CREATING SUBMISSION - NEW BEST MODEL!
[2025-11-20 11:44:05] ======================================================================
[2025-11-20 11:44:05]   Val R²: 0.073698
[2025-11-20 11:44:05]   Directory: ../submissions/bruteforce_r2_00737_20251120_104123_cfg16
[2025-11-20 11:44:05]   Saved model: model_best.pt
[2025-11-20 11:44:05]   Generated: solution.py
[2025-11-20 11:44:05]   Copied: utils.py
[2025-11-20 11:44:05]   Copied: models.py
[2025-11-20 11:44:05]   Saved: metadata.json
[2025-11-20 11:44:05] ======================================================================

[2025-11-20 11:44:05]   Results saved to models/test_bruteforce_search_results.csv
[2025-11-20 11:44:05] 
======================================================================
[2025-11-20 11:44:05] Config 17/1000 - Starting Training:
[2025-11-20 11:44:05]   Architecture:
[2025-11-20 11:44:05]     Lookback: 50, Hidden: 128, Layers: 1, Dropout: 0.1
[2025-11-20 11:44:05]     Bidirectional: True, GRU: True
[2025-11-20 11:44:05]   Output Head:
[2025-11-20 11:44:05]     FC Layers: 1, FC Hidden: 128, Activation: gelu
[2025-11-20 11:44:05]     FC Dropout: 0.1, Batch Norm: True
[2025-11-20 11:44:05]   Training:
[2025-11-20 11:44:05]     Batch Size: 128, LR: 0.0001, Weight Decay: 0.0001
[2025-11-20 11:44:05]     Optimizer: adam, Grad Clip: 5.0, LR Patience: 3
[2025-11-20 11:44:18]     Epoch  1/30: Val R²=-0.0383 Train R²=0.0630 Gap=0.1013 ✓
[2025-11-20 11:44:31]     Epoch  2/30: Val R²=0.0184 Train R²=0.1758 Gap=0.1573 ✓
[2025-11-20 11:44:43]     Epoch  3/30: Val R²=0.0293 Train R²=0.2388 Gap=0.2096 ✓
[2025-11-20 11:44:56]     Epoch  4/30: Val R²=0.0470 Train R²=0.2793 Gap=0.2323 ✓
[2025-11-20 11:45:08]     Epoch  5/30: Val R²=0.0414 Train R²=0.2969 Gap=0.2555  
[2025-11-20 11:45:20]     Epoch  6/30: Val R²=0.0493 Train R²=0.3054 Gap=0.2562 ✓
[2025-11-20 11:45:33]     Epoch  7/30: Val R²=0.0733 Train R²=0.3184 Gap=0.2451 ✓
[2025-11-20 11:45:45]     Epoch  8/30: Val R²=0.0598 Train R²=0.3234 Gap=0.2637  
[2025-11-20 11:45:57]     Epoch  9/30: Val R²=0.0671 Train R²=0.3301 Gap=0.2630  
[2025-11-20 11:46:10]     Epoch 10/30: Val R²=0.0572 Train R²=0.3326 Gap=0.2754  
[2025-11-20 11:46:22]     Epoch 11/30: Val R²=0.0576 Train R²=0.3319 Gap=0.2743  
[2025-11-20 11:46:35]     Epoch 12/30: Val R²=0.0636 Train R²=0.3417 Gap=0.2781  
[2025-11-20 11:46:49]     Epoch 13/30: Val R²=0.0591 Train R²=0.3410 Gap=0.2820  
[2025-11-20 11:47:01]     Epoch 14/30: Val R²=0.0607 Train R²=0.3444 Gap=0.2838  
[2025-11-20 11:47:01]     Early stopped at epoch 14
[2025-11-20 11:47:01] 
======================================================================
[2025-11-20 11:47:01] Config 17/1000 Complete:
[2025-11-20 11:47:01]   Best Val R²: 0.073264 (epoch 7)
[2025-11-20 11:47:01]   Best Global R²: 0.073698
[2025-11-20 11:47:01]   Overfitting Gap: 0.245117
[2025-11-20 11:47:01]   Parameters: 538,912
[2025-11-20 11:47:01]   Training Time: 176.2s
[2025-11-20 11:47:01]   Not better than global best (0.073698)
[2025-11-20 11:47:01]   Results saved to models/test_bruteforce_search_results.csv
[2025-11-20 11:47:01] 
======================================================================
[2025-11-20 11:47:01] Config 18/1000 - Starting Training:
[2025-11-20 11:47:01]   Architecture:
[2025-11-20 11:47:01]     Lookback: 50, Hidden: 128, Layers: 1, Dropout: 0.1
[2025-11-20 11:47:01]     Bidirectional: True, GRU: True
[2025-11-20 11:47:01]   Output Head:
[2025-11-20 11:47:01]     FC Layers: 1, FC Hidden: 128, Activation: gelu
[2025-11-20 11:47:01]     FC Dropout: 0.1, Batch Norm: True
[2025-11-20 11:47:01]   Training:
[2025-11-20 11:47:01]     Batch Size: 128, LR: 0.0001, Weight Decay: 0.0001
[2025-11-20 11:47:01]     Optimizer: adamw, Grad Clip: 5.0, LR Patience: 3
[2025-11-20 11:47:14]     Epoch  1/30: Val R²=-0.0107 Train R²=0.0783 Gap=0.0889 ✓
[2025-11-20 11:47:27]     Epoch  2/30: Val R²=0.0213 Train R²=0.1976 Gap=0.1763 ✓
[2025-11-20 11:47:39]     Epoch  3/30: Val R²=0.0389 Train R²=0.2591 Gap=0.2202 ✓
[2025-11-20 11:47:52]     Epoch  4/30: Val R²=0.0404 Train R²=0.2896 Gap=0.2492 ✓
[2025-11-20 11:48:04]     Epoch  5/30: Val R²=0.0364 Train R²=0.3078 Gap=0.2714  
[2025-11-20 11:48:17]     Epoch  6/30: Val R²=0.0481 Train R²=0.3146 Gap=0.2665 ✓
[2025-11-20 11:48:30]     Epoch  7/30: Val R²=0.0401 Train R²=0.3222 Gap=0.2821  
[2025-11-20 11:48:42]     Epoch  8/30: Val R²=0.0553 Train R²=0.3272 Gap=0.2719 ✓
[2025-11-20 11:48:55]     Epoch  9/30: Val R²=0.0555 Train R²=0.3304 Gap=0.2749 ✓
[2025-11-20 11:49:07]     Epoch 10/30: Val R²=0.0524 Train R²=0.3353 Gap=0.2829  
[2025-11-20 11:49:19]     Epoch 11/30: Val R²=0.0534 Train R²=0.3369 Gap=0.2836  
[2025-11-20 11:49:32]     Epoch 12/30: Val R²=0.0507 Train R²=0.3442 Gap=0.2936  
[2025-11-20 11:49:44]     Epoch 13/30: Val R²=0.0562 Train R²=0.3444 Gap=0.2882 ✓
[2025-11-20 11:49:57]     Epoch 14/30: Val R²=0.0508 Train R²=0.3496 Gap=0.2988  
[2025-11-20 11:50:10]     Epoch 15/30: Val R²=0.0679 Train R²=0.3516 Gap=0.2836 ✓
[2025-11-20 11:50:22]     Epoch 16/30: Val R²=0.0575 Train R²=0.3530 Gap=0.2955  
[2025-11-20 11:50:35]     Epoch 17/30: Val R²=0.0626 Train R²=0.3564 Gap=0.2938  
[2025-11-20 11:50:47]     Epoch 18/30: Val R²=0.0605 Train R²=0.3557 Gap=0.2952  
[2025-11-20 11:51:00]     Epoch 19/30: Val R²=0.0565 Train R²=0.3586 Gap=0.3021  
[2025-11-20 11:51:12]     Epoch 20/30: Val R²=0.0597 Train R²=0.3633 Gap=0.3036  
[2025-11-20 11:51:25]     Epoch 21/30: Val R²=0.0610 Train R²=0.3642 Gap=0.3032  
[2025-11-20 11:51:37]     Epoch 22/30: Val R²=0.0531 Train R²=0.3680 Gap=0.3149  
[2025-11-20 11:51:37]     Early stopped at epoch 22
[2025-11-20 11:51:37] 
======================================================================
[2025-11-20 11:51:37] Config 18/1000 Complete:
[2025-11-20 11:51:37]   Best Val R²: 0.067948 (epoch 15)
[2025-11-20 11:51:37]   Best Global R²: 0.073698
[2025-11-20 11:51:37]   Overfitting Gap: 0.283614
[2025-11-20 11:51:37]   Parameters: 538,912
[2025-11-20 11:51:37]   Training Time: 275.8s
[2025-11-20 11:51:37]   Not better than global best (0.073698)
[2025-11-20 11:51:37]   Results saved to models/test_bruteforce_search_results.csv
[2025-11-20 11:51:37] 
======================================================================
[2025-11-20 11:51:37] Config 19/1000 - Starting Training:
[2025-11-20 11:51:37]   Architecture:
[2025-11-20 11:51:37]     Lookback: 50, Hidden: 128, Layers: 1, Dropout: 0.1
[2025-11-20 11:51:37]     Bidirectional: True, GRU: True
[2025-11-20 11:51:37]   Output Head:
[2025-11-20 11:51:37]     FC Layers: 1, FC Hidden: 128, Activation: gelu
[2025-11-20 11:51:37]     FC Dropout: 0.1, Batch Norm: True
[2025-11-20 11:51:37]   Training:
[2025-11-20 11:51:37]     Batch Size: 128, LR: 0.0005, Weight Decay: 0.0001
[2025-11-20 11:51:37]     Optimizer: adam, Grad Clip: 5.0, LR Patience: 3
[2025-11-20 11:51:50]     Epoch  1/30: Val R²=0.0044 Train R²=0.1796 Gap=0.1752 ✓
[2025-11-20 11:52:03]     Epoch  2/30: Val R²=0.0411 Train R²=0.3034 Gap=0.2623 ✓
[2025-11-20 11:52:15]     Epoch  3/30: Val R²=0.0461 Train R²=0.3265 Gap=0.2805 ✓
[2025-11-20 11:52:28]     Epoch  4/30: Val R²=0.0364 Train R²=0.3326 Gap=0.2962  
[2025-11-20 11:52:40]     Epoch  5/30: Val R²=0.0465 Train R²=0.3419 Gap=0.2954 ✓
[2025-11-20 11:52:53]     Epoch  6/30: Val R²=0.0238 Train R²=0.3501 Gap=0.3263  
[2025-11-20 11:53:05]     Epoch  7/30: Val R²=0.0452 Train R²=0.3533 Gap=0.3081  
[2025-11-20 11:53:17]     Epoch  8/30: Val R²=0.0202 Train R²=0.3580 Gap=0.3378  
[2025-11-20 11:53:29]     Epoch  9/30: Val R²=0.0327 Train R²=0.3631 Gap=0.3303  
[2025-11-20 11:53:40]     Epoch 10/30: Val R²=0.0431 Train R²=0.3706 Gap=0.3276  
[2025-11-20 11:53:52]     Epoch 11/30: Val R²=0.0382 Train R²=0.3742 Gap=0.3360  
[2025-11-20 11:54:03]     Epoch 12/30: Val R²=0.0387 Train R²=0.3746 Gap=0.3359  
[2025-11-20 11:54:03]     Early stopped at epoch 12
[2025-11-20 11:54:03] 
======================================================================
[2025-11-20 11:54:03] Config 19/1000 Complete:
[2025-11-20 11:54:03]   Best Val R²: 0.046487 (epoch 5)
[2025-11-20 11:54:03]   Best Global R²: 0.073698
[2025-11-20 11:54:03]   Overfitting Gap: 0.295396
[2025-11-20 11:54:03]   Parameters: 538,912
[2025-11-20 11:54:03]   Training Time: 146.2s
[2025-11-20 11:54:03]   Not better than global best (0.073698)
[2025-11-20 11:54:03]   Results saved to models/test_bruteforce_search_results.csv
[2025-11-20 11:54:03] 
======================================================================
[2025-11-20 11:54:03] Config 20/1000 - Starting Training:
[2025-11-20 11:54:03]   Architecture:
[2025-11-20 11:54:03]     Lookback: 50, Hidden: 128, Layers: 1, Dropout: 0.1
[2025-11-20 11:54:03]     Bidirectional: True, GRU: True
[2025-11-20 11:54:03]   Output Head:
[2025-11-20 11:54:03]     FC Layers: 1, FC Hidden: 128, Activation: gelu
[2025-11-20 11:54:03]     FC Dropout: 0.1, Batch Norm: True
[2025-11-20 11:54:03]   Training:
[2025-11-20 11:54:03]     Batch Size: 128, LR: 0.0005, Weight Decay: 0.0001
[2025-11-20 11:54:03]     Optimizer: adamw, Grad Clip: 5.0, LR Patience: 3
[2025-11-20 11:54:15]     Epoch  1/30: Val R²=0.0378 Train R²=0.1989 Gap=0.1611 ✓
[2025-11-20 11:54:26]     Epoch  2/30: Val R²=0.0320 Train R²=0.3077 Gap=0.2757  
[2025-11-20 11:54:37]     Epoch  3/30: Val R²=0.0450 Train R²=0.3267 Gap=0.2817 ✓
[2025-11-20 11:54:49]     Epoch  4/30: Val R²=0.0454 Train R²=0.3345 Gap=0.2891 ✓
[2025-11-20 11:55:00]     Epoch  5/30: Val R²=0.0500 Train R²=0.3429 Gap=0.2929 ✓
[2025-11-20 11:55:11]     Epoch  6/30: Val R²=0.0631 Train R²=0.3497 Gap=0.2867 ✓
[2025-11-20 11:55:22]     Epoch  7/30: Val R²=0.0498 Train R²=0.3525 Gap=0.3027  
[2025-11-20 11:55:33]     Epoch  8/30: Val R²=0.0684 Train R²=0.3608 Gap=0.2924 ✓
[2025-11-20 11:55:45]     Epoch  9/30: Val R²=0.0466 Train R²=0.3657 Gap=0.3191  
[2025-11-20 11:55:56]     Epoch 10/30: Val R²=0.0658 Train R²=0.3667 Gap=0.3009  
[2025-11-20 11:56:07]     Epoch 11/30: Val R²=0.0481 Train R²=0.3740 Gap=0.3260  
[2025-11-20 11:56:18]     Epoch 12/30: Val R²=0.0608 Train R²=0.3761 Gap=0.3153  
[2025-11-20 11:56:29]     Epoch 13/30: Val R²=0.0659 Train R²=0.3883 Gap=0.3224  
[2025-11-20 11:56:41]     Epoch 14/30: Val R²=0.0564 Train R²=0.3950 Gap=0.3387  
[2025-11-20 11:56:52]     Epoch 15/30: Val R²=0.0439 Train R²=0.3987 Gap=0.3548  
[2025-11-20 11:56:52]     Early stopped at epoch 15
[2025-11-20 11:56:52] 
======================================================================
[2025-11-20 11:56:52] Config 20/1000 Complete:
[2025-11-20 11:56:52]   Best Val R²: 0.068411 (epoch 8)
[2025-11-20 11:56:52]   Best Global R²: 0.073698
[2025-11-20 11:56:52]   Overfitting Gap: 0.292421
[2025-11-20 11:56:52]   Parameters: 538,912
[2025-11-20 11:56:52]   Training Time: 168.3s
[2025-11-20 11:56:52]   Not better than global best (0.073698)
[2025-11-20 11:56:52]   Results saved to models/test_bruteforce_search_results.csv
[2025-11-20 11:56:52] 
======================================================================
[2025-11-20 11:56:52] Config 21/1000 - Starting Training:
[2025-11-20 11:56:52]   Architecture:
[2025-11-20 11:56:52]     Lookback: 50, Hidden: 128, Layers: 1, Dropout: 0.1
[2025-11-20 11:56:52]     Bidirectional: True, GRU: True
[2025-11-20 11:56:52]   Output Head:
[2025-11-20 11:56:52]     FC Layers: 1, FC Hidden: 128, Activation: gelu
[2025-11-20 11:56:52]     FC Dropout: 0.1, Batch Norm: False
[2025-11-20 11:56:52]   Training:
[2025-11-20 11:56:52]     Batch Size: 128, LR: 0.0001, Weight Decay: 0.0001
[2025-11-20 11:56:52]     Optimizer: adam, Grad Clip: 5.0, LR Patience: 3
[2025-11-20 11:57:03]     Epoch  1/30: Val R²=-0.0524 Train R²=0.0392 Gap=0.0916 ✓
[2025-11-20 11:57:14]     Epoch  2/30: Val R²=-0.0315 Train R²=0.1886 Gap=0.2201 ✓
[2025-11-20 11:57:25]     Epoch  3/30: Val R²=-0.0089 Train R²=0.2614 Gap=0.2703 ✓
[2025-11-20 11:57:36]     Epoch  4/30: Val R²=-0.0021 Train R²=0.2863 Gap=0.2885 ✓
[2025-11-20 11:57:47]     Epoch  5/30: Val R²=0.0125 Train R²=0.2984 Gap=0.2859 ✓
[2025-11-20 11:57:59]     Epoch  6/30: Val R²=0.0194 Train R²=0.3059 Gap=0.2865 ✓
[2025-11-20 11:58:10]     Epoch  7/30: Val R²=0.0313 Train R²=0.3125 Gap=0.2812 ✓
[2025-11-20 11:58:21]     Epoch  8/30: Val R²=0.0276 Train R²=0.3174 Gap=0.2898  
[2025-11-20 11:58:32]     Epoch  9/30: Val R²=0.0266 Train R²=0.3225 Gap=0.2959  
[2025-11-20 11:58:42]     Epoch 10/30: Val R²=0.0306 Train R²=0.3271 Gap=0.2965  
[2025-11-20 11:58:53]     Epoch 11/30: Val R²=0.0319 Train R²=0.3284 Gap=0.2965 ✓
[2025-11-20 11:59:04]     Epoch 12/30: Val R²=0.0354 Train R²=0.3313 Gap=0.2958 ✓
[2025-11-20 11:59:15]     Epoch 13/30: Val R²=0.0376 Train R²=0.3329 Gap=0.2953 ✓
[2025-11-20 11:59:26]     Epoch 14/30: Val R²=0.0389 Train R²=0.3347 Gap=0.2958 ✓
[2025-11-20 11:59:37]     Epoch 15/30: Val R²=0.0425 Train R²=0.3390 Gap=0.2965 ✓
[2025-11-20 11:59:48]     Epoch 16/30: Val R²=0.0355 Train R²=0.3422 Gap=0.3067  
[2025-11-20 11:59:59]     Epoch 17/30: Val R²=0.0363 Train R²=0.3426 Gap=0.3062  
[2025-11-20 12:00:11]     Epoch 18/30: Val R²=0.0480 Train R²=0.3436 Gap=0.2956 ✓
[2025-11-20 12:00:22]     Epoch 19/30: Val R²=0.0524 Train R²=0.3465 Gap=0.2941 ✓
[2025-11-20 12:00:33]     Epoch 20/30: Val R²=0.0398 Train R²=0.3466 Gap=0.3068  
[2025-11-20 12:00:44]     Epoch 21/30: Val R²=0.0452 Train R²=0.3491 Gap=0.3039  
[2025-11-20 12:00:56]     Epoch 22/30: Val R²=0.0451 Train R²=0.3512 Gap=0.3061  
[2025-11-20 12:01:08]     Epoch 23/30: Val R²=0.0465 Train R²=0.3481 Gap=0.3016  
[2025-11-20 12:01:20]     Epoch 24/30: Val R²=0.0427 Train R²=0.3530 Gap=0.3103  
[2025-11-20 12:01:32]     Epoch 25/30: Val R²=0.0422 Train R²=0.3561 Gap=0.3139  
[2025-11-20 12:01:43]     Epoch 26/30: Val R²=0.0433 Train R²=0.3561 Gap=0.3128  
[2025-11-20 12:01:43]     Early stopped at epoch 26
[2025-11-20 12:01:43] 
======================================================================
[2025-11-20 12:01:43] Config 21/1000 Complete:
[2025-11-20 12:01:43]   Best Val R²: 0.052366 (epoch 19)
[2025-11-20 12:01:43]   Best Global R²: 0.073698
[2025-11-20 12:01:43]   Overfitting Gap: 0.294145
[2025-11-20 12:01:43]   Parameters: 537,376
[2025-11-20 12:01:43]   Training Time: 291.6s
[2025-11-20 12:01:43]   Not better than global best (0.073698)
[2025-11-20 12:01:43]   Results saved to models/test_bruteforce_search_results.csv
[2025-11-20 12:01:43] 
======================================================================
[2025-11-20 12:01:43] Config 22/1000 - Starting Training:
[2025-11-20 12:01:43]   Architecture:
[2025-11-20 12:01:43]     Lookback: 50, Hidden: 128, Layers: 1, Dropout: 0.1
[2025-11-20 12:01:43]     Bidirectional: True, GRU: True
[2025-11-20 12:01:43]   Output Head:
[2025-11-20 12:01:43]     FC Layers: 1, FC Hidden: 128, Activation: gelu
[2025-11-20 12:01:43]     FC Dropout: 0.1, Batch Norm: False
[2025-11-20 12:01:43]   Training:
[2025-11-20 12:01:43]     Batch Size: 128, LR: 0.0001, Weight Decay: 0.0001
[2025-11-20 12:01:43]     Optimizer: adamw, Grad Clip: 5.0, LR Patience: 3
[2025-11-20 12:01:55]     Epoch  1/30: Val R²=-0.0406 Train R²=0.0366 Gap=0.0772 ✓
[2025-11-20 12:02:07]     Epoch  2/30: Val R²=-0.0103 Train R²=0.1686 Gap=0.1788 ✓
[2025-11-20 12:02:18]     Epoch  3/30: Val R²=0.0101 Train R²=0.2506 Gap=0.2404 ✓
[2025-11-20 12:02:30]     Epoch  4/30: Val R²=0.0195 Train R²=0.2842 Gap=0.2647 ✓
[2025-11-20 12:02:41]     Epoch  5/30: Val R²=0.0267 Train R²=0.2974 Gap=0.2707 ✓
[2025-11-20 12:02:53]     Epoch  6/30: Val R²=0.0320 Train R²=0.3083 Gap=0.2763 ✓
[2025-11-20 12:03:04]     Epoch  7/30: Val R²=0.0385 Train R²=0.3155 Gap=0.2770 ✓
[2025-11-20 12:03:16]     Epoch  8/30: Val R²=0.0330 Train R²=0.3204 Gap=0.2874  
[2025-11-20 12:03:27]     Epoch  9/30: Val R²=0.0326 Train R²=0.3257 Gap=0.2931  
[2025-11-20 12:03:39]     Epoch 10/30: Val R²=0.0384 Train R²=0.3300 Gap=0.2916  
[2025-11-20 12:03:50]     Epoch 11/30: Val R²=0.0465 Train R²=0.3304 Gap=0.2839 ✓
[2025-11-20 12:04:02]     Epoch 12/30: Val R²=0.0329 Train R²=0.3364 Gap=0.3035  
[2025-11-20 12:04:13]     Epoch 13/30: Val R²=0.0409 Train R²=0.3379 Gap=0.2970  
[2025-11-20 12:04:25]     Epoch 14/30: Val R²=0.0356 Train R²=0.3409 Gap=0.3053  
[2025-11-20 12:04:37]     Epoch 15/30: Val R²=0.0309 Train R²=0.3442 Gap=0.3133  
[2025-11-20 12:04:48]     Epoch 16/30: Val R²=0.0390 Train R²=0.3458 Gap=0.3067  
[2025-11-20 12:05:00]     Epoch 17/30: Val R²=0.0388 Train R²=0.3491 Gap=0.3103  
[2025-11-20 12:05:12]     Epoch 18/30: Val R²=0.0406 Train R²=0.3493 Gap=0.3087  
[2025-11-20 12:05:12]     Early stopped at epoch 18
[2025-11-20 12:05:12] 
======================================================================
[2025-11-20 12:05:12] Config 22/1000 Complete:
[2025-11-20 12:05:12]   Best Val R²: 0.046462 (epoch 11)
[2025-11-20 12:05:12]   Best Global R²: 0.073698
[2025-11-20 12:05:12]   Overfitting Gap: 0.283944
[2025-11-20 12:05:12]   Parameters: 537,376
[2025-11-20 12:05:12]   Training Time: 208.3s
[2025-11-20 12:05:12]   Not better than global best (0.073698)
[2025-11-20 12:05:12]   Results saved to models/test_bruteforce_search_results.csv
[2025-11-20 12:05:12] 
======================================================================
[2025-11-20 12:05:12] Config 23/1000 - Starting Training:
[2025-11-20 12:05:12]   Architecture:
[2025-11-20 12:05:12]     Lookback: 50, Hidden: 128, Layers: 1, Dropout: 0.1
[2025-11-20 12:05:12]     Bidirectional: True, GRU: True
[2025-11-20 12:05:12]   Output Head:
[2025-11-20 12:05:12]     FC Layers: 1, FC Hidden: 128, Activation: gelu
[2025-11-20 12:05:12]     FC Dropout: 0.1, Batch Norm: False
[2025-11-20 12:05:12]   Training:
[2025-11-20 12:05:12]     Batch Size: 128, LR: 0.0005, Weight Decay: 0.0001
[2025-11-20 12:05:12]     Optimizer: adam, Grad Clip: 5.0, LR Patience: 3
[2025-11-20 12:05:23]     Epoch  1/30: Val R²=-0.0060 Train R²=0.1776 Gap=0.1836 ✓
[2025-11-20 12:05:35]     Epoch  2/30: Val R²=0.0122 Train R²=0.3035 Gap=0.2913 ✓
[2025-11-20 12:05:47]     Epoch  3/30: Val R²=0.0232 Train R²=0.3203 Gap=0.2972 ✓
[2025-11-20 12:05:58]     Epoch  4/30: Val R²=0.0336 Train R²=0.3305 Gap=0.2969 ✓
[2025-11-20 12:06:10]     Epoch  5/30: Val R²=0.0262 Train R²=0.3380 Gap=0.3119  
[2025-11-20 12:06:22]     Epoch  6/30: Val R²=0.0285 Train R²=0.3434 Gap=0.3149  
[2025-11-20 12:06:33]     Epoch  7/30: Val R²=0.0420 Train R²=0.3484 Gap=0.3065 ✓
[2025-11-20 12:06:45]     Epoch  8/30: Val R²=0.0474 Train R²=0.3485 Gap=0.3011 ✓
[2025-11-20 12:06:56]     Epoch  9/30: Val R²=0.0451 Train R²=0.3529 Gap=0.3078  
[2025-11-20 12:07:08]     Epoch 10/30: Val R²=0.0443 Train R²=0.3569 Gap=0.3126  
[2025-11-20 12:07:20]     Epoch 11/30: Val R²=0.0465 Train R²=0.3619 Gap=0.3154  
[2025-11-20 12:07:32]     Epoch 12/30: Val R²=0.0362 Train R²=0.3624 Gap=0.3262  
[2025-11-20 12:07:43]     Epoch 13/30: Val R²=0.0450 Train R²=0.3675 Gap=0.3225  
[2025-11-20 12:07:55]     Epoch 14/30: Val R²=0.0493 Train R²=0.3680 Gap=0.3188 ✓
[2025-11-20 12:08:06]     Epoch 15/30: Val R²=0.0591 Train R²=0.3725 Gap=0.3134 ✓
[2025-11-20 12:08:18]     Epoch 16/30: Val R²=0.0573 Train R²=0.3733 Gap=0.3160  
[2025-11-20 12:08:29]     Epoch 17/30: Val R²=0.0601 Train R²=0.3742 Gap=0.3141 ✓
[2025-11-20 12:08:41]     Epoch 18/30: Val R²=0.0613 Train R²=0.3786 Gap=0.3173 ✓
[2025-11-20 12:08:53]     Epoch 19/30: Val R²=0.0630 Train R²=0.3776 Gap=0.3146 ✓
[2025-11-20 12:09:05]     Epoch 20/30: Val R²=0.0676 Train R²=0.3785 Gap=0.3109 ✓
[2025-11-20 12:09:16]     Epoch 21/30: Val R²=0.0651 Train R²=0.3798 Gap=0.3146  
[2025-11-20 12:09:28]     Epoch 22/30: Val R²=0.0502 Train R²=0.3823 Gap=0.3320  
[2025-11-20 12:09:40]     Epoch 23/30: Val R²=0.0566 Train R²=0.3843 Gap=0.3277  
[2025-11-20 12:09:51]     Epoch 24/30: Val R²=0.0594 Train R²=0.3858 Gap=0.3263  
[2025-11-20 12:10:03]     Epoch 25/30: Val R²=0.0659 Train R²=0.3902 Gap=0.3243  
[2025-11-20 12:10:15]     Epoch 26/30: Val R²=0.0545 Train R²=0.3925 Gap=0.3380  
[2025-11-20 12:10:27]     Epoch 27/30: Val R²=0.0517 Train R²=0.3937 Gap=0.3420  
[2025-11-20 12:10:27]     Early stopped at epoch 27
[2025-11-20 12:10:27] 
======================================================================
[2025-11-20 12:10:27] Config 23/1000 Complete:
[2025-11-20 12:10:27]   Best Val R²: 0.067599 (epoch 20)
[2025-11-20 12:10:27]   Best Global R²: 0.073698
[2025-11-20 12:10:27]   Overfitting Gap: 0.310937
[2025-11-20 12:10:27]   Parameters: 537,376
[2025-11-20 12:10:27]   Training Time: 315.2s
[2025-11-20 12:10:27]   Not better than global best (0.073698)
[2025-11-20 12:10:27]   Results saved to models/test_bruteforce_search_results.csv
[2025-11-20 12:10:27] 
======================================================================
[2025-11-20 12:10:27] Config 24/1000 - Starting Training:
[2025-11-20 12:10:27]   Architecture:
[2025-11-20 12:10:27]     Lookback: 50, Hidden: 128, Layers: 1, Dropout: 0.1
[2025-11-20 12:10:27]     Bidirectional: True, GRU: True
[2025-11-20 12:10:27]   Output Head:
[2025-11-20 12:10:27]     FC Layers: 1, FC Hidden: 128, Activation: gelu
[2025-11-20 12:10:27]     FC Dropout: 0.1, Batch Norm: False
[2025-11-20 12:10:27]   Training:
[2025-11-20 12:10:27]     Batch Size: 128, LR: 0.0005, Weight Decay: 0.0001
[2025-11-20 12:10:27]     Optimizer: adamw, Grad Clip: 5.0, LR Patience: 3
[2025-11-20 12:10:39]     Epoch  1/30: Val R²=0.0063 Train R²=0.1859 Gap=0.1796 ✓
[2025-11-20 12:10:50]     Epoch  2/30: Val R²=0.0135 Train R²=0.3000 Gap=0.2866 ✓
[2025-11-20 12:11:02]     Epoch  3/30: Val R²=0.0180 Train R²=0.3218 Gap=0.3038 ✓
[2025-11-20 12:11:13]     Epoch  4/30: Val R²=0.0229 Train R²=0.3350 Gap=0.3121 ✓
[2025-11-20 12:11:25]     Epoch  5/30: Val R²=0.0438 Train R²=0.3400 Gap=0.2961 ✓
[2025-11-20 12:11:36]     Epoch  6/30: Val R²=0.0235 Train R²=0.3487 Gap=0.3252  
[2025-11-20 12:11:47]     Epoch  7/30: Val R²=0.0269 Train R²=0.3521 Gap=0.3251  
[2025-11-20 12:11:59]     Epoch  8/30: Val R²=0.0353 Train R²=0.3592 Gap=0.3239  
[2025-11-20 12:12:10]     Epoch  9/30: Val R²=0.0452 Train R²=0.3625 Gap=0.3174 ✓
[2025-11-20 12:12:22]     Epoch 10/30: Val R²=0.0487 Train R²=0.3662 Gap=0.3175 ✓
[2025-11-20 12:12:33]     Epoch 11/30: Val R²=0.0359 Train R²=0.3721 Gap=0.3363  
[2025-11-20 12:12:44]     Epoch 12/30: Val R²=0.0346 Train R²=0.3754 Gap=0.3408  
[2025-11-20 12:12:56]     Epoch 13/30: Val R²=0.0285 Train R²=0.3761 Gap=0.3475  
[2025-11-20 12:13:07]     Epoch 14/30: Val R²=0.0298 Train R²=0.3843 Gap=0.3545  
[2025-11-20 12:13:19]     Epoch 15/30: Val R²=0.0305 Train R²=0.3920 Gap=0.3614  
[2025-11-20 12:13:30]     Epoch 16/30: Val R²=0.0254 Train R²=0.3951 Gap=0.3697  
[2025-11-20 12:13:42]     Epoch 17/30: Val R²=0.0254 Train R²=0.4038 Gap=0.3784  
[2025-11-20 12:13:42]     Early stopped at epoch 17
[2025-11-20 12:13:42] 
======================================================================
[2025-11-20 12:13:42] Config 24/1000 Complete:
[2025-11-20 12:13:42]   Best Val R²: 0.048664 (epoch 10)
[2025-11-20 12:13:42]   Best Global R²: 0.073698
[2025-11-20 12:13:42]   Overfitting Gap: 0.317515
[2025-11-20 12:13:42]   Parameters: 537,376
[2025-11-20 12:13:42]   Training Time: 195.5s
[2025-11-20 12:13:42]   Not better than global best (0.073698)
[2025-11-20 12:13:42]   Results saved to models/test_bruteforce_search_results.csv
[2025-11-20 12:13:42] 
======================================================================
[2025-11-20 12:13:42] Config 25/1000 - Starting Training:
[2025-11-20 12:13:42]   Architecture:
[2025-11-20 12:13:42]     Lookback: 50, Hidden: 128, Layers: 1, Dropout: 0.1
[2025-11-20 12:13:42]     Bidirectional: True, GRU: True
[2025-11-20 12:13:42]   Output Head:
[2025-11-20 12:13:42]     FC Layers: 1, FC Hidden: 128, Activation: gelu
[2025-11-20 12:13:42]     FC Dropout: 0.3, Batch Norm: True
[2025-11-20 12:13:42]   Training:
[2025-11-20 12:13:42]     Batch Size: 128, LR: 0.0001, Weight Decay: 0.0001
[2025-11-20 12:13:42]     Optimizer: adam, Grad Clip: 5.0, LR Patience: 3
[2025-11-20 12:13:54]     Epoch  1/30: Val R²=-0.0402 Train R²=0.0800 Gap=0.1201 ✓
[2025-11-20 12:14:06]     Epoch  2/30: Val R²=0.0036 Train R²=0.2034 Gap=0.1999 ✓
[2025-11-20 12:14:17]     Epoch  3/30: Val R²=0.0271 Train R²=0.2626 Gap=0.2355 ✓
[2025-11-20 12:14:29]     Epoch  4/30: Val R²=0.0236 Train R²=0.2887 Gap=0.2651  
[2025-11-20 12:14:40]     Epoch  5/30: Val R²=0.0438 Train R²=0.3022 Gap=0.2584 ✓
[2025-11-20 12:14:51]     Epoch  6/30: Val R²=0.0410 Train R²=0.3112 Gap=0.2702  
[2025-11-20 12:15:02]     Epoch  7/30: Val R²=0.0454 Train R²=0.3160 Gap=0.2706 ✓
[2025-11-20 12:15:14]     Epoch  8/30: Val R²=0.0515 Train R²=0.3241 Gap=0.2726 ✓
[2025-11-20 12:15:25]     Epoch  9/30: Val R²=0.0547 Train R²=0.3279 Gap=0.2733 ✓
[2025-11-20 12:15:36]     Epoch 10/30: Val R²=0.0568 Train R²=0.3314 Gap=0.2746 ✓
[2025-11-20 12:15:47]     Epoch 11/30: Val R²=0.0580 Train R²=0.3351 Gap=0.2772 ✓
[2025-11-20 12:15:58]     Epoch 12/30: Val R²=0.0519 Train R²=0.3370 Gap=0.2851  
[2025-11-20 12:16:09]     Epoch 13/30: Val R²=0.0498 Train R²=0.3425 Gap=0.2927  
[2025-11-20 12:16:20]     Epoch 14/30: Val R²=0.0564 Train R²=0.3436 Gap=0.2871  
[2025-11-20 12:16:31]     Epoch 15/30: Val R²=0.0547 Train R²=0.3459 Gap=0.2911  
[2025-11-20 12:16:42]     Epoch 16/30: Val R²=0.0532 Train R²=0.3457 Gap=0.2925  
[2025-11-20 12:16:53]     Epoch 17/30: Val R²=0.0556 Train R²=0.3483 Gap=0.2926  
[2025-11-20 12:17:04]     Epoch 18/30: Val R²=0.0487 Train R²=0.3525 Gap=0.3038  
[2025-11-20 12:17:04]     Early stopped at epoch 18
[2025-11-20 12:17:04] 
======================================================================
[2025-11-20 12:17:04] Config 25/1000 Complete:
[2025-11-20 12:17:04]   Best Val R²: 0.057951 (epoch 11)
[2025-11-20 12:17:04]   Best Global R²: 0.073698
[2025-11-20 12:17:04]   Overfitting Gap: 0.277194
[2025-11-20 12:17:04]   Parameters: 538,912
[2025-11-20 12:17:04]   Training Time: 202.2s
[2025-11-20 12:17:04]   Not better than global best (0.073698)
[2025-11-20 12:17:04]   Results saved to models/test_bruteforce_search_results.csv
[2025-11-20 12:17:04] 
======================================================================
[2025-11-20 12:17:04] Config 26/1000 - Starting Training:
[2025-11-20 12:17:04]   Architecture:
[2025-11-20 12:17:04]     Lookback: 50, Hidden: 128, Layers: 1, Dropout: 0.1
[2025-11-20 12:17:04]     Bidirectional: True, GRU: True
[2025-11-20 12:17:04]   Output Head:
[2025-11-20 12:17:04]     FC Layers: 1, FC Hidden: 128, Activation: gelu
[2025-11-20 12:17:04]     FC Dropout: 0.3, Batch Norm: True
[2025-11-20 12:17:04]   Training:
[2025-11-20 12:17:04]     Batch Size: 128, LR: 0.0001, Weight Decay: 0.0001
[2025-11-20 12:17:04]     Optimizer: adamw, Grad Clip: 5.0, LR Patience: 3
[2025-11-20 12:17:16]     Epoch  1/30: Val R²=-0.0269 Train R²=0.0609 Gap=0.0878 ✓
[2025-11-20 12:17:27]     Epoch  2/30: Val R²=0.0122 Train R²=0.1887 Gap=0.1765 ✓
[2025-11-20 12:17:37]     Epoch  3/30: Val R²=0.0233 Train R²=0.2594 Gap=0.2361 ✓
[2025-11-20 12:17:48]     Epoch  4/30: Val R²=0.0302 Train R²=0.2886 Gap=0.2584 ✓
[2025-11-20 12:17:59]     Epoch  5/30: Val R²=0.0395 Train R²=0.3076 Gap=0.2681 ✓
[2025-11-20 12:18:10]     Epoch  6/30: Val R²=0.0285 Train R²=0.3169 Gap=0.2884  
[2025-11-20 12:18:21]     Epoch  7/30: Val R²=0.0424 Train R²=0.3210 Gap=0.2786 ✓
[2025-11-20 12:18:32]     Epoch  8/30: Val R²=0.0419 Train R²=0.3249 Gap=0.2830  
[2025-11-20 12:18:43]     Epoch  9/30: Val R²=0.0409 Train R²=0.3315 Gap=0.2905  
[2025-11-20 12:18:54]     Epoch 10/30: Val R²=0.0423 Train R²=0.3407 Gap=0.2984  
[2025-11-20 12:19:05]     Epoch 11/30: Val R²=0.0451 Train R²=0.3410 Gap=0.2959 ✓
[2025-11-20 12:19:16]     Epoch 12/30: Val R²=0.0442 Train R²=0.3432 Gap=0.2990  
[2025-11-20 12:19:27]     Epoch 13/30: Val R²=0.0498 Train R²=0.3442 Gap=0.2944 ✓
[2025-11-20 12:19:38]     Epoch 14/30: Val R²=0.0506 Train R²=0.3486 Gap=0.2980 ✓
[2025-11-20 12:19:49]     Epoch 15/30: Val R²=0.0432 Train R²=0.3505 Gap=0.3073  
[2025-11-20 12:20:00]     Epoch 16/30: Val R²=0.0512 Train R²=0.3512 Gap=0.3000 ✓
[2025-11-20 12:20:11]     Epoch 17/30: Val R²=0.0510 Train R²=0.3553 Gap=0.3043  
[2025-11-20 12:20:22]     Epoch 18/30: Val R²=0.0474 Train R²=0.3551 Gap=0.3077  
[2025-11-20 12:20:32]     Epoch 19/30: Val R²=0.0531 Train R²=0.3576 Gap=0.3045 ✓
[2025-11-20 12:20:43]     Epoch 20/30: Val R²=0.0521 Train R²=0.3607 Gap=0.3086  
[2025-11-20 12:20:54]     Epoch 21/30: Val R²=0.0452 Train R²=0.3650 Gap=0.3197  
[2025-11-20 12:21:05]     Epoch 22/30: Val R²=0.0487 Train R²=0.3605 Gap=0.3118  
[2025-11-20 12:21:16]     Epoch 23/30: Val R²=0.0424 Train R²=0.3672 Gap=0.3248  
[2025-11-20 12:21:27]     Epoch 24/30: Val R²=0.0477 Train R²=0.3673 Gap=0.3196  
[2025-11-20 12:21:38]     Epoch 25/30: Val R²=0.0436 Train R²=0.3693 Gap=0.3257  
[2025-11-20 12:21:49]     Epoch 26/30: Val R²=0.0468 Train R²=0.3741 Gap=0.3273  
[2025-11-20 12:21:49]     Early stopped at epoch 26
[2025-11-20 12:21:49] 
======================================================================
[2025-11-20 12:21:49] Config 26/1000 Complete:
[2025-11-20 12:21:49]   Best Val R²: 0.053087 (epoch 19)
[2025-11-20 12:21:49]   Best Global R²: 0.073698
[2025-11-20 12:21:49]   Overfitting Gap: 0.304549
[2025-11-20 12:21:49]   Parameters: 538,912
[2025-11-20 12:21:49]   Training Time: 284.1s
[2025-11-20 12:21:49]   Not better than global best (0.073698)
[2025-11-20 12:21:49]   Results saved to models/test_bruteforce_search_results.csv
[2025-11-20 12:21:49] 
======================================================================
[2025-11-20 12:21:49] Config 27/1000 - Starting Training:
[2025-11-20 12:21:49]   Architecture:
[2025-11-20 12:21:49]     Lookback: 50, Hidden: 128, Layers: 1, Dropout: 0.1
[2025-11-20 12:21:49]     Bidirectional: True, GRU: True
[2025-11-20 12:21:49]   Output Head:
[2025-11-20 12:21:49]     FC Layers: 1, FC Hidden: 128, Activation: gelu
[2025-11-20 12:21:49]     FC Dropout: 0.3, Batch Norm: True
[2025-11-20 12:21:49]   Training:
[2025-11-20 12:21:49]     Batch Size: 128, LR: 0.0005, Weight Decay: 0.0001
[2025-11-20 12:21:49]     Optimizer: adam, Grad Clip: 5.0, LR Patience: 3
[2025-11-20 12:21:59]     Epoch  1/30: Val R²=0.0131 Train R²=0.2008 Gap=0.1877 ✓
[2025-11-20 12:22:10]     Epoch  2/30: Val R²=0.0457 Train R²=0.3114 Gap=0.2657 ✓
[2025-11-20 12:22:21]     Epoch  3/30: Val R²=0.0377 Train R²=0.3286 Gap=0.2909  
[2025-11-20 12:22:32]     Epoch  4/30: Val R²=0.0512 Train R²=0.3330 Gap=0.2817 ✓
[2025-11-20 12:22:43]     Epoch  5/30: Val R²=0.0559 Train R²=0.3404 Gap=0.2844 ✓
[2025-11-20 12:22:54]     Epoch  6/30: Val R²=0.0587 Train R²=0.3510 Gap=0.2923 ✓
[2025-11-20 12:23:05]     Epoch  7/30: Val R²=0.0647 Train R²=0.3510 Gap=0.2862 ✓
[2025-11-20 12:23:16]     Epoch  8/30: Val R²=0.0540 Train R²=0.3577 Gap=0.3038  
[2025-11-20 12:23:27]     Epoch  9/30: Val R²=0.0421 Train R²=0.3627 Gap=0.3206  
[2025-11-20 12:23:38]     Epoch 10/30: Val R²=0.0468 Train R²=0.3649 Gap=0.3181  
[2025-11-20 12:23:49]     Epoch 11/30: Val R²=0.0360 Train R²=0.3685 Gap=0.3325  
[2025-11-20 12:24:00]     Epoch 12/30: Val R²=0.0466 Train R²=0.3754 Gap=0.3288  
[2025-11-20 12:24:11]     Epoch 13/30: Val R²=0.0486 Train R²=0.3784 Gap=0.3298  
[2025-11-20 12:24:22]     Epoch 14/30: Val R²=0.0576 Train R²=0.3840 Gap=0.3264  
[2025-11-20 12:24:22]     Early stopped at epoch 14
[2025-11-20 12:24:22] 
======================================================================
[2025-11-20 12:24:22] Config 27/1000 Complete:
[2025-11-20 12:24:22]   Best Val R²: 0.064736 (epoch 7)
[2025-11-20 12:24:22]   Best Global R²: 0.073698
[2025-11-20 12:24:22]   Overfitting Gap: 0.286230
[2025-11-20 12:24:22]   Parameters: 538,912
[2025-11-20 12:24:22]   Training Time: 153.2s
[2025-11-20 12:24:22]   Not better than global best (0.073698)
[2025-11-20 12:24:22]   Results saved to models/test_bruteforce_search_results.csv
[2025-11-20 12:24:22] 
======================================================================
[2025-11-20 12:24:22] Config 28/1000 - Starting Training:
[2025-11-20 12:24:22]   Architecture:
[2025-11-20 12:24:22]     Lookback: 50, Hidden: 128, Layers: 1, Dropout: 0.1
[2025-11-20 12:24:22]     Bidirectional: True, GRU: True
[2025-11-20 12:24:22]   Output Head:
[2025-11-20 12:24:22]     FC Layers: 1, FC Hidden: 128, Activation: gelu
[2025-11-20 12:24:22]     FC Dropout: 0.3, Batch Norm: True
[2025-11-20 12:24:22]   Training:
[2025-11-20 12:24:22]     Batch Size: 128, LR: 0.0005, Weight Decay: 0.0001
[2025-11-20 12:24:22]     Optimizer: adamw, Grad Clip: 5.0, LR Patience: 3
[2025-11-20 12:24:33]     Epoch  1/30: Val R²=0.0171 Train R²=0.1891 Gap=0.1721 ✓
[2025-11-20 12:24:43]     Epoch  2/30: Val R²=0.0137 Train R²=0.3028 Gap=0.2892  
[2025-11-20 12:24:54]     Epoch  3/30: Val R²=0.0150 Train R²=0.3246 Gap=0.3095  
[2025-11-20 12:25:05]     Epoch  4/30: Val R²=0.0271 Train R²=0.3355 Gap=0.3084 ✓
[2025-11-20 12:25:16]     Epoch  5/30: Val R²=0.0364 Train R²=0.3437 Gap=0.3073 ✓
[2025-11-20 12:25:27]     Epoch  6/30: Val R²=0.0367 Train R²=0.3495 Gap=0.3128 ✓
[2025-11-20 12:25:37]     Epoch  7/30: Val R²=0.0407 Train R²=0.3542 Gap=0.3135 ✓
[2025-11-20 12:25:48]     Epoch  8/30: Val R²=0.0405 Train R²=0.3599 Gap=0.3193  
[2025-11-20 12:25:59]     Epoch  9/30: Val R²=0.0662 Train R²=0.3654 Gap=0.2991 ✓
[2025-11-20 12:26:10]     Epoch 10/30: Val R²=0.0405 Train R²=0.3669 Gap=0.3264  
[2025-11-20 12:26:21]     Epoch 11/30: Val R²=0.0642 Train R²=0.3726 Gap=0.3083  
[2025-11-20 12:26:32]     Epoch 12/30: Val R²=0.0548 Train R²=0.3773 Gap=0.3225  
[2025-11-20 12:26:42]     Epoch 13/30: Val R²=0.0551 Train R²=0.3806 Gap=0.3255  
[2025-11-20 12:26:54]     Epoch 14/30: Val R²=0.0567 Train R²=0.3916 Gap=0.3349  
[2025-11-20 12:27:06]     Epoch 15/30: Val R²=0.0562 Train R²=0.3964 Gap=0.3402  
[2025-11-20 12:27:17]     Epoch 16/30: Val R²=0.0553 Train R²=0.4021 Gap=0.3468  
[2025-11-20 12:27:17]     Early stopped at epoch 16
[2025-11-20 12:27:17] 
======================================================================
[2025-11-20 12:27:17] Config 28/1000 Complete:
[2025-11-20 12:27:17]   Best Val R²: 0.066208 (epoch 9)
[2025-11-20 12:27:17]   Best Global R²: 0.073698
[2025-11-20 12:27:17]   Overfitting Gap: 0.299142
[2025-11-20 12:27:17]   Parameters: 538,912
[2025-11-20 12:27:17]   Training Time: 174.9s
[2025-11-20 12:27:17]   Not better than global best (0.073698)
[2025-11-20 12:27:17]   Results saved to models/test_bruteforce_search_results.csv
[2025-11-20 12:27:17] 
======================================================================
[2025-11-20 12:27:17] Config 29/1000 - Starting Training:
[2025-11-20 12:27:17]   Architecture:
[2025-11-20 12:27:17]     Lookback: 50, Hidden: 128, Layers: 1, Dropout: 0.1
[2025-11-20 12:27:17]     Bidirectional: True, GRU: True
[2025-11-20 12:27:17]   Output Head:
[2025-11-20 12:27:17]     FC Layers: 1, FC Hidden: 128, Activation: gelu
[2025-11-20 12:27:17]     FC Dropout: 0.3, Batch Norm: False
[2025-11-20 12:27:17]   Training:
[2025-11-20 12:27:17]     Batch Size: 128, LR: 0.0001, Weight Decay: 0.0001
[2025-11-20 12:27:17]     Optimizer: adam, Grad Clip: 5.0, LR Patience: 3
[2025-11-20 12:27:28]     Epoch  1/30: Val R²=-0.0405 Train R²=0.0268 Gap=0.0672 ✓
[2025-11-20 12:27:39]     Epoch  2/30: Val R²=-0.0271 Train R²=0.1617 Gap=0.1888 ✓
[2025-11-20 12:27:50]     Epoch  3/30: Val R²=-0.0169 Train R²=0.2553 Gap=0.2722 ✓
[2025-11-20 12:28:01]     Epoch  4/30: Val R²=-0.0011 Train R²=0.2860 Gap=0.2871 ✓
[2025-11-20 12:28:12]     Epoch  5/30: Val R²=0.0086 Train R²=0.3004 Gap=0.2918 ✓
[2025-11-20 12:28:23]     Epoch  6/30: Val R²=0.0222 Train R²=0.3090 Gap=0.2868 ✓
[2025-11-20 12:28:34]     Epoch  7/30: Val R²=0.0240 Train R²=0.3156 Gap=0.2915 ✓
[2025-11-20 12:28:45]     Epoch  8/30: Val R²=0.0283 Train R²=0.3198 Gap=0.2915 ✓
[2025-11-20 12:28:55]     Epoch  9/30: Val R²=0.0273 Train R²=0.3234 Gap=0.2961  
[2025-11-20 12:29:06]     Epoch 10/30: Val R²=0.0304 Train R²=0.3292 Gap=0.2988 ✓
[2025-11-20 12:29:17]     Epoch 11/30: Val R²=0.0291 Train R²=0.3319 Gap=0.3028  
[2025-11-20 12:29:28]     Epoch 12/30: Val R²=0.0359 Train R²=0.3333 Gap=0.2974 ✓
[2025-11-20 12:29:39]     Epoch 13/30: Val R²=0.0367 Train R²=0.3368 Gap=0.3001 ✓
[2025-11-20 12:29:50]     Epoch 14/30: Val R²=0.0362 Train R²=0.3388 Gap=0.3026  
[2025-11-20 12:30:00]     Epoch 15/30: Val R²=0.0441 Train R²=0.3423 Gap=0.2982 ✓
[2025-11-20 12:30:11]     Epoch 16/30: Val R²=0.0375 Train R²=0.3418 Gap=0.3043  
[2025-11-20 12:30:22]     Epoch 17/30: Val R²=0.0396 Train R²=0.3466 Gap=0.3070  
[2025-11-20 12:30:33]     Epoch 18/30: Val R²=0.0358 Train R²=0.3468 Gap=0.3109  
[2025-11-20 12:30:44]     Epoch 19/30: Val R²=0.0350 Train R²=0.3495 Gap=0.3145  
[2025-11-20 12:30:55]     Epoch 20/30: Val R²=0.0460 Train R²=0.3508 Gap=0.3048 ✓
[2025-11-20 12:31:06]     Epoch 21/30: Val R²=0.0415 Train R²=0.3525 Gap=0.3110  
[2025-11-20 12:31:16]     Epoch 22/30: Val R²=0.0438 Train R²=0.3529 Gap=0.3091  
[2025-11-20 12:31:27]     Epoch 23/30: Val R²=0.0398 Train R²=0.3528 Gap=0.3131  
[2025-11-20 12:31:38]     Epoch 24/30: Val R²=0.0457 Train R²=0.3518 Gap=0.3061  
[2025-11-20 12:31:49]     Epoch 25/30: Val R²=0.0442 Train R²=0.3547 Gap=0.3105  
[2025-11-20 12:32:00]     Epoch 26/30: Val R²=0.0413 Train R²=0.3560 Gap=0.3147  
[2025-11-20 12:32:11]     Epoch 27/30: Val R²=0.0438 Train R²=0.3553 Gap=0.3115  
[2025-11-20 12:32:11]     Early stopped at epoch 27
[2025-11-20 12:32:11] 
======================================================================
[2025-11-20 12:32:11] Config 29/1000 Complete:
[2025-11-20 12:32:11]   Best Val R²: 0.045953 (epoch 20)
[2025-11-20 12:32:11]   Best Global R²: 0.073698
[2025-11-20 12:32:11]   Overfitting Gap: 0.304849
[2025-11-20 12:32:11]   Parameters: 537,376
[2025-11-20 12:32:11]   Training Time: 293.9s
[2025-11-20 12:32:11]   Not better than global best (0.073698)
[2025-11-20 12:32:11]   Results saved to models/test_bruteforce_search_results.csv
[2025-11-20 12:32:11] 
======================================================================
[2025-11-20 12:32:11] Config 30/1000 - Starting Training:
[2025-11-20 12:32:11]   Architecture:
[2025-11-20 12:32:11]     Lookback: 50, Hidden: 128, Layers: 1, Dropout: 0.1
[2025-11-20 12:32:11]     Bidirectional: True, GRU: True
[2025-11-20 12:32:11]   Output Head:
[2025-11-20 12:32:11]     FC Layers: 1, FC Hidden: 128, Activation: gelu
[2025-11-20 12:32:11]     FC Dropout: 0.3, Batch Norm: False
[2025-11-20 12:32:11]   Training:
[2025-11-20 12:32:11]     Batch Size: 128, LR: 0.0001, Weight Decay: 0.0001
[2025-11-20 12:32:11]     Optimizer: adamw, Grad Clip: 5.0, LR Patience: 3
[2025-11-20 12:32:22]     Epoch  1/30: Val R²=-0.0579 Train R²=0.0403 Gap=0.0982 ✓
[2025-11-20 12:32:32]     Epoch  2/30: Val R²=-0.0285 Train R²=0.1782 Gap=0.2067 ✓
[2025-11-20 12:32:43]     Epoch  3/30: Val R²=-0.0113 Train R²=0.2503 Gap=0.2617 ✓
[2025-11-20 12:32:54]     Epoch  4/30: Val R²=-0.0025 Train R²=0.2800 Gap=0.2825 ✓
[2025-11-20 12:33:05]     Epoch  5/30: Val R²=0.0155 Train R²=0.2952 Gap=0.2797 ✓
[2025-11-20 12:33:16]     Epoch  6/30: Val R²=0.0183 Train R²=0.3030 Gap=0.2847 ✓
[2025-11-20 12:33:27]     Epoch  7/30: Val R²=0.0291 Train R²=0.3101 Gap=0.2810 ✓
[2025-11-20 12:33:38]     Epoch  8/30: Val R²=0.0227 Train R²=0.3156 Gap=0.2929  
[2025-11-20 12:33:49]     Epoch  9/30: Val R²=0.0309 Train R²=0.3206 Gap=0.2897 ✓
[2025-11-20 12:34:00]     Epoch 10/30: Val R²=0.0368 Train R²=0.3234 Gap=0.2866 ✓
[2025-11-20 12:34:11]     Epoch 11/30: Val R²=0.0296 Train R²=0.3282 Gap=0.2986  
[2025-11-20 12:34:21]     Epoch 12/30: Val R²=0.0325 Train R²=0.3296 Gap=0.2971  
[2025-11-20 12:34:32]     Epoch 13/30: Val R²=0.0343 Train R²=0.3329 Gap=0.2986  
[2025-11-20 12:34:43]     Epoch 14/30: Val R²=0.0361 Train R²=0.3379 Gap=0.3018  
[2025-11-20 12:34:54]     Epoch 15/30: Val R²=0.0353 Train R²=0.3405 Gap=0.3052  
[2025-11-20 12:35:05]     Epoch 16/30: Val R²=0.0386 Train R²=0.3396 Gap=0.3009 ✓
[2025-11-20 12:35:16]     Epoch 17/30: Val R²=0.0352 Train R²=0.3432 Gap=0.3080  
[2025-11-20 12:35:27]     Epoch 18/30: Val R²=0.0369 Train R²=0.3448 Gap=0.3079  
[2025-11-20 12:35:38]     Epoch 19/30: Val R²=0.0358 Train R²=0.3454 Gap=0.3096  
[2025-11-20 12:35:49]     Epoch 20/30: Val R²=0.0346 Train R²=0.3487 Gap=0.3142  
[2025-11-20 12:36:00]     Epoch 21/30: Val R²=0.0358 Train R²=0.3489 Gap=0.3131  
[2025-11-20 12:36:10]     Epoch 22/30: Val R²=0.0340 Train R²=0.3475 Gap=0.3134  
[2025-11-20 12:36:21]     Epoch 23/30: Val R²=0.0360 Train R²=0.3497 Gap=0.3137  
[2025-11-20 12:36:21]     Early stopped at epoch 23
[2025-11-20 12:36:21] 
======================================================================
[2025-11-20 12:36:21] Config 30/1000 Complete:
[2025-11-20 12:36:21]   Best Val R²: 0.038641 (epoch 16)
[2025-11-20 12:36:21]   Best Global R²: 0.073698
[2025-11-20 12:36:21]   Overfitting Gap: 0.300924
[2025-11-20 12:36:21]   Parameters: 537,376
[2025-11-20 12:36:21]   Training Time: 250.8s
[2025-11-20 12:36:21]   Not better than global best (0.073698)
[2025-11-20 12:36:21]   Results saved to models/test_bruteforce_search_results.csv
[2025-11-20 12:36:21] 
======================================================================
[2025-11-20 12:36:21] Config 31/1000 - Starting Training:
[2025-11-20 12:36:21]   Architecture:
[2025-11-20 12:36:21]     Lookback: 50, Hidden: 128, Layers: 1, Dropout: 0.1
[2025-11-20 12:36:21]     Bidirectional: True, GRU: True
[2025-11-20 12:36:21]   Output Head:
[2025-11-20 12:36:21]     FC Layers: 1, FC Hidden: 128, Activation: gelu
[2025-11-20 12:36:21]     FC Dropout: 0.3, Batch Norm: False
[2025-11-20 12:36:21]   Training:
[2025-11-20 12:36:21]     Batch Size: 128, LR: 0.0005, Weight Decay: 0.0001
[2025-11-20 12:36:21]     Optimizer: adam, Grad Clip: 5.0, LR Patience: 3
[2025-11-20 12:36:32]     Epoch  1/30: Val R²=-0.0094 Train R²=0.1909 Gap=0.2003 ✓
[2025-11-20 12:36:43]     Epoch  2/30: Val R²=0.0295 Train R²=0.3047 Gap=0.2752 ✓
[2025-11-20 12:36:54]     Epoch  3/30: Val R²=0.0318 Train R²=0.3227 Gap=0.2909 ✓
[2025-11-20 12:37:04]     Epoch  4/30: Val R²=0.0426 Train R²=0.3304 Gap=0.2877 ✓
[2025-11-20 12:37:15]     Epoch  5/30: Val R²=0.0437 Train R²=0.3390 Gap=0.2953 ✓
[2025-11-20 12:37:26]     Epoch  6/30: Val R²=0.0481 Train R²=0.3429 Gap=0.2948 ✓
[2025-11-20 12:37:37]     Epoch  7/30: Val R²=0.0437 Train R²=0.3482 Gap=0.3045  
[2025-11-20 12:37:47]     Epoch  8/30: Val R²=0.0308 Train R²=0.3510 Gap=0.3202  
[2025-11-20 12:37:58]     Epoch  9/30: Val R²=0.0344 Train R²=0.3555 Gap=0.3212  
[2025-11-20 12:38:09]     Epoch 10/30: Val R²=0.0501 Train R²=0.3558 Gap=0.3057 ✓
[2025-11-20 12:38:20]     Epoch 11/30: Val R²=0.0699 Train R²=0.3608 Gap=0.2909 ✓
[2025-11-20 12:38:31]     Epoch 12/30: Val R²=0.0601 Train R²=0.3633 Gap=0.3032  
[2025-11-20 12:38:42]     Epoch 13/30: Val R²=0.0613 Train R²=0.3648 Gap=0.3036  
[2025-11-20 12:38:53]     Epoch 14/30: Val R²=0.0681 Train R²=0.3636 Gap=0.2955  
[2025-11-20 12:39:04]     Epoch 15/30: Val R²=0.0579 Train R²=0.3679 Gap=0.3100  
[2025-11-20 12:39:15]     Epoch 16/30: Val R²=0.0667 Train R²=0.3729 Gap=0.3062  
[2025-11-20 12:39:25]     Epoch 17/30: Val R²=0.0635 Train R²=0.3770 Gap=0.3134  
[2025-11-20 12:39:36]     Epoch 18/30: Val R²=0.0739 Train R²=0.3768 Gap=0.3029 ✓
[2025-11-20 12:39:47]     Epoch 19/30: Val R²=0.0678 Train R²=0.3789 Gap=0.3111  
[2025-11-20 12:39:58]     Epoch 20/30: Val R²=0.0735 Train R²=0.3824 Gap=0.3090  
[2025-11-20 12:40:09]     Epoch 21/30: Val R²=0.0668 Train R²=0.3848 Gap=0.3180  
[2025-11-20 12:40:20]     Epoch 22/30: Val R²=0.0633 Train R²=0.3853 Gap=0.3220  
[2025-11-20 12:40:31]     Epoch 23/30: Val R²=0.0550 Train R²=0.3899 Gap=0.3349  
[2025-11-20 12:40:41]     Epoch 24/30: Val R²=0.0680 Train R²=0.3931 Gap=0.3251  
[2025-11-20 12:40:52]     Epoch 25/30: Val R²=0.0544 Train R²=0.3943 Gap=0.3399  
[2025-11-20 12:40:52]     Early stopped at epoch 25
[2025-11-20 12:40:52] 
======================================================================
[2025-11-20 12:40:52] Config 31/1000 Complete:
[2025-11-20 12:40:52]   Best Val R²: 0.073902 (epoch 18)
[2025-11-20 12:40:52]   Best Global R²: 0.073698
[2025-11-20 12:40:52]   Overfitting Gap: 0.302868
[2025-11-20 12:40:52]   Parameters: 537,376
[2025-11-20 12:40:52]   Training Time: 270.5s
[2025-11-20 12:40:52] 
🎉🎉🎉 NEW GLOBAL BEST! R² improved from 0.073698 to 0.073902
[2025-11-20 12:40:52] 
======================================================================
[2025-11-20 12:40:52] 🏆 CREATING SUBMISSION - NEW BEST MODEL!
[2025-11-20 12:40:52] ======================================================================
[2025-11-20 12:40:52]   Val R²: 0.073902
[2025-11-20 12:40:52]   Directory: ../submissions/bruteforce_r2_00739_20251120_104123_cfg31
[2025-11-20 12:40:52]   Saved model: model_best.pt
[2025-11-20 12:40:52]   Generated: solution.py
[2025-11-20 12:40:52]   Copied: utils.py
[2025-11-20 12:40:52]   Copied: models.py
[2025-11-20 12:40:52]   Saved: metadata.json
[2025-11-20 12:40:52] ======================================================================

[2025-11-20 12:40:52]   Results saved to models/test_bruteforce_search_results.csv
[2025-11-20 12:40:52] 
======================================================================
[2025-11-20 12:40:52] Config 32/1000 - Starting Training:
[2025-11-20 12:40:52]   Architecture:
[2025-11-20 12:40:52]     Lookback: 50, Hidden: 128, Layers: 1, Dropout: 0.1
[2025-11-20 12:40:52]     Bidirectional: True, GRU: True
[2025-11-20 12:40:52]   Output Head:
[2025-11-20 12:40:52]     FC Layers: 1, FC Hidden: 128, Activation: gelu
[2025-11-20 12:40:52]     FC Dropout: 0.3, Batch Norm: False
[2025-11-20 12:40:52]   Training:
[2025-11-20 12:40:52]     Batch Size: 128, LR: 0.0005, Weight Decay: 0.0001
[2025-11-20 12:40:52]     Optimizer: adamw, Grad Clip: 5.0, LR Patience: 3
[2025-11-20 12:41:03]     Epoch  1/30: Val R²=-0.0048 Train R²=0.1777 Gap=0.1825 ✓
[2025-11-20 12:41:13]     Epoch  2/30: Val R²=0.0223 Train R²=0.3006 Gap=0.2783 ✓
[2025-11-20 12:41:24]     Epoch  3/30: Val R²=0.0346 Train R²=0.3234 Gap=0.2888 ✓
[2025-11-20 12:41:35]     Epoch  4/30: Val R²=0.0379 Train R²=0.3364 Gap=0.2984 ✓
[2025-11-20 12:41:45]     Epoch  5/30: Val R²=0.0484 Train R²=0.3414 Gap=0.2931 ✓
[2025-11-20 12:41:56]     Epoch  6/30: Val R²=0.0681 Train R²=0.3492 Gap=0.2811 ✓
[2025-11-20 12:42:07]     Epoch  7/30: Val R²=0.0552 Train R²=0.3564 Gap=0.3011  
[2025-11-20 12:42:17]     Epoch  8/30: Val R²=0.0580 Train R²=0.3557 Gap=0.2976  
[2025-11-20 12:42:28]     Epoch  9/30: Val R²=0.0706 Train R²=0.3621 Gap=0.2914 ✓
[2025-11-20 12:42:38]     Epoch 10/30: Val R²=0.0647 Train R²=0.3665 Gap=0.3018  
[2025-11-20 12:42:49]     Epoch 11/30: Val R²=0.0451 Train R²=0.3720 Gap=0.3270  
[2025-11-20 12:43:00]     Epoch 12/30: Val R²=0.0647 Train R²=0.3735 Gap=0.3089  
[2025-11-20 12:43:10]     Epoch 13/30: Val R²=0.0646 Train R²=0.3795 Gap=0.3149  
[2025-11-20 12:43:20]     Epoch 14/30: Val R²=0.0661 Train R²=0.3875 Gap=0.3214  
[2025-11-20 12:43:31]     Epoch 15/30: Val R²=0.0581 Train R²=0.3925 Gap=0.3343  
[2025-11-20 12:43:41]     Epoch 16/30: Val R²=0.0597 Train R²=0.3940 Gap=0.3342  
[2025-11-20 12:43:41]     Early stopped at epoch 16
[2025-11-20 12:43:41] 
======================================================================
[2025-11-20 12:43:41] Config 32/1000 Complete:
[2025-11-20 12:43:41]   Best Val R²: 0.070610 (epoch 9)
[2025-11-20 12:43:41]   Best Global R²: 0.073902
[2025-11-20 12:43:41]   Overfitting Gap: 0.291448
[2025-11-20 12:43:41]   Parameters: 537,376
[2025-11-20 12:43:41]   Training Time: 169.4s
[2025-11-20 12:43:41]   Not better than global best (0.073902)
[2025-11-20 12:43:41]   Results saved to models/test_bruteforce_search_results.csv
[2025-11-20 12:43:41] 
======================================================================
[2025-11-20 12:43:41] Config 33/1000 - Starting Training:
[2025-11-20 12:43:41]   Architecture:
[2025-11-20 12:43:41]     Lookback: 50, Hidden: 128, Layers: 1, Dropout: 0.1
[2025-11-20 12:43:41]     Bidirectional: True, GRU: True
[2025-11-20 12:43:41]   Output Head:
[2025-11-20 12:43:41]     FC Layers: 1, FC Hidden: 192, Activation: relu
[2025-11-20 12:43:41]     FC Dropout: 0.1, Batch Norm: True
[2025-11-20 12:43:41]   Training:
[2025-11-20 12:43:41]     Batch Size: 128, LR: 0.0001, Weight Decay: 0.0001
[2025-11-20 12:43:41]     Optimizer: adam, Grad Clip: 5.0, LR Patience: 3
[2025-11-20 12:43:52]     Epoch  1/30: Val R²=-0.0481 Train R²=0.0534 Gap=0.1015 ✓
[2025-11-20 12:44:02]     Epoch  2/30: Val R²=0.0019 Train R²=0.1840 Gap=0.1821 ✓
[2025-11-20 12:44:13]     Epoch  3/30: Val R²=0.0214 Train R²=0.2513 Gap=0.2300 ✓
[2025-11-20 12:44:23]     Epoch  4/30: Val R²=0.0332 Train R²=0.2862 Gap=0.2530 ✓
[2025-11-20 12:44:34]     Epoch  5/30: Val R²=0.0303 Train R²=0.3033 Gap=0.2730  
[2025-11-20 12:44:46]     Epoch  6/30: Val R²=0.0350 Train R²=0.3143 Gap=0.2793 ✓
[2025-11-20 12:44:57]     Epoch  7/30: Val R²=0.0445 Train R²=0.3191 Gap=0.2747 ✓
[2025-11-20 12:45:07]     Epoch  8/30: Val R²=0.0437 Train R²=0.3272 Gap=0.2835  
[2025-11-20 12:45:18]     Epoch  9/30: Val R²=0.0422 Train R²=0.3324 Gap=0.2902  
[2025-11-20 12:45:29]     Epoch 10/30: Val R²=0.0411 Train R²=0.3371 Gap=0.2959  
[2025-11-20 12:45:40]     Epoch 11/30: Val R²=0.0528 Train R²=0.3408 Gap=0.2879 ✓
[2025-11-20 12:45:51]     Epoch 12/30: Val R²=0.0609 Train R²=0.3411 Gap=0.2802 ✓
[2025-11-20 12:46:01]     Epoch 13/30: Val R²=0.0554 Train R²=0.3436 Gap=0.2882  
[2025-11-20 12:46:12]     Epoch 14/30: Val R²=0.0480 Train R²=0.3500 Gap=0.3021  
[2025-11-20 12:46:22]     Epoch 15/30: Val R²=0.0498 Train R²=0.3501 Gap=0.3004  
[2025-11-20 12:46:33]     Epoch 16/30: Val R²=0.0536 Train R²=0.3527 Gap=0.2991  
[2025-11-20 12:46:43]     Epoch 17/30: Val R²=0.0556 Train R²=0.3532 Gap=0.2976  
[2025-11-20 12:46:54]     Epoch 18/30: Val R²=0.0559 Train R²=0.3562 Gap=0.3003  
[2025-11-20 12:47:04]     Epoch 19/30: Val R²=0.0592 Train R²=0.3569 Gap=0.2977  
[2025-11-20 12:47:04]     Early stopped at epoch 19
[2025-11-20 12:47:04] 
======================================================================
[2025-11-20 12:47:04] Config 33/1000 Complete:
[2025-11-20 12:47:04]   Best Val R²: 0.060917 (epoch 12)
[2025-11-20 12:47:04]   Best Global R²: 0.073902
[2025-11-20 12:47:04]   Overfitting Gap: 0.280182
[2025-11-20 12:47:04]   Parameters: 538,912
[2025-11-20 12:47:04]   Training Time: 203.1s
[2025-11-20 12:47:04]   Not better than global best (0.073902)
[2025-11-20 12:47:04]   Results saved to models/test_bruteforce_search_results.csv
[2025-11-20 12:47:04] 
======================================================================
[2025-11-20 12:47:04] Config 34/1000 - Starting Training:
[2025-11-20 12:47:04]   Architecture:
[2025-11-20 12:47:04]     Lookback: 50, Hidden: 128, Layers: 1, Dropout: 0.1
[2025-11-20 12:47:04]     Bidirectional: True, GRU: True
[2025-11-20 12:47:04]   Output Head:
[2025-11-20 12:47:04]     FC Layers: 1, FC Hidden: 192, Activation: relu
[2025-11-20 12:47:04]     FC Dropout: 0.1, Batch Norm: True
[2025-11-20 12:47:04]   Training:
[2025-11-20 12:47:04]     Batch Size: 128, LR: 0.0001, Weight Decay: 0.0001
[2025-11-20 12:47:04]     Optimizer: adamw, Grad Clip: 5.0, LR Patience: 3
[2025-11-20 12:47:15]     Epoch  1/30: Val R²=-0.0409 Train R²=0.0590 Gap=0.0998 ✓
[2025-11-20 12:47:26]     Epoch  2/30: Val R²=0.0162 Train R²=0.1933 Gap=0.1771 ✓
[2025-11-20 12:47:37]     Epoch  3/30: Val R²=0.0230 Train R²=0.2580 Gap=0.2350 ✓
[2025-11-20 12:47:48]     Epoch  4/30: Val R²=0.0369 Train R²=0.2841 Gap=0.2471 ✓
[2025-11-20 12:47:59]     Epoch  5/30: Val R²=0.0388 Train R²=0.2999 Gap=0.2611 ✓
[2025-11-20 12:48:10]     Epoch  6/30: Val R²=0.0414 Train R²=0.3116 Gap=0.2701 ✓
[2025-11-20 12:48:21]     Epoch  7/30: Val R²=0.0486 Train R²=0.3189 Gap=0.2703 ✓
[2025-11-20 12:48:32]     Epoch  8/30: Val R²=0.0480 Train R²=0.3264 Gap=0.2784  
[2025-11-20 12:48:43]     Epoch  9/30: Val R²=0.0511 Train R²=0.3305 Gap=0.2794 ✓
[2025-11-20 12:48:54]     Epoch 10/30: Val R²=0.0604 Train R²=0.3352 Gap=0.2748 ✓
[2025-11-20 12:49:05]     Epoch 11/30: Val R²=0.0605 Train R²=0.3365 Gap=0.2760 ✓
[2025-11-20 12:49:17]     Epoch 12/30: Val R²=0.0619 Train R²=0.3406 Gap=0.2788 ✓
[2025-11-20 12:49:28]     Epoch 13/30: Val R²=0.0571 Train R²=0.3432 Gap=0.2861  
[2025-11-20 12:49:39]     Epoch 14/30: Val R²=0.0559 Train R²=0.3450 Gap=0.2891  
[2025-11-20 12:49:50]     Epoch 15/30: Val R²=0.0632 Train R²=0.3472 Gap=0.2841 ✓
[2025-11-20 12:50:01]     Epoch 16/30: Val R²=0.0606 Train R²=0.3487 Gap=0.2880  
[2025-11-20 12:50:12]     Epoch 17/30: Val R²=0.0672 Train R²=0.3541 Gap=0.2868 ✓
[2025-11-20 12:50:24]     Epoch 18/30: Val R²=0.0730 Train R²=0.3555 Gap=0.2825 ✓
[2025-11-20 12:50:35]     Epoch 19/30: Val R²=0.0635 Train R²=0.3573 Gap=0.2939  
[2025-11-20 12:50:46]     Epoch 20/30: Val R²=0.0677 Train R²=0.3588 Gap=0.2910  
[2025-11-20 12:50:57]     Epoch 21/30: Val R²=0.0665 Train R²=0.3617 Gap=0.2952  
[2025-11-20 12:51:09]     Epoch 22/30: Val R²=0.0656 Train R²=0.3621 Gap=0.2965  
[2025-11-20 12:51:21]     Epoch 23/30: Val R²=0.0662 Train R²=0.3678 Gap=0.3016  
[2025-11-20 12:51:33]     Epoch 24/30: Val R²=0.0665 Train R²=0.3708 Gap=0.3044  
[2025-11-20 12:51:44]     Epoch 25/30: Val R²=0.0662 Train R²=0.3727 Gap=0.3066  
[2025-11-20 12:51:44]     Early stopped at epoch 25
[2025-11-20 12:51:44] 
======================================================================
[2025-11-20 12:51:44] Config 34/1000 Complete:
[2025-11-20 12:51:44]   Best Val R²: 0.072999 (epoch 18)
[2025-11-20 12:51:44]   Best Global R²: 0.073902
[2025-11-20 12:51:44]   Overfitting Gap: 0.282545
[2025-11-20 12:51:44]   Parameters: 538,912
[2025-11-20 12:51:44]   Training Time: 279.9s
[2025-11-20 12:51:44]   Not better than global best (0.073902)
[2025-11-20 12:51:44]   Results saved to models/test_bruteforce_search_results.csv
[2025-11-20 12:51:44] 
======================================================================
[2025-11-20 12:51:44] Config 35/1000 - Starting Training:
[2025-11-20 12:51:44]   Architecture:
[2025-11-20 12:51:44]     Lookback: 50, Hidden: 128, Layers: 1, Dropout: 0.1
[2025-11-20 12:51:44]     Bidirectional: True, GRU: True
[2025-11-20 12:51:44]   Output Head:
[2025-11-20 12:51:44]     FC Layers: 1, FC Hidden: 192, Activation: relu
[2025-11-20 12:51:44]     FC Dropout: 0.1, Batch Norm: True
[2025-11-20 12:51:44]   Training:
[2025-11-20 12:51:44]     Batch Size: 128, LR: 0.0005, Weight Decay: 0.0001
[2025-11-20 12:51:44]     Optimizer: adam, Grad Clip: 5.0, LR Patience: 3
[2025-11-20 12:51:56]     Epoch  1/30: Val R²=0.0160 Train R²=0.2046 Gap=0.1886 ✓
[2025-11-20 12:52:08]     Epoch  2/30: Val R²=0.0233 Train R²=0.3068 Gap=0.2834 ✓
[2025-11-20 12:52:20]     Epoch  3/30: Val R²=0.0443 Train R²=0.3256 Gap=0.2813 ✓
[2025-11-20 12:52:31]     Epoch  4/30: Val R²=0.0422 Train R²=0.3353 Gap=0.2931  
[2025-11-20 12:52:42]     Epoch  5/30: Val R²=0.0273 Train R²=0.3412 Gap=0.3139  
[2025-11-20 12:52:54]     Epoch  6/30: Val R²=0.0542 Train R²=0.3450 Gap=0.2908 ✓
[2025-11-20 12:53:05]     Epoch  7/30: Val R²=0.0713 Train R²=0.3495 Gap=0.2783 ✓
[2025-11-20 12:53:17]     Epoch  8/30: Val R²=0.0849 Train R²=0.3503 Gap=0.2654 ✓
[2025-11-20 12:53:28]     Epoch  9/30: Val R²=0.0670 Train R²=0.3619 Gap=0.2949  
[2025-11-20 12:53:39]     Epoch 10/30: Val R²=0.0758 Train R²=0.3629 Gap=0.2871  
[2025-11-20 12:53:50]     Epoch 11/30: Val R²=0.0671 Train R²=0.3637 Gap=0.2966  
[2025-11-20 12:54:01]     Epoch 12/30: Val R²=0.0681 Train R²=0.3692 Gap=0.3011  
[2025-11-20 12:54:12]     Epoch 13/30: Val R²=0.0669 Train R²=0.3798 Gap=0.3129  
[2025-11-20 12:54:23]     Epoch 14/30: Val R²=0.0749 Train R²=0.3815 Gap=0.3065  
[2025-11-20 12:54:34]     Epoch 15/30: Val R²=0.0741 Train R²=0.3846 Gap=0.3105  
[2025-11-20 12:54:34]     Early stopped at epoch 15
[2025-11-20 12:54:34] 
======================================================================
[2025-11-20 12:54:34] Config 35/1000 Complete:
[2025-11-20 12:54:34]   Best Val R²: 0.084892 (epoch 8)
[2025-11-20 12:54:34]   Best Global R²: 0.073902
[2025-11-20 12:54:34]   Overfitting Gap: 0.265414
[2025-11-20 12:54:34]   Parameters: 538,912
[2025-11-20 12:54:34]   Training Time: 169.5s
[2025-11-20 12:54:34] 
🎉🎉🎉 NEW GLOBAL BEST! R² improved from 0.073902 to 0.084892
[2025-11-20 12:54:34] 
======================================================================
[2025-11-20 12:54:34] 🏆 CREATING SUBMISSION - NEW BEST MODEL!
[2025-11-20 12:54:34] ======================================================================
[2025-11-20 12:54:34]   Val R²: 0.084892
[2025-11-20 12:54:34]   Directory: ../submissions/bruteforce_r2_00849_20251120_104123_cfg35
[2025-11-20 12:54:34]   Saved model: model_best.pt
[2025-11-20 12:54:34]   Generated: solution.py
[2025-11-20 12:54:34]   Copied: utils.py
[2025-11-20 12:54:34]   Copied: models.py
[2025-11-20 12:54:34]   Saved: metadata.json
[2025-11-20 12:54:34] ======================================================================

[2025-11-20 12:54:34]   Results saved to models/test_bruteforce_search_results.csv
[2025-11-20 12:54:34] 
======================================================================
[2025-11-20 12:54:34] Config 36/1000 - Starting Training:
[2025-11-20 12:54:34]   Architecture:
[2025-11-20 12:54:34]     Lookback: 50, Hidden: 128, Layers: 1, Dropout: 0.1
[2025-11-20 12:54:34]     Bidirectional: True, GRU: True
[2025-11-20 12:54:34]   Output Head:
[2025-11-20 12:54:34]     FC Layers: 1, FC Hidden: 192, Activation: relu
[2025-11-20 12:54:34]     FC Dropout: 0.1, Batch Norm: True
[2025-11-20 12:54:34]   Training:
[2025-11-20 12:54:34]     Batch Size: 128, LR: 0.0005, Weight Decay: 0.0001
[2025-11-20 12:54:34]     Optimizer: adamw, Grad Clip: 5.0, LR Patience: 3
[2025-11-20 12:54:45]     Epoch  1/30: Val R²=-0.0053 Train R²=0.1888 Gap=0.1940 ✓
[2025-11-20 12:54:56]     Epoch  2/30: Val R²=0.0325 Train R²=0.3017 Gap=0.2692 ✓
[2025-11-20 12:55:07]     Epoch  3/30: Val R²=0.0356 Train R²=0.3257 Gap=0.2901 ✓
[2025-11-20 12:55:18]     Epoch  4/30: Val R²=0.0381 Train R²=0.3334 Gap=0.2954 ✓
[2025-11-20 12:55:29]     Epoch  5/30: Val R²=0.0554 Train R²=0.3422 Gap=0.2867 ✓
[2025-11-20 12:55:40]     Epoch  6/30: Val R²=0.0512 Train R²=0.3489 Gap=0.2977  
[2025-11-20 12:55:51]     Epoch  7/30: Val R²=0.0642 Train R²=0.3559 Gap=0.2917 ✓
[2025-11-20 12:56:02]     Epoch  8/30: Val R²=0.0452 Train R²=0.3608 Gap=0.3156  
[2025-11-20 12:56:13]     Epoch  9/30: Val R²=0.0558 Train R²=0.3639 Gap=0.3081  
[2025-11-20 12:56:24]     Epoch 10/30: Val R²=0.0700 Train R²=0.3693 Gap=0.2994 ✓
[2025-11-20 12:56:35]     Epoch 11/30: Val R²=0.0590 Train R²=0.3714 Gap=0.3124  
[2025-11-20 12:56:46]     Epoch 12/30: Val R²=0.0704 Train R²=0.3767 Gap=0.3063 ✓
[2025-11-20 12:56:57]     Epoch 13/30: Val R²=0.0567 Train R²=0.3864 Gap=0.3297  
[2025-11-20 12:57:08]     Epoch 14/30: Val R²=0.0708 Train R²=0.3830 Gap=0.3123 ✓
[2025-11-20 12:57:19]     Epoch 15/30: Val R²=0.0470 Train R²=0.3882 Gap=0.3412  
[2025-11-20 12:57:31]     Epoch 16/30: Val R²=0.0500 Train R²=0.3915 Gap=0.3415  
[2025-11-20 12:57:42]     Epoch 17/30: Val R²=0.0487 Train R²=0.3975 Gap=0.3488  
[2025-11-20 12:57:54]     Epoch 18/30: Val R²=0.0437 Train R²=0.4055 Gap=0.3618  
[2025-11-20 12:58:06]     Epoch 19/30: Val R²=0.0289 Train R²=0.4170 Gap=0.3880  
[2025-11-20 12:58:18]     Epoch 20/30: Val R²=0.0397 Train R²=0.4239 Gap=0.3841  
[2025-11-20 12:58:31]     Epoch 21/30: Val R²=0.0380 Train R²=0.4284 Gap=0.3904  
[2025-11-20 12:58:31]     Early stopped at epoch 21
[2025-11-20 12:58:31] 
======================================================================
[2025-11-20 12:58:31] Config 36/1000 Complete:
[2025-11-20 12:58:31]   Best Val R²: 0.070754 (epoch 14)
[2025-11-20 12:58:31]   Best Global R²: 0.084892
[2025-11-20 12:58:31]   Overfitting Gap: 0.312255
[2025-11-20 12:58:31]   Parameters: 538,912
[2025-11-20 12:58:31]   Training Time: 236.8s
[2025-11-20 12:58:31]   Not better than global best (0.084892)
[2025-11-20 12:58:31]   Results saved to models/test_bruteforce_search_results.csv
[2025-11-20 12:58:31] 
======================================================================
[2025-11-20 12:58:31] Config 37/1000 - Starting Training:
[2025-11-20 12:58:31]   Architecture:
[2025-11-20 12:58:31]     Lookback: 50, Hidden: 128, Layers: 1, Dropout: 0.1
[2025-11-20 12:58:31]     Bidirectional: True, GRU: True
[2025-11-20 12:58:31]   Output Head:
[2025-11-20 12:58:31]     FC Layers: 1, FC Hidden: 192, Activation: relu
[2025-11-20 12:58:31]     FC Dropout: 0.1, Batch Norm: False
[2025-11-20 12:58:31]   Training:
[2025-11-20 12:58:31]     Batch Size: 128, LR: 0.0001, Weight Decay: 0.0001
[2025-11-20 12:58:31]     Optimizer: adam, Grad Clip: 5.0, LR Patience: 3
[2025-11-20 12:58:42]     Epoch  1/30: Val R²=-0.0618 Train R²=0.0364 Gap=0.0982 ✓
[2025-11-20 12:58:55]     Epoch  2/30: Val R²=-0.0244 Train R²=0.1738 Gap=0.1983 ✓
[2025-11-20 12:59:07]     Epoch  3/30: Val R²=-0.0082 Train R²=0.2556 Gap=0.2638 ✓
[2025-11-20 12:59:19]     Epoch  4/30: Val R²=-0.0021 Train R²=0.2827 Gap=0.2848 ✓
[2025-11-20 12:59:31]     Epoch  5/30: Val R²=0.0100 Train R²=0.2965 Gap=0.2866 ✓
[2025-11-20 12:59:43]     Epoch  6/30: Val R²=0.0119 Train R²=0.3067 Gap=0.2948 ✓
[2025-11-20 12:59:55]     Epoch  7/30: Val R²=0.0198 Train R²=0.3133 Gap=0.2935 ✓
[2025-11-20 13:00:07]     Epoch  8/30: Val R²=0.0197 Train R²=0.3168 Gap=0.2971  
[2025-11-20 13:00:19]     Epoch  9/30: Val R²=0.0232 Train R²=0.3213 Gap=0.2981 ✓
[2025-11-20 13:00:31]     Epoch 10/30: Val R²=0.0241 Train R²=0.3257 Gap=0.3016 ✓
[2025-11-20 13:00:43]     Epoch 11/30: Val R²=0.0235 Train R²=0.3281 Gap=0.3046  
[2025-11-20 13:00:55]     Epoch 12/30: Val R²=0.0202 Train R²=0.3325 Gap=0.3122  
[2025-11-20 13:01:07]     Epoch 13/30: Val R²=0.0308 Train R²=0.3324 Gap=0.3016 ✓
[2025-11-20 13:01:19]     Epoch 14/30: Val R²=0.0261 Train R²=0.3358 Gap=0.3097  
[2025-11-20 13:01:31]     Epoch 15/30: Val R²=0.0276 Train R²=0.3394 Gap=0.3118  
[2025-11-20 13:01:43]     Epoch 16/30: Val R²=0.0317 Train R²=0.3411 Gap=0.3094 ✓
[2025-11-20 13:01:54]     Epoch 17/30: Val R²=0.0324 Train R²=0.3418 Gap=0.3094 ✓
[2025-11-20 13:02:06]     Epoch 18/30: Val R²=0.0318 Train R²=0.3454 Gap=0.3135  
[2025-11-20 13:02:18]     Epoch 19/30: Val R²=0.0308 Train R²=0.3477 Gap=0.3169  
[2025-11-20 13:02:30]     Epoch 20/30: Val R²=0.0306 Train R²=0.3473 Gap=0.3167  
[2025-11-20 13:02:42]     Epoch 21/30: Val R²=0.0326 Train R²=0.3494 Gap=0.3169 ✓
[2025-11-20 13:02:54]     Epoch 22/30: Val R²=0.0324 Train R²=0.3506 Gap=0.3182  
[2025-11-20 13:03:06]     Epoch 23/30: Val R²=0.0405 Train R²=0.3547 Gap=0.3142 ✓
[2025-11-20 13:03:17]     Epoch 24/30: Val R²=0.0313 Train R²=0.3543 Gap=0.3231  
[2025-11-20 13:03:29]     Epoch 25/30: Val R²=0.0342 Train R²=0.3556 Gap=0.3214  
[2025-11-20 13:03:41]     Epoch 26/30: Val R²=0.0282 Train R²=0.3573 Gap=0.3292  
[2025-11-20 13:03:53]     Epoch 27/30: Val R²=0.0267 Train R²=0.3573 Gap=0.3307  
[2025-11-20 13:04:04]     Epoch 28/30: Val R²=0.0329 Train R²=0.3616 Gap=0.3287  
[2025-11-20 13:04:16]     Epoch 29/30: Val R²=0.0335 Train R²=0.3614 Gap=0.3279  
[2025-11-20 13:04:28]     Epoch 30/30: Val R²=0.0296 Train R²=0.3623 Gap=0.3328  
[2025-11-20 13:04:28]     Early stopped at epoch 30
[2025-11-20 13:04:28] 
======================================================================
[2025-11-20 13:04:28] Config 37/1000 Complete:
[2025-11-20 13:04:28]   Best Val R²: 0.040485 (epoch 23)
[2025-11-20 13:04:28]   Best Global R²: 0.084892
[2025-11-20 13:04:28]   Overfitting Gap: 0.314222
[2025-11-20 13:04:28]   Parameters: 537,376
[2025-11-20 13:04:28]   Training Time: 357.0s
[2025-11-20 13:04:28]   Not better than global best (0.084892)
[2025-11-20 13:04:28]   Results saved to models/test_bruteforce_search_results.csv
[2025-11-20 13:04:28] 
======================================================================
[2025-11-20 13:04:28] Config 38/1000 - Starting Training:
[2025-11-20 13:04:28]   Architecture:
[2025-11-20 13:04:28]     Lookback: 50, Hidden: 128, Layers: 1, Dropout: 0.1
[2025-11-20 13:04:28]     Bidirectional: True, GRU: True
[2025-11-20 13:04:28]   Output Head:
[2025-11-20 13:04:28]     FC Layers: 1, FC Hidden: 192, Activation: relu
[2025-11-20 13:04:28]     FC Dropout: 0.1, Batch Norm: False
[2025-11-20 13:04:28]   Training:
[2025-11-20 13:04:28]     Batch Size: 128, LR: 0.0001, Weight Decay: 0.0001
[2025-11-20 13:04:28]     Optimizer: adamw, Grad Clip: 5.0, LR Patience: 3
[2025-11-20 13:04:39]     Epoch  1/30: Val R²=-0.0440 Train R²=0.0451 Gap=0.0891 ✓
[2025-11-20 13:04:51]     Epoch  2/30: Val R²=-0.0173 Train R²=0.1828 Gap=0.2001 ✓
[2025-11-20 13:05:03]     Epoch  3/30: Val R²=0.0018 Train R²=0.2564 Gap=0.2546 ✓
[2025-11-20 13:05:15]     Epoch  4/30: Val R²=0.0129 Train R²=0.2880 Gap=0.2751 ✓
[2025-11-20 13:05:27]     Epoch  5/30: Val R²=0.0277 Train R²=0.3020 Gap=0.2742 ✓
[2025-11-20 13:05:39]     Epoch  6/30: Val R²=0.0246 Train R²=0.3090 Gap=0.2844  
[2025-11-20 13:05:50]     Epoch  7/30: Val R²=0.0248 Train R²=0.3170 Gap=0.2922  
[2025-11-20 13:06:02]     Epoch  8/30: Val R²=0.0302 Train R²=0.3202 Gap=0.2900 ✓
[2025-11-20 13:06:14]     Epoch  9/30: Val R²=0.0299 Train R²=0.3251 Gap=0.2953  
[2025-11-20 13:06:26]     Epoch 10/30: Val R²=0.0366 Train R²=0.3287 Gap=0.2921 ✓
[2025-11-20 13:06:38]     Epoch 11/30: Val R²=0.0304 Train R²=0.3328 Gap=0.3024  
[2025-11-20 13:06:51]     Epoch 12/30: Val R²=0.0387 Train R²=0.3352 Gap=0.2965 ✓
[2025-11-20 13:07:03]     Epoch 13/30: Val R²=0.0438 Train R²=0.3373 Gap=0.2935 ✓
[2025-11-20 13:07:16]     Epoch 14/30: Val R²=0.0374 Train R²=0.3369 Gap=0.2995  
[2025-11-20 13:07:28]     Epoch 15/30: Val R²=0.0392 Train R²=0.3408 Gap=0.3016  
[2025-11-20 13:07:40]     Epoch 16/30: Val R²=0.0433 Train R²=0.3433 Gap=0.3000  
[2025-11-20 13:07:52]     Epoch 17/30: Val R²=0.0500 Train R²=0.3442 Gap=0.2942 ✓
[2025-11-20 13:08:04]     Epoch 18/30: Val R²=0.0453 Train R²=0.3481 Gap=0.3028  
[2025-11-20 13:08:16]     Epoch 19/30: Val R²=0.0437 Train R²=0.3472 Gap=0.3036  
[2025-11-20 13:08:28]     Epoch 20/30: Val R²=0.0414 Train R²=0.3505 Gap=0.3091  
[2025-11-20 13:08:40]     Epoch 21/30: Val R²=0.0396 Train R²=0.3508 Gap=0.3112  
[2025-11-20 13:08:52]     Epoch 22/30: Val R²=0.0398 Train R²=0.3562 Gap=0.3164  
[2025-11-20 13:09:05]     Epoch 23/30: Val R²=0.0389 Train R²=0.3549 Gap=0.3160  
[2025-11-20 13:09:17]     Epoch 24/30: Val R²=0.0375 Train R²=0.3558 Gap=0.3182  
[2025-11-20 13:09:17]     Early stopped at epoch 24
[2025-11-20 13:09:17] 
======================================================================
[2025-11-20 13:09:17] Config 38/1000 Complete:
[2025-11-20 13:09:17]   Best Val R²: 0.050003 (epoch 17)
[2025-11-20 13:09:17]   Best Global R²: 0.084892
[2025-11-20 13:09:17]   Overfitting Gap: 0.294186
[2025-11-20 13:09:17]   Parameters: 537,376
[2025-11-20 13:09:17]   Training Time: 289.0s
[2025-11-20 13:09:17]   Not better than global best (0.084892)
[2025-11-20 13:09:17]   Results saved to models/test_bruteforce_search_results.csv
[2025-11-20 13:09:17] 
======================================================================
[2025-11-20 13:09:17] Config 39/1000 - Starting Training:
[2025-11-20 13:09:17]   Architecture:
[2025-11-20 13:09:17]     Lookback: 50, Hidden: 128, Layers: 1, Dropout: 0.1
[2025-11-20 13:09:17]     Bidirectional: True, GRU: True
[2025-11-20 13:09:17]   Output Head:
[2025-11-20 13:09:17]     FC Layers: 1, FC Hidden: 192, Activation: relu
[2025-11-20 13:09:17]     FC Dropout: 0.1, Batch Norm: False
[2025-11-20 13:09:17]   Training:
[2025-11-20 13:09:17]     Batch Size: 128, LR: 0.0005, Weight Decay: 0.0001
[2025-11-20 13:09:17]     Optimizer: adam, Grad Clip: 5.0, LR Patience: 3
[2025-11-20 13:09:28]     Epoch  1/30: Val R²=-0.0043 Train R²=0.1908 Gap=0.1951 ✓
[2025-11-20 13:09:40]     Epoch  2/30: Val R²=0.0047 Train R²=0.3075 Gap=0.3028 ✓
[2025-11-20 13:09:52]     Epoch  3/30: Val R²=0.0313 Train R²=0.3241 Gap=0.2928 ✓
[2025-11-20 13:10:03]     Epoch  4/30: Val R²=0.0218 Train R²=0.3360 Gap=0.3142  
[2025-11-20 13:10:15]     Epoch  5/30: Val R²=0.0426 Train R²=0.3383 Gap=0.2957 ✓
[2025-11-20 13:10:27]     Epoch  6/30: Val R²=0.0402 Train R²=0.3431 Gap=0.3029  
[2025-11-20 13:10:39]     Epoch  7/30: Val R²=0.0480 Train R²=0.3467 Gap=0.2988 ✓
[2025-11-20 13:10:51]     Epoch  8/30: Val R²=0.0664 Train R²=0.3490 Gap=0.2825 ✓
[2025-11-20 13:11:03]     Epoch  9/30: Val R²=0.0599 Train R²=0.3534 Gap=0.2935  
[2025-11-20 13:11:15]     Epoch 10/30: Val R²=0.0428 Train R²=0.3578 Gap=0.3150  
[2025-11-20 13:11:27]     Epoch 11/30: Val R²=0.0700 Train R²=0.3586 Gap=0.2885 ✓
[2025-11-20 13:11:39]     Epoch 12/30: Val R²=0.0427 Train R²=0.3630 Gap=0.3203  
[2025-11-20 13:11:51]     Epoch 13/30: Val R²=0.0623 Train R²=0.3621 Gap=0.2998  
[2025-11-20 13:12:03]     Epoch 14/30: Val R²=0.0659 Train R²=0.3651 Gap=0.2991  
[2025-11-20 13:12:15]     Epoch 15/30: Val R²=0.0650 Train R²=0.3699 Gap=0.3049  
[2025-11-20 13:12:27]     Epoch 16/30: Val R²=0.0785 Train R²=0.3769 Gap=0.2985 ✓
[2025-11-20 13:12:38]     Epoch 17/30: Val R²=0.0722 Train R²=0.3812 Gap=0.3091  
[2025-11-20 13:12:50]     Epoch 18/30: Val R²=0.0762 Train R²=0.3811 Gap=0.3049  
[2025-11-20 13:13:02]     Epoch 19/30: Val R²=0.0764 Train R²=0.3814 Gap=0.3050  
[2025-11-20 13:13:13]     Epoch 20/30: Val R²=0.0644 Train R²=0.3867 Gap=0.3223  
[2025-11-20 13:13:25]     Epoch 21/30: Val R²=0.0708 Train R²=0.3887 Gap=0.3179  
[2025-11-20 13:13:37]     Epoch 22/30: Val R²=0.0669 Train R²=0.3915 Gap=0.3246  
[2025-11-20 13:13:49]     Epoch 23/30: Val R²=0.0603 Train R²=0.3938 Gap=0.3334  
[2025-11-20 13:13:49]     Early stopped at epoch 23
[2025-11-20 13:13:49] 
======================================================================
[2025-11-20 13:13:49] Config 39/1000 Complete:
[2025-11-20 13:13:49]   Best Val R²: 0.078469 (epoch 16)
[2025-11-20 13:13:49]   Best Global R²: 0.084892
[2025-11-20 13:13:49]   Overfitting Gap: 0.298460
[2025-11-20 13:13:49]   Parameters: 537,376
[2025-11-20 13:13:49]   Training Time: 272.0s
[2025-11-20 13:13:49]   Not better than global best (0.084892)
[2025-11-20 13:13:49]   Results saved to models/test_bruteforce_search_results.csv
[2025-11-20 13:13:49] 
======================================================================
[2025-11-20 13:13:49] Config 40/1000 - Starting Training:
[2025-11-20 13:13:49]   Architecture:
[2025-11-20 13:13:49]     Lookback: 50, Hidden: 128, Layers: 1, Dropout: 0.1
[2025-11-20 13:13:49]     Bidirectional: True, GRU: True
[2025-11-20 13:13:49]   Output Head:
[2025-11-20 13:13:49]     FC Layers: 1, FC Hidden: 192, Activation: relu
[2025-11-20 13:13:49]     FC Dropout: 0.1, Batch Norm: False
[2025-11-20 13:13:49]   Training:
[2025-11-20 13:13:49]     Batch Size: 128, LR: 0.0005, Weight Decay: 0.0001
[2025-11-20 13:13:49]     Optimizer: adamw, Grad Clip: 5.0, LR Patience: 3
[2025-11-20 13:14:00]     Epoch  1/30: Val R²=-0.0053 Train R²=0.1827 Gap=0.1881 ✓
[2025-11-20 13:14:12]     Epoch  2/30: Val R²=0.0218 Train R²=0.2988 Gap=0.2770 ✓
[2025-11-20 13:14:24]     Epoch  3/30: Val R²=0.0272 Train R²=0.3239 Gap=0.2966 ✓
[2025-11-20 13:14:36]     Epoch  4/30: Val R²=0.0340 Train R²=0.3306 Gap=0.2966 ✓
[2025-11-20 13:14:49]     Epoch  5/30: Val R²=0.0252 Train R²=0.3428 Gap=0.3176  
[2025-11-20 13:15:01]     Epoch  6/30: Val R²=0.0505 Train R²=0.3480 Gap=0.2975 ✓
[2025-11-20 13:15:12]     Epoch  7/30: Val R²=0.0413 Train R²=0.3526 Gap=0.3113  
[2025-11-20 13:15:24]     Epoch  8/30: Val R²=0.0535 Train R²=0.3576 Gap=0.3041 ✓
[2025-11-20 13:15:36]     Epoch  9/30: Val R²=0.0546 Train R²=0.3607 Gap=0.3060 ✓
[2025-11-20 13:15:48]     Epoch 10/30: Val R²=0.0677 Train R²=0.3673 Gap=0.2995 ✓
[2025-11-20 13:16:00]     Epoch 11/30: Val R²=0.0537 Train R²=0.3670 Gap=0.3133  
[2025-11-20 13:16:12]     Epoch 12/30: Val R²=0.0469 Train R²=0.3729 Gap=0.3259  
[2025-11-20 13:16:24]     Epoch 13/30: Val R²=0.0319 Train R²=0.3746 Gap=0.3427  
[2025-11-20 13:16:36]     Epoch 14/30: Val R²=0.0523 Train R²=0.3806 Gap=0.3283  
[2025-11-20 13:16:48]     Epoch 15/30: Val R²=0.0480 Train R²=0.3891 Gap=0.3411  
[2025-11-20 13:16:59]     Epoch 16/30: Val R²=0.0463 Train R²=0.3932 Gap=0.3469  
[2025-11-20 13:17:11]     Epoch 17/30: Val R²=0.0555 Train R²=0.3994 Gap=0.3440  
[2025-11-20 13:17:11]     Early stopped at epoch 17
[2025-11-20 13:17:11] 
======================================================================
[2025-11-20 13:17:11] Config 40/1000 Complete:
[2025-11-20 13:17:11]   Best Val R²: 0.067741 (epoch 10)
[2025-11-20 13:17:11]   Best Global R²: 0.084892
[2025-11-20 13:17:11]   Overfitting Gap: 0.299542
[2025-11-20 13:17:11]   Parameters: 537,376
[2025-11-20 13:17:11]   Training Time: 202.7s
[2025-11-20 13:17:11]   Not better than global best (0.084892)
[2025-11-20 13:17:11]   Results saved to models/test_bruteforce_search_results.csv
[2025-11-20 13:17:11] 
======================================================================
[2025-11-20 13:17:11] Config 41/1000 - Starting Training:
[2025-11-20 13:17:11]   Architecture:
[2025-11-20 13:17:11]     Lookback: 50, Hidden: 128, Layers: 1, Dropout: 0.1
[2025-11-20 13:17:11]     Bidirectional: True, GRU: True
[2025-11-20 13:17:11]   Output Head:
[2025-11-20 13:17:11]     FC Layers: 1, FC Hidden: 192, Activation: relu
[2025-11-20 13:17:11]     FC Dropout: 0.3, Batch Norm: True
[2025-11-20 13:17:11]   Training:
[2025-11-20 13:17:11]     Batch Size: 128, LR: 0.0001, Weight Decay: 0.0001
[2025-11-20 13:17:11]     Optimizer: adam, Grad Clip: 5.0, LR Patience: 3
[2025-11-20 13:17:23]     Epoch  1/30: Val R²=-0.0155 Train R²=0.0450 Gap=0.0604 ✓
[2025-11-20 13:17:35]     Epoch  2/30: Val R²=0.0229 Train R²=0.1749 Gap=0.1520 ✓
[2025-11-20 13:17:47]     Epoch  3/30: Val R²=0.0412 Train R²=0.2543 Gap=0.2131 ✓
[2025-11-20 13:17:59]     Epoch  4/30: Val R²=0.0516 Train R²=0.2872 Gap=0.2356 ✓
[2025-11-20 13:18:11]     Epoch  5/30: Val R²=0.0614 Train R²=0.2996 Gap=0.2382 ✓
[2025-11-20 13:18:22]     Epoch  6/30: Val R²=0.0614 Train R²=0.3132 Gap=0.2518  
[2025-11-20 13:18:34]     Epoch  7/30: Val R²=0.0605 Train R²=0.3170 Gap=0.2565  
[2025-11-20 13:18:46]     Epoch  8/30: Val R²=0.0685 Train R²=0.3226 Gap=0.2541 ✓
[2025-11-20 13:18:58]     Epoch  9/30: Val R²=0.0684 Train R²=0.3274 Gap=0.2591  
[2025-11-20 13:19:10]     Epoch 10/30: Val R²=0.0644 Train R²=0.3331 Gap=0.2687  
[2025-11-20 13:19:22]     Epoch 11/30: Val R²=0.0666 Train R²=0.3325 Gap=0.2659  
[2025-11-20 13:19:34]     Epoch 12/30: Val R²=0.0711 Train R²=0.3378 Gap=0.2667 ✓
[2025-11-20 13:19:45]     Epoch 13/30: Val R²=0.0726 Train R²=0.3402 Gap=0.2677 ✓
[2025-11-20 13:19:57]     Epoch 14/30: Val R²=0.0686 Train R²=0.3418 Gap=0.2732  
[2025-11-20 13:20:09]     Epoch 15/30: Val R²=0.0745 Train R²=0.3459 Gap=0.2714 ✓
[2025-11-20 13:20:21]     Epoch 16/30: Val R²=0.0678 Train R²=0.3479 Gap=0.2801  
[2025-11-20 13:20:33]     Epoch 17/30: Val R²=0.0721 Train R²=0.3500 Gap=0.2779  
[2025-11-20 13:20:45]     Epoch 18/30: Val R²=0.0706 Train R²=0.3496 Gap=0.2791  
[2025-11-20 13:20:57]     Epoch 19/30: Val R²=0.0629 Train R²=0.3513 Gap=0.2884  
[2025-11-20 13:21:09]     Epoch 20/30: Val R²=0.0691 Train R²=0.3561 Gap=0.2869  
[2025-11-20 13:21:21]     Epoch 21/30: Val R²=0.0743 Train R²=0.3597 Gap=0.2854  
[2025-11-20 13:21:33]     Epoch 22/30: Val R²=0.0709 Train R²=0.3573 Gap=0.2864  
[2025-11-20 13:21:33]     Early stopped at epoch 22
[2025-11-20 13:21:33] 
======================================================================
[2025-11-20 13:21:33] Config 41/1000 Complete:
[2025-11-20 13:21:33]   Best Val R²: 0.074512 (epoch 15)
[2025-11-20 13:21:33]   Best Global R²: 0.084892
[2025-11-20 13:21:33]   Overfitting Gap: 0.271401
[2025-11-20 13:21:33]   Parameters: 538,912
[2025-11-20 13:21:33]   Training Time: 261.9s
[2025-11-20 13:21:33]   Not better than global best (0.084892)
[2025-11-20 13:21:33]   Results saved to models/test_bruteforce_search_results.csv
[2025-11-20 13:21:33] 
======================================================================
[2025-11-20 13:21:33] Config 42/1000 - Starting Training:
[2025-11-20 13:21:33]   Architecture:
[2025-11-20 13:21:33]     Lookback: 50, Hidden: 128, Layers: 1, Dropout: 0.1
[2025-11-20 13:21:33]     Bidirectional: True, GRU: True
[2025-11-20 13:21:33]   Output Head:
[2025-11-20 13:21:33]     FC Layers: 1, FC Hidden: 192, Activation: relu
[2025-11-20 13:21:33]     FC Dropout: 0.3, Batch Norm: True
[2025-11-20 13:21:33]   Training:
[2025-11-20 13:21:33]     Batch Size: 128, LR: 0.0001, Weight Decay: 0.0001
[2025-11-20 13:21:33]     Optimizer: adamw, Grad Clip: 5.0, LR Patience: 3
[2025-11-20 13:21:45]     Epoch  1/30: Val R²=-0.0213 Train R²=0.0513 Gap=0.0726 ✓
[2025-11-20 13:21:57]     Epoch  2/30: Val R²=0.0270 Train R²=0.1706 Gap=0.1437 ✓
[2025-11-20 13:22:09]     Epoch  3/30: Val R²=0.0271 Train R²=0.2476 Gap=0.2205 ✓
[2025-11-20 13:22:21]     Epoch  4/30: Val R²=0.0555 Train R²=0.2806 Gap=0.2251 ✓
[2025-11-20 13:22:33]     Epoch  5/30: Val R²=0.0576 Train R²=0.3019 Gap=0.2443 ✓
[2025-11-20 13:22:45]     Epoch  6/30: Val R²=0.0422 Train R²=0.3112 Gap=0.2690  
[2025-11-20 13:22:57]     Epoch  7/30: Val R²=0.0599 Train R²=0.3153 Gap=0.2555 ✓
[2025-11-20 13:23:09]     Epoch  8/30: Val R²=0.0638 Train R²=0.3244 Gap=0.2606 ✓
[2025-11-20 13:23:20]     Epoch  9/30: Val R²=0.0562 Train R²=0.3283 Gap=0.2721  
[2025-11-20 13:23:32]     Epoch 10/30: Val R²=0.0656 Train R²=0.3330 Gap=0.2674 ✓
[2025-11-20 13:23:44]     Epoch 11/30: Val R²=0.0633 Train R²=0.3335 Gap=0.2701  
[2025-11-20 13:23:56]     Epoch 12/30: Val R²=0.0725 Train R²=0.3397 Gap=0.2672 ✓
[2025-11-20 13:24:08]     Epoch 13/30: Val R²=0.0608 Train R²=0.3408 Gap=0.2800  
[2025-11-20 13:24:20]     Epoch 14/30: Val R²=0.0719 Train R²=0.3443 Gap=0.2724  
[2025-11-20 13:24:31]     Epoch 15/30: Val R²=0.0700 Train R²=0.3449 Gap=0.2749  
[2025-11-20 13:24:43]     Epoch 16/30: Val R²=0.0757 Train R²=0.3483 Gap=0.2726 ✓
[2025-11-20 13:24:55]     Epoch 17/30: Val R²=0.0662 Train R²=0.3503 Gap=0.2841  
[2025-11-20 13:25:07]     Epoch 18/30: Val R²=0.0688 Train R²=0.3543 Gap=0.2856  
[2025-11-20 13:25:19]     Epoch 19/30: Val R²=0.0668 Train R²=0.3574 Gap=0.2906  
[2025-11-20 13:25:31]     Epoch 20/30: Val R²=0.0631 Train R²=0.3612 Gap=0.2981  
[2025-11-20 13:25:43]     Epoch 21/30: Val R²=0.0667 Train R²=0.3624 Gap=0.2957  
[2025-11-20 13:25:55]     Epoch 22/30: Val R²=0.0669 Train R²=0.3648 Gap=0.2979  
[2025-11-20 13:26:07]     Epoch 23/30: Val R²=0.0675 Train R²=0.3645 Gap=0.2970  
[2025-11-20 13:26:07]     Early stopped at epoch 23
[2025-11-20 13:26:07] 
======================================================================
[2025-11-20 13:26:07] Config 42/1000 Complete:
[2025-11-20 13:26:07]   Best Val R²: 0.075742 (epoch 16)
[2025-11-20 13:26:07]   Best Global R²: 0.084892
[2025-11-20 13:26:07]   Overfitting Gap: 0.272565
[2025-11-20 13:26:07]   Parameters: 538,912
[2025-11-20 13:26:07]   Training Time: 274.2s
[2025-11-20 13:26:07]   Not better than global best (0.084892)
[2025-11-20 13:26:07]   Results saved to models/test_bruteforce_search_results.csv
[2025-11-20 13:26:07] 
======================================================================
[2025-11-20 13:26:07] Config 43/1000 - Starting Training:
[2025-11-20 13:26:07]   Architecture:
[2025-11-20 13:26:07]     Lookback: 50, Hidden: 128, Layers: 1, Dropout: 0.1
[2025-11-20 13:26:07]     Bidirectional: True, GRU: True
[2025-11-20 13:26:07]   Output Head:
[2025-11-20 13:26:07]     FC Layers: 1, FC Hidden: 192, Activation: relu
[2025-11-20 13:26:07]     FC Dropout: 0.3, Batch Norm: True
[2025-11-20 13:26:07]   Training:
[2025-11-20 13:26:07]     Batch Size: 128, LR: 0.0005, Weight Decay: 0.0001
[2025-11-20 13:26:07]     Optimizer: adam, Grad Clip: 5.0, LR Patience: 3
[2025-11-20 13:26:20]     Epoch  1/30: Val R²=0.0109 Train R²=0.1804 Gap=0.1695 ✓
[2025-11-20 13:26:33]     Epoch  2/30: Val R²=0.0523 Train R²=0.3046 Gap=0.2524 ✓
[2025-11-20 13:26:45]     Epoch  3/30: Val R²=0.0656 Train R²=0.3237 Gap=0.2581 ✓
[2025-11-20 13:26:57]     Epoch  4/30: Val R²=0.0574 Train R²=0.3349 Gap=0.2775  
[2025-11-20 13:27:09]     Epoch  5/30: Val R²=0.0621 Train R²=0.3427 Gap=0.2807  
[2025-11-20 13:27:21]     Epoch  6/30: Val R²=0.0533 Train R²=0.3456 Gap=0.2923  
[2025-11-20 13:27:33]     Epoch  7/30: Val R²=0.0671 Train R²=0.3528 Gap=0.2857 ✓
[2025-11-20 13:27:45]     Epoch  8/30: Val R²=0.0643 Train R²=0.3545 Gap=0.2902  
[2025-11-20 13:27:57]     Epoch  9/30: Val R²=0.0710 Train R²=0.3591 Gap=0.2881 ✓
[2025-11-20 13:28:09]     Epoch 10/30: Val R²=0.0768 Train R²=0.3647 Gap=0.2879 ✓
[2025-11-20 13:28:20]     Epoch 11/30: Val R²=0.0972 Train R²=0.3691 Gap=0.2719 ✓
[2025-11-20 13:28:32]     Epoch 12/30: Val R²=0.0851 Train R²=0.3696 Gap=0.2845  
[2025-11-20 13:28:44]     Epoch 13/30: Val R²=0.0783 Train R²=0.3758 Gap=0.2975  
[2025-11-20 13:28:56]     Epoch 14/30: Val R²=0.0742 Train R²=0.3764 Gap=0.3022  
[2025-11-20 13:29:08]     Epoch 15/30: Val R²=0.0743 Train R²=0.3804 Gap=0.3061  
[2025-11-20 13:29:20]     Epoch 16/30: Val R²=0.0624 Train R²=0.3903 Gap=0.3279  
[2025-11-20 13:29:32]     Epoch 17/30: Val R²=0.0754 Train R²=0.3944 Gap=0.3190  
[2025-11-20 13:29:44]     Epoch 18/30: Val R²=0.0677 Train R²=0.3982 Gap=0.3305  
[2025-11-20 13:29:44]     Early stopped at epoch 18
[2025-11-20 13:29:44] 
======================================================================
[2025-11-20 13:29:44] Config 43/1000 Complete:
[2025-11-20 13:29:44]   Best Val R²: 0.097189 (epoch 11)
[2025-11-20 13:29:44]   Best Global R²: 0.084892
[2025-11-20 13:29:44]   Overfitting Gap: 0.271882
[2025-11-20 13:29:44]   Parameters: 538,912
[2025-11-20 13:29:44]   Training Time: 216.3s
[2025-11-20 13:29:44] 
🎉🎉🎉 NEW GLOBAL BEST! R² improved from 0.084892 to 0.097189
[2025-11-20 13:29:44] 
======================================================================
[2025-11-20 13:29:44] 🏆 CREATING SUBMISSION - NEW BEST MODEL!
[2025-11-20 13:29:44] ======================================================================
[2025-11-20 13:29:44]   Val R²: 0.097189
[2025-11-20 13:29:44]   Directory: ../submissions/bruteforce_r2_00972_20251120_104123_cfg43
[2025-11-20 13:29:44]   Saved model: model_best.pt
[2025-11-20 13:29:44]   Generated: solution.py
[2025-11-20 13:29:44]   Copied: utils.py
[2025-11-20 13:29:44]   Copied: models.py
[2025-11-20 13:29:44]   Saved: metadata.json
[2025-11-20 13:29:44] ======================================================================

[2025-11-20 13:29:44]   Results saved to models/test_bruteforce_search_results.csv
[2025-11-20 13:29:44] 
======================================================================
[2025-11-20 13:29:44] Config 44/1000 - Starting Training:
[2025-11-20 13:29:44]   Architecture:
[2025-11-20 13:29:44]     Lookback: 50, Hidden: 128, Layers: 1, Dropout: 0.1
[2025-11-20 13:29:44]     Bidirectional: True, GRU: True
[2025-11-20 13:29:44]   Output Head:
[2025-11-20 13:29:44]     FC Layers: 1, FC Hidden: 192, Activation: relu
[2025-11-20 13:29:44]     FC Dropout: 0.3, Batch Norm: True
[2025-11-20 13:29:44]   Training:
[2025-11-20 13:29:44]     Batch Size: 128, LR: 0.0005, Weight Decay: 0.0001
[2025-11-20 13:29:44]     Optimizer: adamw, Grad Clip: 5.0, LR Patience: 3
[2025-11-20 13:29:57]     Epoch  1/30: Val R²=0.0280 Train R²=0.1891 Gap=0.1611 ✓
[2025-11-20 13:30:10]     Epoch  2/30: Val R²=0.0383 Train R²=0.3051 Gap=0.2667 ✓
[2025-11-20 13:30:22]     Epoch  3/30: Val R²=0.0320 Train R²=0.3267 Gap=0.2947  
[2025-11-20 13:30:35]     Epoch  4/30: Val R²=0.0560 Train R²=0.3377 Gap=0.2818 ✓
[2025-11-20 13:30:47]     Epoch  5/30: Val R²=0.0400 Train R²=0.3435 Gap=0.3036  
[2025-11-20 13:30:59]     Epoch  6/30: Val R²=0.0652 Train R²=0.3480 Gap=0.2827 ✓
[2025-11-20 13:31:12]     Epoch  7/30: Val R²=0.0381 Train R²=0.3562 Gap=0.3181  
[2025-11-20 13:31:24]     Epoch  8/30: Val R²=0.0448 Train R²=0.3595 Gap=0.3146  
[2025-11-20 13:31:37]     Epoch  9/30: Val R²=0.0523 Train R²=0.3658 Gap=0.3135  
[2025-11-20 13:31:50]     Epoch 10/30: Val R²=0.0312 Train R²=0.3707 Gap=0.3395  
[2025-11-20 13:32:03]     Epoch 11/30: Val R²=0.0475 Train R²=0.3806 Gap=0.3332  
[2025-11-20 13:32:16]     Epoch 12/30: Val R²=0.0369 Train R²=0.3839 Gap=0.3470  
[2025-11-20 13:32:29]     Epoch 13/30: Val R²=0.0395 Train R²=0.3880 Gap=0.3485  
[2025-11-20 13:32:29]     Early stopped at epoch 13
[2025-11-20 13:32:29] 
======================================================================
[2025-11-20 13:32:29] Config 44/1000 Complete:
[2025-11-20 13:32:29]   Best Val R²: 0.065248 (epoch 6)
[2025-11-20 13:32:29]   Best Global R²: 0.097189
[2025-11-20 13:32:29]   Overfitting Gap: 0.282733
[2025-11-20 13:32:29]   Parameters: 538,912
[2025-11-20 13:32:29]   Training Time: 165.1s
[2025-11-20 13:32:29]   Not better than global best (0.097189)
[2025-11-20 13:32:29]   Results saved to models/test_bruteforce_search_results.csv
[2025-11-20 13:32:29] 
======================================================================
[2025-11-20 13:32:29] Config 45/1000 - Starting Training:
[2025-11-20 13:32:29]   Architecture:
[2025-11-20 13:32:29]     Lookback: 50, Hidden: 128, Layers: 1, Dropout: 0.1
[2025-11-20 13:32:29]     Bidirectional: True, GRU: True
[2025-11-20 13:32:29]   Output Head:
[2025-11-20 13:32:29]     FC Layers: 1, FC Hidden: 192, Activation: relu
[2025-11-20 13:32:29]     FC Dropout: 0.3, Batch Norm: False
[2025-11-20 13:32:29]   Training:
[2025-11-20 13:32:29]     Batch Size: 128, LR: 0.0001, Weight Decay: 0.0001
[2025-11-20 13:32:29]     Optimizer: adam, Grad Clip: 5.0, LR Patience: 3
[2025-11-20 13:32:41]     Epoch  1/30: Val R²=-0.0651 Train R²=0.0283 Gap=0.0934 ✓
[2025-11-20 13:32:54]     Epoch  2/30: Val R²=-0.0321 Train R²=0.1698 Gap=0.2018 ✓
[2025-11-20 13:33:08]     Epoch  3/30: Val R²=-0.0085 Train R²=0.2567 Gap=0.2651 ✓
[2025-11-20 13:33:22]     Epoch  4/30: Val R²=0.0119 Train R²=0.2832 Gap=0.2713 ✓
[2025-11-20 13:33:36]     Epoch  5/30: Val R²=0.0136 Train R²=0.2973 Gap=0.2837 ✓
[2025-11-20 13:33:49]     Epoch  6/30: Val R²=0.0249 Train R²=0.3026 Gap=0.2777 ✓
[2025-11-20 13:34:02]     Epoch  7/30: Val R²=0.0242 Train R²=0.3106 Gap=0.2863  
[2025-11-20 13:34:15]     Epoch  8/30: Val R²=0.0369 Train R²=0.3134 Gap=0.2765 ✓
[2025-11-20 13:34:28]     Epoch  9/30: Val R²=0.0335 Train R²=0.3179 Gap=0.2845  
[2025-11-20 13:34:41]     Epoch 10/30: Val R²=0.0334 Train R²=0.3201 Gap=0.2867  
[2025-11-20 13:34:55]     Epoch 11/30: Val R²=0.0398 Train R²=0.3234 Gap=0.2835 ✓
[2025-11-20 13:35:09]     Epoch 12/30: Val R²=0.0451 Train R²=0.3266 Gap=0.2815 ✓
[2025-11-20 13:35:23]     Epoch 13/30: Val R²=0.0434 Train R²=0.3291 Gap=0.2857  
[2025-11-20 13:35:37]     Epoch 14/30: Val R²=0.0380 Train R²=0.3312 Gap=0.2932  
[2025-11-20 13:35:51]     Epoch 15/30: Val R²=0.0372 Train R²=0.3330 Gap=0.2958  
[2025-11-20 13:36:05]     Epoch 16/30: Val R²=0.0354 Train R²=0.3362 Gap=0.3007  
[2025-11-20 13:36:23]     Epoch 17/30: Val R²=0.0394 Train R²=0.3394 Gap=0.3000  
[2025-11-20 13:36:41]     Epoch 18/30: Val R²=0.0447 Train R²=0.3393 Gap=0.2946  
[2025-11-20 13:36:59]     Epoch 19/30: Val R²=0.0480 Train R²=0.3409 Gap=0.2929 ✓
[2025-11-20 13:37:16]     Epoch 20/30: Val R²=0.0453 Train R²=0.3429 Gap=0.2977  
[2025-11-20 13:37:33]     Epoch 21/30: Val R²=0.0423 Train R²=0.3441 Gap=0.3018  
[2025-11-20 13:37:50]     Epoch 22/30: Val R²=0.0502 Train R²=0.3446 Gap=0.2945 ✓
[2025-11-20 13:38:07]     Epoch 23/30: Val R²=0.0475 Train R²=0.3448 Gap=0.2972  
[2025-11-20 13:38:24]     Epoch 24/30: Val R²=0.0429 Train R²=0.3459 Gap=0.3031  
[2025-11-20 13:38:41]     Epoch 25/30: Val R²=0.0468 Train R²=0.3448 Gap=0.2980  
[2025-11-20 13:38:58]     Epoch 26/30: Val R²=0.0427 Train R²=0.3470 Gap=0.3043  
[2025-11-20 13:39:16]     Epoch 27/30: Val R²=0.0457 Train R²=0.3484 Gap=0.3027  
[2025-11-20 13:39:33]     Epoch 28/30: Val R²=0.0458 Train R²=0.3484 Gap=0.3025  
[2025-11-20 13:39:51]     Epoch 29/30: Val R²=0.0425 Train R²=0.3496 Gap=0.3071  
[2025-11-20 13:39:51]     Early stopped at epoch 29
[2025-11-20 13:39:51] 
======================================================================
[2025-11-20 13:39:51] Config 45/1000 Complete:
[2025-11-20 13:39:51]   Best Val R²: 0.050159 (epoch 22)
[2025-11-20 13:39:51]   Best Global R²: 0.097189
[2025-11-20 13:39:51]   Overfitting Gap: 0.294457
[2025-11-20 13:39:51]   Parameters: 537,376
[2025-11-20 13:39:51]   Training Time: 442.4s
[2025-11-20 13:39:51]   Not better than global best (0.097189)
[2025-11-20 13:39:51]   Results saved to models/test_bruteforce_search_results.csv
[2025-11-20 13:39:51] 
======================================================================
[2025-11-20 13:39:51] Config 46/1000 - Starting Training:
[2025-11-20 13:39:51]   Architecture:
[2025-11-20 13:39:51]     Lookback: 50, Hidden: 128, Layers: 1, Dropout: 0.1
[2025-11-20 13:39:51]     Bidirectional: True, GRU: True
[2025-11-20 13:39:51]   Output Head:
[2025-11-20 13:39:51]     FC Layers: 1, FC Hidden: 192, Activation: relu
[2025-11-20 13:39:51]     FC Dropout: 0.3, Batch Norm: False
[2025-11-20 13:39:51]   Training:
[2025-11-20 13:39:51]     Batch Size: 128, LR: 0.0001, Weight Decay: 0.0001
[2025-11-20 13:39:51]     Optimizer: adamw, Grad Clip: 5.0, LR Patience: 3
[2025-11-20 13:40:09]     Epoch  1/30: Val R²=-0.0570 Train R²=0.0344 Gap=0.0915 ✓
[2025-11-20 13:40:27]     Epoch  2/30: Val R²=-0.0100 Train R²=0.1678 Gap=0.1778 ✓
[2025-11-20 13:40:45]     Epoch  3/30: Val R²=-0.0059 Train R²=0.2454 Gap=0.2514 ✓
[2025-11-20 13:41:02]     Epoch  4/30: Val R²=-0.0007 Train R²=0.2785 Gap=0.2792 ✓
[2025-11-20 13:41:19]     Epoch  5/30: Val R²=0.0125 Train R²=0.2937 Gap=0.2812 ✓
[2025-11-20 13:41:37]     Epoch  6/30: Val R²=0.0175 Train R²=0.3067 Gap=0.2892 ✓
[2025-11-20 13:41:54]     Epoch  7/30: Val R²=0.0183 Train R²=0.3103 Gap=0.2919 ✓
[2025-11-20 13:42:11]     Epoch  8/30: Val R²=0.0259 Train R²=0.3179 Gap=0.2920 ✓
[2025-11-20 13:42:28]     Epoch  9/30: Val R²=0.0363 Train R²=0.3225 Gap=0.2862 ✓
[2025-11-20 13:42:45]     Epoch 10/30: Val R²=0.0340 Train R²=0.3281 Gap=0.2941  
[2025-11-20 13:43:02]     Epoch 11/30: Val R²=0.0353 Train R²=0.3300 Gap=0.2947  
[2025-11-20 13:43:19]     Epoch 12/30: Val R²=0.0307 Train R²=0.3336 Gap=0.3030  
[2025-11-20 13:43:36]     Epoch 13/30: Val R²=0.0397 Train R²=0.3360 Gap=0.2962 ✓
[2025-11-20 13:43:53]     Epoch 14/30: Val R²=0.0394 Train R²=0.3406 Gap=0.3012  
[2025-11-20 13:44:10]     Epoch 15/30: Val R²=0.0330 Train R²=0.3433 Gap=0.3103  
[2025-11-20 13:44:27]     Epoch 16/30: Val R²=0.0447 Train R²=0.3443 Gap=0.2996 ✓
[2025-11-20 13:44:44]     Epoch 17/30: Val R²=0.0440 Train R²=0.3483 Gap=0.3043  
[2025-11-20 13:45:01]     Epoch 18/30: Val R²=0.0362 Train R²=0.3503 Gap=0.3141  
[2025-11-20 13:45:18]     Epoch 19/30: Val R²=0.0358 Train R²=0.3528 Gap=0.3171  
[2025-11-20 13:45:35]     Epoch 20/30: Val R²=0.0426 Train R²=0.3511 Gap=0.3085  
[2025-11-20 13:45:52]     Epoch 21/30: Val R²=0.0413 Train R²=0.3562 Gap=0.3149  
[2025-11-20 13:46:09]     Epoch 22/30: Val R²=0.0415 Train R²=0.3582 Gap=0.3166  
[2025-11-20 13:46:27]     Epoch 23/30: Val R²=0.0446 Train R²=0.3564 Gap=0.3119  
[2025-11-20 13:46:27]     Early stopped at epoch 23
[2025-11-20 13:46:27] 
======================================================================
[2025-11-20 13:46:27] Config 46/1000 Complete:
[2025-11-20 13:46:27]   Best Val R²: 0.044735 (epoch 16)
[2025-11-20 13:46:27]   Best Global R²: 0.097189
[2025-11-20 13:46:27]   Overfitting Gap: 0.299587
[2025-11-20 13:46:27]   Parameters: 537,376
[2025-11-20 13:46:27]   Training Time: 395.7s
[2025-11-20 13:46:27]   Not better than global best (0.097189)
[2025-11-20 13:46:27]   Results saved to models/test_bruteforce_search_results.csv
[2025-11-20 13:46:27] 
======================================================================
[2025-11-20 13:46:27] Config 47/1000 - Starting Training:
[2025-11-20 13:46:27]   Architecture:
[2025-11-20 13:46:27]     Lookback: 50, Hidden: 128, Layers: 1, Dropout: 0.1
[2025-11-20 13:46:27]     Bidirectional: True, GRU: True
[2025-11-20 13:46:27]   Output Head:
[2025-11-20 13:46:27]     FC Layers: 1, FC Hidden: 192, Activation: relu
[2025-11-20 13:46:27]     FC Dropout: 0.3, Batch Norm: False
[2025-11-20 13:46:27]   Training:
[2025-11-20 13:46:27]     Batch Size: 128, LR: 0.0005, Weight Decay: 0.0001
[2025-11-20 13:46:27]     Optimizer: adam, Grad Clip: 5.0, LR Patience: 3
[2025-11-20 13:46:44]     Epoch  1/30: Val R²=0.0040 Train R²=0.1716 Gap=0.1676 ✓
[2025-11-20 13:47:02]     Epoch  2/30: Val R²=0.0163 Train R²=0.2959 Gap=0.2797 ✓
[2025-11-20 13:47:19]     Epoch  3/30: Val R²=0.0236 Train R²=0.3211 Gap=0.2975 ✓
[2025-11-20 13:47:36]     Epoch  4/30: Val R²=0.0207 Train R²=0.3271 Gap=0.3064  
[2025-11-20 13:47:53]     Epoch  5/30: Val R²=0.0334 Train R²=0.3353 Gap=0.3018 ✓
[2025-11-20 13:48:11]     Epoch  6/30: Val R²=0.0366 Train R²=0.3386 Gap=0.3020 ✓
[2025-11-20 13:48:28]     Epoch  7/30: Val R²=0.0251 Train R²=0.3454 Gap=0.3204  
[2025-11-20 13:48:45]     Epoch  8/30: Val R²=0.0428 Train R²=0.3494 Gap=0.3066 ✓
[2025-11-20 13:49:03]     Epoch  9/30: Val R²=0.0513 Train R²=0.3557 Gap=0.3044 ✓
[2025-11-20 13:49:20]     Epoch 10/30: Val R²=0.0595 Train R²=0.3552 Gap=0.2957 ✓
[2025-11-20 13:49:37]     Epoch 11/30: Val R²=0.0516 Train R²=0.3581 Gap=0.3065  
[2025-11-20 13:49:54]     Epoch 12/30: Val R²=0.0589 Train R²=0.3613 Gap=0.3024  
[2025-11-20 13:50:11]     Epoch 13/30: Val R²=0.0495 Train R²=0.3653 Gap=0.3158  
[2025-11-20 13:50:28]     Epoch 14/30: Val R²=-0.0004 Train R²=0.3676 Gap=0.3680  
[2025-11-20 13:50:45]     Epoch 15/30: Val R²=0.0488 Train R²=0.3733 Gap=0.3245  
[2025-11-20 13:51:02]     Epoch 16/30: Val R²=0.0469 Train R²=0.3743 Gap=0.3274  
[2025-11-20 13:51:20]     Epoch 17/30: Val R²=0.0609 Train R²=0.3756 Gap=0.3147 ✓
[2025-11-20 13:51:37]     Epoch 18/30: Val R²=0.0570 Train R²=0.3810 Gap=0.3240  
[2025-11-20 13:51:55]     Epoch 19/30: Val R²=0.0532 Train R²=0.3813 Gap=0.3281  
[2025-11-20 13:52:13]     Epoch 20/30: Val R²=0.0469 Train R²=0.3800 Gap=0.3331  
[2025-11-20 13:52:30]     Epoch 21/30: Val R²=0.0438 Train R²=0.3832 Gap=0.3394  
[2025-11-20 13:52:48]     Epoch 22/30: Val R²=0.0458 Train R²=0.3865 Gap=0.3407  
[2025-11-20 13:53:05]     Epoch 23/30: Val R²=0.0481 Train R²=0.3892 Gap=0.3411  
[2025-11-20 13:53:23]     Epoch 24/30: Val R²=0.0478 Train R²=0.3914 Gap=0.3436  
[2025-11-20 13:53:23]     Early stopped at epoch 24
[2025-11-20 13:53:23] 
======================================================================
[2025-11-20 13:53:23] Config 47/1000 Complete:
[2025-11-20 13:53:23]   Best Val R²: 0.060941 (epoch 17)
[2025-11-20 13:53:23]   Best Global R²: 0.097189
[2025-11-20 13:53:23]   Overfitting Gap: 0.314695
[2025-11-20 13:53:23]   Parameters: 537,376
[2025-11-20 13:53:23]   Training Time: 415.9s
[2025-11-20 13:53:23]   Not better than global best (0.097189)
[2025-11-20 13:53:23]   Results saved to models/test_bruteforce_search_results.csv
[2025-11-20 13:53:23] 
======================================================================
[2025-11-20 13:53:23] Config 48/1000 - Starting Training:
[2025-11-20 13:53:23]   Architecture:
[2025-11-20 13:53:23]     Lookback: 50, Hidden: 128, Layers: 1, Dropout: 0.1
[2025-11-20 13:53:23]     Bidirectional: True, GRU: True
[2025-11-20 13:53:23]   Output Head:
[2025-11-20 13:53:23]     FC Layers: 1, FC Hidden: 192, Activation: relu
[2025-11-20 13:53:23]     FC Dropout: 0.3, Batch Norm: False
[2025-11-20 13:53:23]   Training:
[2025-11-20 13:53:23]     Batch Size: 128, LR: 0.0005, Weight Decay: 0.0001
[2025-11-20 13:53:23]     Optimizer: adamw, Grad Clip: 5.0, LR Patience: 3
[2025-11-20 13:53:41]     Epoch  1/30: Val R²=0.0054 Train R²=0.1721 Gap=0.1667 ✓
[2025-11-20 13:53:59]     Epoch  2/30: Val R²=0.0338 Train R²=0.2962 Gap=0.2624 ✓
[2025-11-20 13:54:17]     Epoch  3/30: Val R²=0.0350 Train R²=0.3152 Gap=0.2802 ✓
[2025-11-20 13:54:34]     Epoch  4/30: Val R²=0.0471 Train R²=0.3267 Gap=0.2797 ✓
[2025-11-20 13:54:52]     Epoch  5/30: Val R²=0.0666 Train R²=0.3368 Gap=0.2702 ✓
[2025-11-20 13:55:10]     Epoch  6/30: Val R²=0.0648 Train R²=0.3468 Gap=0.2819  
[2025-11-20 13:55:28]     Epoch  7/30: Val R²=0.0678 Train R²=0.3509 Gap=0.2831 ✓
[2025-11-20 13:55:47]     Epoch  8/30: Val R²=0.0458 Train R²=0.3534 Gap=0.3076  
[2025-11-20 13:56:04]     Epoch  9/30: Val R²=0.0777 Train R²=0.3588 Gap=0.2811 ✓
[2025-11-20 13:56:21]     Epoch 10/30: Val R²=0.0710 Train R²=0.3633 Gap=0.2923  
[2025-11-20 13:56:38]     Epoch 11/30: Val R²=0.0710 Train R²=0.3696 Gap=0.2986  
[2025-11-20 13:56:55]     Epoch 12/30: Val R²=0.0397 Train R²=0.3708 Gap=0.3310  
[2025-11-20 13:57:12]     Epoch 13/30: Val R²=0.0521 Train R²=0.3759 Gap=0.3238  
[2025-11-20 13:57:29]     Epoch 14/30: Val R²=0.0805 Train R²=0.3849 Gap=0.3045 ✓
[2025-11-20 13:57:46]     Epoch 15/30: Val R²=0.0621 Train R²=0.3889 Gap=0.3268  
[2025-11-20 13:58:03]     Epoch 16/30: Val R²=0.0869 Train R²=0.3916 Gap=0.3047 ✓
[2025-11-20 13:58:20]     Epoch 17/30: Val R²=0.0768 Train R²=0.3964 Gap=0.3196  
[2025-11-20 13:58:38]     Epoch 18/30: Val R²=0.0638 Train R²=0.3969 Gap=0.3331  
[2025-11-20 13:58:55]     Epoch 19/30: Val R²=0.0725 Train R²=0.3995 Gap=0.3270  
[2025-11-20 13:59:12]     Epoch 20/30: Val R²=0.0835 Train R²=0.4052 Gap=0.3217  
[2025-11-20 13:59:30]     Epoch 21/30: Val R²=0.0747 Train R²=0.4128 Gap=0.3380  
[2025-11-20 13:59:47]     Epoch 22/30: Val R²=0.0737 Train R²=0.4154 Gap=0.3417  
[2025-11-20 14:00:04]     Epoch 23/30: Val R²=0.0769 Train R²=0.4179 Gap=0.3410  
[2025-11-20 14:00:04]     Early stopped at epoch 23
[2025-11-20 14:00:04] 
======================================================================
[2025-11-20 14:00:04] Config 48/1000 Complete:
[2025-11-20 14:00:04]   Best Val R²: 0.086950 (epoch 16)
[2025-11-20 14:00:04]   Best Global R²: 0.097189
[2025-11-20 14:00:04]   Overfitting Gap: 0.304670
[2025-11-20 14:00:04]   Parameters: 537,376
[2025-11-20 14:00:04]   Training Time: 401.2s
[2025-11-20 14:00:04]   Not better than global best (0.097189)
[2025-11-20 14:00:04]   Results saved to models/test_bruteforce_search_results.csv
[2025-11-20 14:00:04] 
======================================================================
[2025-11-20 14:00:04] Config 49/1000 - Starting Training:
[2025-11-20 14:00:04]   Architecture:
[2025-11-20 14:00:04]     Lookback: 50, Hidden: 128, Layers: 1, Dropout: 0.1
[2025-11-20 14:00:04]     Bidirectional: True, GRU: True
[2025-11-20 14:00:04]   Output Head:
[2025-11-20 14:00:04]     FC Layers: 1, FC Hidden: 192, Activation: gelu
[2025-11-20 14:00:04]     FC Dropout: 0.1, Batch Norm: True
[2025-11-20 14:00:04]   Training:
[2025-11-20 14:00:04]     Batch Size: 128, LR: 0.0001, Weight Decay: 0.0001
[2025-11-20 14:00:04]     Optimizer: adam, Grad Clip: 5.0, LR Patience: 3
[2025-11-20 14:00:22]     Epoch  1/30: Val R²=-0.0497 Train R²=0.0658 Gap=0.1155 ✓
[2025-11-20 14:00:41]     Epoch  2/30: Val R²=-0.0089 Train R²=0.1898 Gap=0.1986 ✓
[2025-11-20 14:00:58]     Epoch  3/30: Val R²=0.0225 Train R²=0.2533 Gap=0.2308 ✓
[2025-11-20 14:01:16]     Epoch  4/30: Val R²=0.0356 Train R²=0.2847 Gap=0.2491 ✓
[2025-11-20 14:01:33]     Epoch  5/30: Val R²=0.0537 Train R²=0.3028 Gap=0.2491 ✓
[2025-11-20 14:01:50]     Epoch  6/30: Val R²=0.0542 Train R²=0.3132 Gap=0.2590 ✓
[2025-11-20 14:02:08]     Epoch  7/30: Val R²=0.0581 Train R²=0.3199 Gap=0.2617 ✓
[2025-11-20 14:02:25]     Epoch  8/30: Val R²=0.0635 Train R²=0.3257 Gap=0.2622 ✓
[2025-11-20 14:02:42]     Epoch  9/30: Val R²=0.0603 Train R²=0.3290 Gap=0.2687  
[2025-11-20 14:03:00]     Epoch 10/30: Val R²=0.0579 Train R²=0.3346 Gap=0.2767  
[2025-11-20 14:03:17]     Epoch 11/30: Val R²=0.0648 Train R²=0.3385 Gap=0.2737 ✓
[2025-11-20 14:03:34]     Epoch 12/30: Val R²=0.0540 Train R²=0.3424 Gap=0.2885  
[2025-11-20 14:03:51]     Epoch 13/30: Val R²=0.0596 Train R²=0.3422 Gap=0.2826  
[2025-11-20 14:04:08]     Epoch 14/30: Val R²=0.0614 Train R²=0.3484 Gap=0.2869  
[2025-11-20 14:04:26]     Epoch 15/30: Val R²=0.0648 Train R²=0.3489 Gap=0.2841 ✓
[2025-11-20 14:04:43]     Epoch 16/30: Val R²=0.0657 Train R²=0.3509 Gap=0.2853 ✓
[2025-11-20 14:05:00]     Epoch 17/30: Val R²=0.0585 Train R²=0.3553 Gap=0.2967  
[2025-11-20 14:05:18]     Epoch 18/30: Val R²=0.0627 Train R²=0.3545 Gap=0.2918  
[2025-11-20 14:05:35]     Epoch 19/30: Val R²=0.0597 Train R²=0.3573 Gap=0.2975  
[2025-11-20 14:05:53]     Epoch 20/30: Val R²=0.0596 Train R²=0.3588 Gap=0.2992  
[2025-11-20 14:06:10]     Epoch 21/30: Val R²=0.0557 Train R²=0.3644 Gap=0.3087  
[2025-11-20 14:06:28]     Epoch 22/30: Val R²=0.0499 Train R²=0.3639 Gap=0.3140  
[2025-11-20 14:06:45]     Epoch 23/30: Val R²=0.0561 Train R²=0.3641 Gap=0.3080  
[2025-11-20 14:06:45]     Early stopped at epoch 23
[2025-11-20 14:06:45] 
======================================================================
[2025-11-20 14:06:45] Config 49/1000 Complete:
[2025-11-20 14:06:45]   Best Val R²: 0.065664 (epoch 16)
[2025-11-20 14:06:45]   Best Global R²: 0.097189
[2025-11-20 14:06:45]   Overfitting Gap: 0.285282
[2025-11-20 14:06:45]   Parameters: 538,912
[2025-11-20 14:06:45]   Training Time: 401.1s
[2025-11-20 14:06:45]   Not better than global best (0.097189)
[2025-11-20 14:06:45]   Results saved to models/test_bruteforce_search_results.csv
[2025-11-20 14:06:45] 
======================================================================
[2025-11-20 14:06:45] Config 50/1000 - Starting Training:
[2025-11-20 14:06:45]   Architecture:
[2025-11-20 14:06:45]     Lookback: 50, Hidden: 128, Layers: 1, Dropout: 0.1
[2025-11-20 14:06:45]     Bidirectional: True, GRU: True
[2025-11-20 14:06:45]   Output Head:
[2025-11-20 14:06:45]     FC Layers: 1, FC Hidden: 192, Activation: gelu
[2025-11-20 14:06:45]     FC Dropout: 0.1, Batch Norm: True
[2025-11-20 14:06:45]   Training:
[2025-11-20 14:06:45]     Batch Size: 128, LR: 0.0001, Weight Decay: 0.0001
[2025-11-20 14:06:45]     Optimizer: adamw, Grad Clip: 5.0, LR Patience: 3
[2025-11-20 14:07:03]     Epoch  1/30: Val R²=-0.0329 Train R²=0.0569 Gap=0.0898 ✓
[2025-11-20 14:07:20]     Epoch  2/30: Val R²=0.0146 Train R²=0.1760 Gap=0.1614 ✓
[2025-11-20 14:07:38]     Epoch  3/30: Val R²=0.0273 Train R²=0.2383 Gap=0.2110 ✓
[2025-11-20 14:07:55]     Epoch  4/30: Val R²=0.0397 Train R²=0.2739 Gap=0.2343 ✓
[2025-11-20 14:08:13]     Epoch  5/30: Val R²=0.0413 Train R²=0.2945 Gap=0.2532 ✓
[2025-11-20 14:08:30]     Epoch  6/30: Val R²=0.0431 Train R²=0.3102 Gap=0.2671 ✓
[2025-11-20 14:08:48]     Epoch  7/30: Val R²=0.0381 Train R²=0.3197 Gap=0.2816  
[2025-11-20 14:09:05]     Epoch  8/30: Val R²=0.0520 Train R²=0.3254 Gap=0.2733 ✓
[2025-11-20 14:09:23]     Epoch  9/30: Val R²=0.0454 Train R²=0.3299 Gap=0.2846  
[2025-11-20 14:09:41]     Epoch 10/30: Val R²=0.0421 Train R²=0.3317 Gap=0.2897  
[2025-11-20 14:09:59]     Epoch 11/30: Val R²=0.0375 Train R²=0.3349 Gap=0.2974  
[2025-11-20 14:10:16]     Epoch 12/30: Val R²=0.0547 Train R²=0.3411 Gap=0.2865 ✓
[2025-11-20 14:10:34]     Epoch 13/30: Val R²=0.0492 Train R²=0.3435 Gap=0.2944  
[2025-11-20 14:10:51]     Epoch 14/30: Val R²=0.0482 Train R²=0.3441 Gap=0.2959  
[2025-11-20 14:11:09]     Epoch 15/30: Val R²=0.0417 Train R²=0.3492 Gap=0.3075  
[2025-11-20 14:11:26]     Epoch 16/30: Val R²=0.0416 Train R²=0.3539 Gap=0.3124  
[2025-11-20 14:11:44]     Epoch 17/30: Val R²=0.0499 Train R²=0.3553 Gap=0.3054  
[2025-11-20 14:12:02]     Epoch 18/30: Val R²=0.0534 Train R²=0.3585 Gap=0.3051  
[2025-11-20 14:12:20]     Epoch 19/30: Val R²=0.0489 Train R²=0.3565 Gap=0.3076  
[2025-11-20 14:12:20]     Early stopped at epoch 19
[2025-11-20 14:12:20] 
======================================================================
[2025-11-20 14:12:20] Config 50/1000 Complete:
[2025-11-20 14:12:20]   Best Val R²: 0.054661 (epoch 12)
[2025-11-20 14:12:20]   Best Global R²: 0.097189
[2025-11-20 14:12:20]   Overfitting Gap: 0.286486
[2025-11-20 14:12:20]   Parameters: 538,912
[2025-11-20 14:12:20]   Training Time: 334.9s
[2025-11-20 14:12:20]   Not better than global best (0.097189)
[2025-11-20 14:12:20]   Results saved to models/test_bruteforce_search_results.csv
[2025-11-20 14:12:20] 
======================================================================
[2025-11-20 14:12:20] Config 51/1000 - Starting Training:
[2025-11-20 14:12:20]   Architecture:
[2025-11-20 14:12:20]     Lookback: 50, Hidden: 128, Layers: 1, Dropout: 0.1
[2025-11-20 14:12:20]     Bidirectional: True, GRU: True
[2025-11-20 14:12:20]   Output Head:
[2025-11-20 14:12:20]     FC Layers: 1, FC Hidden: 192, Activation: gelu
[2025-11-20 14:12:20]     FC Dropout: 0.1, Batch Norm: True
[2025-11-20 14:12:20]   Training:
[2025-11-20 14:12:20]     Batch Size: 128, LR: 0.0005, Weight Decay: 0.0001
[2025-11-20 14:12:20]     Optimizer: adam, Grad Clip: 5.0, LR Patience: 3
[2025-11-20 14:12:34]     Epoch  1/30: Val R²=0.0296 Train R²=0.1900 Gap=0.1604 ✓
[2025-11-20 14:12:47]     Epoch  2/30: Val R²=0.0346 Train R²=0.3066 Gap=0.2720 ✓
[2025-11-20 14:13:00]     Epoch  3/30: Val R²=0.0024 Train R²=0.3232 Gap=0.3207  
[2025-11-20 14:13:14]     Epoch  4/30: Val R²=0.0438 Train R²=0.3289 Gap=0.2850 ✓
[2025-11-20 14:13:27]     Epoch  5/30: Val R²=0.0489 Train R²=0.3392 Gap=0.2903 ✓
[2025-11-20 14:13:41]     Epoch  6/30: Val R²=0.0484 Train R²=0.3450 Gap=0.2966  
[2025-11-20 14:13:55]     Epoch  7/30: Val R²=0.0561 Train R²=0.3549 Gap=0.2988 ✓
[2025-11-20 14:14:10]     Epoch  8/30: Val R²=0.0502 Train R²=0.3512 Gap=0.3009  
[2025-11-20 14:14:24]     Epoch  9/30: Val R²=0.0525 Train R²=0.3625 Gap=0.3100  
[2025-11-20 14:14:37]     Epoch 10/30: Val R²=0.0338 Train R²=0.3634 Gap=0.3296  
[2025-11-20 14:14:51]     Epoch 11/30: Val R²=0.0519 Train R²=0.3673 Gap=0.3154  
[2025-11-20 14:15:04]     Epoch 12/30: Val R²=0.0576 Train R²=0.3781 Gap=0.3205 ✓
[2025-11-20 14:15:17]     Epoch 13/30: Val R²=0.0701 Train R²=0.3809 Gap=0.3108 ✓
[2025-11-20 14:15:30]     Epoch 14/30: Val R²=0.0504 Train R²=0.3836 Gap=0.3332  
[2025-11-20 14:15:43]     Epoch 15/30: Val R²=0.0441 Train R²=0.3855 Gap=0.3414  
[2025-11-20 14:15:56]     Epoch 16/30: Val R²=0.0524 Train R²=0.3846 Gap=0.3322  
[2025-11-20 14:16:09]     Epoch 17/30: Val R²=0.0426 Train R²=0.3896 Gap=0.3470  
[2025-11-20 14:16:22]     Epoch 18/30: Val R²=0.0413 Train R²=0.3976 Gap=0.3563  
[2025-11-20 14:16:36]     Epoch 19/30: Val R²=0.0333 Train R²=0.4031 Gap=0.3698  
[2025-11-20 14:16:49]     Epoch 20/30: Val R²=0.0331 Train R²=0.4036 Gap=0.3705  
[2025-11-20 14:16:49]     Early stopped at epoch 20
[2025-11-20 14:16:49] 
======================================================================
[2025-11-20 14:16:49] Config 51/1000 Complete:
[2025-11-20 14:16:49]   Best Val R²: 0.070060 (epoch 13)
[2025-11-20 14:16:49]   Best Global R²: 0.097189
[2025-11-20 14:16:49]   Overfitting Gap: 0.310828
[2025-11-20 14:16:49]   Parameters: 538,912
[2025-11-20 14:16:49]   Training Time: 268.8s
[2025-11-20 14:16:49]   Not better than global best (0.097189)
[2025-11-20 14:16:49]   Results saved to models/test_bruteforce_search_results.csv
[2025-11-20 14:16:49] 
======================================================================
[2025-11-20 14:16:49] Config 52/1000 - Starting Training:
[2025-11-20 14:16:49]   Architecture:
[2025-11-20 14:16:49]     Lookback: 50, Hidden: 128, Layers: 1, Dropout: 0.1
[2025-11-20 14:16:49]     Bidirectional: True, GRU: True
[2025-11-20 14:16:49]   Output Head:
[2025-11-20 14:16:49]     FC Layers: 1, FC Hidden: 192, Activation: gelu
[2025-11-20 14:16:49]     FC Dropout: 0.1, Batch Norm: True
[2025-11-20 14:16:49]   Training:
[2025-11-20 14:16:49]     Batch Size: 128, LR: 0.0005, Weight Decay: 0.0001
[2025-11-20 14:16:49]     Optimizer: adamw, Grad Clip: 5.0, LR Patience: 3
[2025-11-20 14:17:02]     Epoch  1/30: Val R²=0.0339 Train R²=0.2032 Gap=0.1693 ✓
[2025-11-20 14:17:15]     Epoch  2/30: Val R²=0.0316 Train R²=0.3077 Gap=0.2762  
[2025-11-20 14:17:29]     Epoch  3/30: Val R²=0.0546 Train R²=0.3281 Gap=0.2735 ✓
[2025-11-20 14:17:42]     Epoch  4/30: Val R²=0.0563 Train R²=0.3377 Gap=0.2814 ✓
[2025-11-20 14:17:56]     Epoch  5/30: Val R²=0.0620 Train R²=0.3434 Gap=0.2814 ✓
[2025-11-20 14:18:10]     Epoch  6/30: Val R²=0.0603 Train R²=0.3502 Gap=0.2900  
[2025-11-20 14:18:24]     Epoch  7/30: Val R²=0.0711 Train R²=0.3562 Gap=0.2851 ✓
[2025-11-20 14:18:37]     Epoch  8/30: Val R²=0.0563 Train R²=0.3565 Gap=0.3002  
[2025-11-20 14:18:51]     Epoch  9/30: Val R²=0.0691 Train R²=0.3649 Gap=0.2958  
[2025-11-20 14:19:04]     Epoch 10/30: Val R²=0.0497 Train R²=0.3707 Gap=0.3210  
[2025-11-20 14:19:17]     Epoch 11/30: Val R²=0.0574 Train R²=0.3735 Gap=0.3161  
[2025-11-20 14:19:30]     Epoch 12/30: Val R²=0.0559 Train R²=0.3851 Gap=0.3291  
[2025-11-20 14:19:43]     Epoch 13/30: Val R²=0.0607 Train R²=0.3903 Gap=0.3296  
[2025-11-20 14:19:57]     Epoch 14/30: Val R²=0.0730 Train R²=0.3946 Gap=0.3217 ✓
[2025-11-20 14:20:10]     Epoch 15/30: Val R²=0.0586 Train R²=0.3990 Gap=0.3404  
[2025-11-20 14:20:23]     Epoch 16/30: Val R²=0.0600 Train R²=0.3999 Gap=0.3399  
[2025-11-20 14:20:36]     Epoch 17/30: Val R²=0.0664 Train R²=0.4049 Gap=0.3385  
[2025-11-20 14:20:49]     Epoch 18/30: Val R²=0.0488 Train R²=0.4093 Gap=0.3605  
[2025-11-20 14:21:02]     Epoch 19/30: Val R²=0.0550 Train R²=0.4188 Gap=0.3638  
[2025-11-20 14:21:15]     Epoch 20/30: Val R²=0.0526 Train R²=0.4201 Gap=0.3676  
[2025-11-20 14:21:28]     Epoch 21/30: Val R²=0.0580 Train R²=0.4257 Gap=0.3677  
[2025-11-20 14:21:28]     Early stopped at epoch 21
[2025-11-20 14:21:28] 
======================================================================
[2025-11-20 14:21:28] Config 52/1000 Complete:
[2025-11-20 14:21:28]   Best Val R²: 0.072985 (epoch 14)
[2025-11-20 14:21:28]   Best Global R²: 0.097189
[2025-11-20 14:21:28]   Overfitting Gap: 0.321662
[2025-11-20 14:21:28]   Parameters: 538,912
[2025-11-20 14:21:28]   Training Time: 279.4s
[2025-11-20 14:21:28]   Not better than global best (0.097189)
[2025-11-20 14:21:28]   Results saved to models/test_bruteforce_search_results.csv
[2025-11-20 14:21:28] 
======================================================================
[2025-11-20 14:21:28] Config 53/1000 - Starting Training:
[2025-11-20 14:21:28]   Architecture:
[2025-11-20 14:21:28]     Lookback: 50, Hidden: 128, Layers: 1, Dropout: 0.1
[2025-11-20 14:21:28]     Bidirectional: True, GRU: True
[2025-11-20 14:21:28]   Output Head:
[2025-11-20 14:21:28]     FC Layers: 1, FC Hidden: 192, Activation: gelu
[2025-11-20 14:21:28]     FC Dropout: 0.1, Batch Norm: False
[2025-11-20 14:21:28]   Training:
[2025-11-20 14:21:28]     Batch Size: 128, LR: 0.0001, Weight Decay: 0.0001
[2025-11-20 14:21:28]     Optimizer: adam, Grad Clip: 5.0, LR Patience: 3
[2025-11-20 14:21:42]     Epoch  1/30: Val R²=-0.0530 Train R²=0.0427 Gap=0.0958 ✓
[2025-11-20 14:21:55]     Epoch  2/30: Val R²=-0.0173 Train R²=0.1746 Gap=0.1919 ✓
[2025-11-20 14:22:08]     Epoch  3/30: Val R²=-0.0069 Train R²=0.2475 Gap=0.2544 ✓
[2025-11-20 14:22:21]     Epoch  4/30: Val R²=0.0065 Train R²=0.2819 Gap=0.2754 ✓
[2025-11-20 14:22:34]     Epoch  5/30: Val R²=0.0071 Train R²=0.2967 Gap=0.2896 ✓
[2025-11-20 14:22:48]     Epoch  6/30: Val R²=0.0283 Train R²=0.3057 Gap=0.2774 ✓
[2025-11-20 14:23:01]     Epoch  7/30: Val R²=0.0369 Train R²=0.3150 Gap=0.2781 ✓
[2025-11-20 14:23:14]     Epoch  8/30: Val R²=0.0404 Train R²=0.3179 Gap=0.2775 ✓
[2025-11-20 14:23:27]     Epoch  9/30: Val R²=0.0380 Train R²=0.3221 Gap=0.2842  
[2025-11-20 14:23:40]     Epoch 10/30: Val R²=0.0413 Train R²=0.3251 Gap=0.2838 ✓
[2025-11-20 14:23:54]     Epoch 11/30: Val R²=0.0471 Train R²=0.3290 Gap=0.2819 ✓
[2025-11-20 14:24:07]     Epoch 12/30: Val R²=0.0455 Train R²=0.3319 Gap=0.2864  
[2025-11-20 14:24:20]     Epoch 13/30: Val R²=0.0431 Train R²=0.3345 Gap=0.2914  
[2025-11-20 14:24:33]     Epoch 14/30: Val R²=0.0455 Train R²=0.3378 Gap=0.2923  
[2025-11-20 14:24:46]     Epoch 15/30: Val R²=0.0572 Train R²=0.3376 Gap=0.2804 ✓
[2025-11-20 14:24:59]     Epoch 16/30: Val R²=0.0468 Train R²=0.3415 Gap=0.2947  
[2025-11-20 14:25:12]     Epoch 17/30: Val R²=0.0584 Train R²=0.3432 Gap=0.2848 ✓
[2025-11-20 14:25:24]     Epoch 18/30: Val R²=0.0443 Train R²=0.3457 Gap=0.3014  
[2025-11-20 14:25:37]     Epoch 19/30: Val R²=0.0495 Train R²=0.3457 Gap=0.2961  
[2025-11-20 14:25:50]     Epoch 20/30: Val R²=0.0492 Train R²=0.3461 Gap=0.2969  
[2025-11-20 14:26:04]     Epoch 21/30: Val R²=0.0509 Train R²=0.3496 Gap=0.2988  
[2025-11-20 14:26:17]     Epoch 22/30: Val R²=0.0525 Train R²=0.3528 Gap=0.3003  
[2025-11-20 14:26:30]     Epoch 23/30: Val R²=0.0523 Train R²=0.3518 Gap=0.2995  
[2025-11-20 14:26:43]     Epoch 24/30: Val R²=0.0550 Train R²=0.3546 Gap=0.2996  
[2025-11-20 14:26:43]     Early stopped at epoch 24
[2025-11-20 14:26:43] 
======================================================================
[2025-11-20 14:26:43] Config 53/1000 Complete:
[2025-11-20 14:26:43]   Best Val R²: 0.058380 (epoch 17)
[2025-11-20 14:26:43]   Best Global R²: 0.097189
[2025-11-20 14:26:43]   Overfitting Gap: 0.284826
[2025-11-20 14:26:43]   Parameters: 537,376
[2025-11-20 14:26:43]   Training Time: 314.3s
[2025-11-20 14:26:43]   Not better than global best (0.097189)
[2025-11-20 14:26:43]   Results saved to models/test_bruteforce_search_results.csv
[2025-11-20 14:26:43] 
======================================================================
[2025-11-20 14:26:43] Config 54/1000 - Starting Training:
[2025-11-20 14:26:43]   Architecture:
[2025-11-20 14:26:43]     Lookback: 50, Hidden: 128, Layers: 1, Dropout: 0.1
[2025-11-20 14:26:43]     Bidirectional: True, GRU: True
[2025-11-20 14:26:43]   Output Head:
[2025-11-20 14:26:43]     FC Layers: 1, FC Hidden: 192, Activation: gelu
[2025-11-20 14:26:43]     FC Dropout: 0.1, Batch Norm: False
[2025-11-20 14:26:43]   Training:
[2025-11-20 14:26:43]     Batch Size: 128, LR: 0.0001, Weight Decay: 0.0001
[2025-11-20 14:26:43]     Optimizer: adamw, Grad Clip: 5.0, LR Patience: 3
[2025-11-20 14:26:56]     Epoch  1/30: Val R²=-0.0614 Train R²=0.0379 Gap=0.0993 ✓
[2025-11-20 14:27:09]     Epoch  2/30: Val R²=-0.0235 Train R²=0.1713 Gap=0.1948 ✓
[2025-11-20 14:27:22]     Epoch  3/30: Val R²=-0.0097 Train R²=0.2487 Gap=0.2584 ✓
[2025-11-20 14:27:35]     Epoch  4/30: Val R²=0.0094 Train R²=0.2800 Gap=0.2706 ✓
[2025-11-20 14:27:48]     Epoch  5/30: Val R²=0.0253 Train R²=0.2954 Gap=0.2702 ✓
[2025-11-20 14:28:02]     Epoch  6/30: Val R²=0.0253 Train R²=0.3083 Gap=0.2831 ✓
[2025-11-20 14:28:15]     Epoch  7/30: Val R²=0.0279 Train R²=0.3158 Gap=0.2879 ✓
[2025-11-20 14:28:30]     Epoch  8/30: Val R²=0.0309 Train R²=0.3197 Gap=0.2888 ✓
[2025-11-20 14:28:47]     Epoch  9/30: Val R²=0.0378 Train R²=0.3265 Gap=0.2887 ✓
