[2025-10-19 00:59:26] ======================================================================
[2025-10-19 00:59:26] K-FOLD BRUTE FORCE HYPERPARAMETER SEARCH WITH AUTO-SUBMISSION
[2025-10-19 00:59:26] ======================================================================
[2025-10-19 00:59:26] Started at: 2025-10-19 00:59:26
[2025-10-19 00:59:26] Mode: FULL
[2025-10-19 00:59:26] Best R² to beat: 0.340000
[2025-10-19 00:59:26] Log file: logs/bruteforce_20251019_005926.log
[2025-10-19 00:59:26] 
[2025-10-19 00:59:26] Device Detection:
[2025-10-19 00:59:26]   PyTorch version: 2.9.0
[2025-10-19 00:59:26]   Requested: mps
[2025-10-19 00:59:26]   MPS available: ✓
[2025-10-19 00:59:26]   CUDA available: ✗
[2025-10-19 00:59:26]   Using: MPS
[2025-10-19 00:59:26] 
[2025-10-19 00:59:26] Loading data...
[2025-10-19 00:59:26] Total sequences: 517
[2025-10-19 00:59:26] K-Fold sample: 51 sequences (10%)
[2025-10-19 00:59:26] Full train sequences (80%): 413
[2025-10-19 00:59:26] Final train: 413 sequences (100%), 413,000 rows
[2025-10-19 00:59:26] Final val: 104 sequences, 104,000 rows
[2025-10-19 00:59:26] Features: 32
[2025-10-19 00:59:26] Configurations to test: 100
[2025-10-19 00:59:26] K-Fold: 3 folds, max 20 epochs
[2025-10-19 00:59:26] Final: max 30 epochs
[2025-10-19 00:59:26] 
[2025-10-19 00:59:26] Starting brute force search...
[2025-10-19 00:59:26] Batch size: Evaluate 50 configs, then train best from batch
[2025-10-19 00:59:26] 
[2025-10-19 00:59:26] 
======================================================================
[2025-10-19 00:59:26] Config 1/100 - Starting Training:
[2025-10-19 00:59:26]   Architecture:
[2025-10-19 00:59:26]     Lookback: 50, Hidden: 32, Layers: 1, Dropout: 0.3
[2025-10-19 00:59:26]     Bidirectional: False, GRU: False
[2025-10-19 00:59:26]   Output Head:
[2025-10-19 00:59:26]     FC Layers: 1, FC Hidden: 256, Activation: relu
[2025-10-19 00:59:26]     FC Dropout: 0.0, Batch Norm: True
[2025-10-19 00:59:26]   Training:
[2025-10-19 00:59:26]     Batch Size: 32, LR: 0.0001, Weight Decay: 0
[2025-10-19 00:59:26]     Optimizer: adam, Grad Clip: 0.5, LR Patience: 3
[2025-10-19 00:59:26] 
  Stage 1: Running 3-Fold CV on 10% sampled data...
[2025-10-19 00:59:26]   K-Fold CV: 3 folds on 51 sequences
[2025-10-19 00:59:43]     Epoch  1/20: Val R²=0.2555 Train R²=0.1234 Gap=-0.1321 ✓
[2025-10-19 00:59:54]     Epoch  2/20: Val R²=0.2816 Train R²=0.2364 Gap=-0.0451 ✓
[2025-10-19 01:00:05]     Epoch  3/20: Val R²=0.2938 Train R²=0.2732 Gap=-0.0205 ✓
[2025-10-19 01:00:16]     Epoch  4/20: Val R²=0.3004 Train R²=0.2943 Gap=-0.0060 ✓
[2025-10-19 01:00:28]     Epoch  5/20: Val R²=0.3046 Train R²=0.3066 Gap=0.0020 ✓
[2025-10-19 01:00:39]     Epoch  6/20: Val R²=0.3070 Train R²=0.3146 Gap=0.0076 ✓
[2025-10-19 01:00:50]     Epoch  7/20: Val R²=0.3096 Train R²=0.3205 Gap=0.0109 ✓
[2025-10-19 01:01:01]     Epoch  8/20: Val R²=0.3117 Train R²=0.3253 Gap=0.0136 ✓
[2025-10-19 01:01:12]     Epoch  9/20: Val R²=0.3136 Train R²=0.3294 Gap=0.0158 ✓
[2025-10-19 01:01:23]     Epoch 10/20: Val R²=0.3149 Train R²=0.3329 Gap=0.0180 ✓
[2025-10-19 01:01:34]     Epoch 11/20: Val R²=0.3164 Train R²=0.3356 Gap=0.0192 ✓
[2025-10-19 01:01:46]     Epoch 12/20: Val R²=0.3187 Train R²=0.3382 Gap=0.0195 ✓
[2025-10-19 01:01:58]     Epoch 13/20: Val R²=0.3186 Train R²=0.3404 Gap=0.0218  
[2025-10-19 01:02:10]     Epoch 14/20: Val R²=0.3196 Train R²=0.3419 Gap=0.0223 ✓
[2025-10-19 01:02:23]     Epoch 15/20: Val R²=0.3207 Train R²=0.3436 Gap=0.0229 ✓
[2025-10-19 01:02:37]     Epoch 16/20: Val R²=0.3189 Train R²=0.3451 Gap=0.0262  
[2025-10-19 01:02:49]     Epoch 17/20: Val R²=0.3231 Train R²=0.3465 Gap=0.0234 ✓
[2025-10-19 01:03:01]     Epoch 18/20: Val R²=0.3227 Train R²=0.3476 Gap=0.0249  
[2025-10-19 01:03:13]     Epoch 19/20: Val R²=0.3218 Train R²=0.3487 Gap=0.0270  
[2025-10-19 01:03:25]     Epoch 20/20: Val R²=0.3219 Train R²=0.3500 Gap=0.0280  
[2025-10-19 01:03:25]     Fold 1/3: Val R²=0.3231 Train R²=0.3465 (239.4s)
[2025-10-19 01:03:38]     Epoch  1/20: Val R²=0.1269 Train R²=0.1850 Gap=0.0581 ✓
[2025-10-19 01:03:52]     Epoch  2/20: Val R²=0.1565 Train R²=0.2997 Gap=0.1432 ✓
[2025-10-19 01:04:08]     Epoch  3/20: Val R²=0.1750 Train R²=0.3158 Gap=0.1408 ✓
[2025-10-19 01:04:21]     Epoch  4/20: Val R²=0.1906 Train R²=0.3259 Gap=0.1353 ✓
[2025-10-19 01:04:34]     Epoch  5/20: Val R²=0.2022 Train R²=0.3334 Gap=0.1312 ✓
[2025-10-19 01:04:46]     Epoch  6/20: Val R²=0.2103 Train R²=0.3388 Gap=0.1286 ✓
[2025-10-19 01:05:00]     Epoch  7/20: Val R²=0.2155 Train R²=0.3428 Gap=0.1273 ✓
[2025-10-19 01:05:12]     Epoch  8/20: Val R²=0.2198 Train R²=0.3461 Gap=0.1262 ✓
[2025-10-19 01:05:24]     Epoch  9/20: Val R²=0.2241 Train R²=0.3489 Gap=0.1248 ✓
[2025-10-19 01:05:38]     Epoch 10/20: Val R²=0.2269 Train R²=0.3514 Gap=0.1246 ✓
[2025-10-19 01:05:52]     Epoch 11/20: Val R²=0.2309 Train R²=0.3537 Gap=0.1227 ✓
[2025-10-19 01:06:03]     Epoch 12/20: Val R²=0.2354 Train R²=0.3557 Gap=0.1204 ✓
[2025-10-19 01:06:16]     Epoch 13/20: Val R²=0.2382 Train R²=0.3577 Gap=0.1195 ✓
[2025-10-19 01:06:28]     Epoch 14/20: Val R²=0.2407 Train R²=0.3593 Gap=0.1186 ✓
[2025-10-19 01:06:43]     Epoch 15/20: Val R²=0.2444 Train R²=0.3608 Gap=0.1164 ✓
[2025-10-19 01:06:54]     Epoch 16/20: Val R²=0.2478 Train R²=0.3622 Gap=0.1145 ✓
[2025-10-19 01:07:07]     Epoch 17/20: Val R²=0.2485 Train R²=0.3635 Gap=0.1149 ✓
[2025-10-19 01:07:19]     Epoch 18/20: Val R²=0.2512 Train R²=0.3648 Gap=0.1135 ✓
[2025-10-19 01:07:33]     Epoch 19/20: Val R²=0.2539 Train R²=0.3660 Gap=0.1121 ✓
[2025-10-19 01:07:46]     Epoch 20/20: Val R²=0.2558 Train R²=0.3670 Gap=0.1112 ✓
[2025-10-19 01:07:46]     Fold 2/3: Val R²=0.2558 Train R²=0.3670 (260.8s)
[2025-10-19 01:07:59]     Epoch  1/20: Val R²=0.2628 Train R²=0.1405 Gap=-0.1223 ✓
[2025-10-19 01:08:11]     Epoch  2/20: Val R²=0.2817 Train R²=0.2661 Gap=-0.0155 ✓
[2025-10-19 01:08:24]     Epoch  3/20: Val R²=0.2861 Train R²=0.2996 Gap=0.0135 ✓
[2025-10-19 01:08:38]     Epoch  4/20: Val R²=0.2900 Train R²=0.3152 Gap=0.0252 ✓
[2025-10-19 01:08:50]     Epoch  5/20: Val R²=0.2929 Train R²=0.3243 Gap=0.0314 ✓
[2025-10-19 01:09:03]     Epoch  6/20: Val R²=0.2986 Train R²=0.3310 Gap=0.0325 ✓
[2025-10-19 01:09:15]     Epoch  7/20: Val R²=0.3012 Train R²=0.3366 Gap=0.0353 ✓
[2025-10-19 01:09:28]     Epoch  8/20: Val R²=0.3041 Train R²=0.3414 Gap=0.0373 ✓
[2025-10-19 01:09:41]     Epoch  9/20: Val R²=0.3079 Train R²=0.3457 Gap=0.0378 ✓
[2025-10-19 01:09:54]     Epoch 10/20: Val R²=0.3091 Train R²=0.3495 Gap=0.0403 ✓
[2025-10-19 01:10:07]     Epoch 11/20: Val R²=0.3118 Train R²=0.3527 Gap=0.0409 ✓
[2025-10-19 01:10:19]     Epoch 12/20: Val R²=0.3128 Train R²=0.3555 Gap=0.0427 ✓
[2025-10-19 01:10:31]     Epoch 13/20: Val R²=0.3125 Train R²=0.3578 Gap=0.0453  
[2025-10-19 01:10:45]     Epoch 14/20: Val R²=0.3147 Train R²=0.3598 Gap=0.0452 ✓
[2025-10-19 01:10:58]     Epoch 15/20: Val R²=0.3136 Train R²=0.3616 Gap=0.0479  
[2025-10-19 01:11:10]     Epoch 16/20: Val R²=0.3162 Train R²=0.3631 Gap=0.0470 ✓
[2025-10-19 01:11:23]     Epoch 17/20: Val R²=0.3150 Train R²=0.3646 Gap=0.0496  
[2025-10-19 01:11:37]     Epoch 18/20: Val R²=0.3165 Train R²=0.3660 Gap=0.0494 ✓
[2025-10-19 01:11:49]     Epoch 19/20: Val R²=0.3175 Train R²=0.3673 Gap=0.0498 ✓
[2025-10-19 01:12:01]     Epoch 20/20: Val R²=0.3142 Train R²=0.3683 Gap=0.0541  
[2025-10-19 01:12:01]     Fold 3/3: Val R²=0.3175 Train R²=0.3673 (255.2s)
[2025-10-19 01:12:01]   K-Fold Results: mean=0.298792 ± 0.030497 (min=0.255784, max=0.323089)
[2025-10-19 01:12:01] 
======================================================================
[2025-10-19 01:12:01] Config 1/100 - K-Fold Complete:
[2025-10-19 01:12:01]   Mean Val R²: 0.298792 ± 0.030497
[2025-10-19 01:12:01]   Range: [0.255784, 0.323089]
[2025-10-19 01:12:01]   Best Global Mean R²: 0.340000
[2025-10-19 01:12:01]   Parameters: 9,504
[2025-10-19 01:12:01]   K-Fold mean R² not better than global best (0.340000)
[2025-10-19 01:12:01]   Skipping.
[2025-10-19 01:12:01]   Results saved to models/bruteforce_kfold_results_20251019_005926.csv
[2025-10-19 01:12:01] 
======================================================================
[2025-10-19 01:12:01] Config 2/100 - Starting Training:
[2025-10-19 01:12:01]   Architecture:
[2025-10-19 01:12:01]     Lookback: 30, Hidden: 64, Layers: 4, Dropout: 0.2
[2025-10-19 01:12:01]     Bidirectional: True, GRU: True
[2025-10-19 01:12:01]   Output Head:
[2025-10-19 01:12:01]     FC Layers: 1, FC Hidden: 64, Activation: gelu
[2025-10-19 01:12:01]     FC Dropout: 0.4, Batch Norm: True
[2025-10-19 01:12:01]   Training:
[2025-10-19 01:12:01]     Batch Size: 128, LR: 0.0005, Weight Decay: 0.0001
[2025-10-19 01:12:01]     Optimizer: adam, Grad Clip: 1.0, LR Patience: 3
[2025-10-19 01:12:01] 
  Stage 1: Running 3-Fold CV on 10% sampled data...
[2025-10-19 01:12:01]   K-Fold CV: 3 folds on 51 sequences
[2025-10-19 01:12:56]     Epoch  1/20: Val R²=0.3050 Train R²=0.2485 Gap=-0.0564 ✓
[2025-10-19 01:13:49]     Epoch  2/20: Val R²=0.3243 Train R²=0.3172 Gap=-0.0071 ✓
[2025-10-19 01:14:42]     Epoch  3/20: Val R²=0.3303 Train R²=0.3289 Gap=-0.0013 ✓
[2025-10-19 01:15:34]     Epoch  4/20: Val R²=0.3306 Train R²=0.3361 Gap=0.0055 ✓
[2025-10-19 01:16:26]     Epoch  5/20: Val R²=0.3338 Train R²=0.3407 Gap=0.0068 ✓
[2025-10-19 01:17:18]     Epoch  6/20: Val R²=0.3314 Train R²=0.3432 Gap=0.0118  
[2025-10-19 01:18:11]     Epoch  7/20: Val R²=0.3364 Train R²=0.3449 Gap=0.0085 ✓
[2025-10-19 01:19:04]     Epoch  8/20: Val R²=0.3346 Train R²=0.3480 Gap=0.0134  
[2025-10-19 01:19:58]     Epoch  9/20: Val R²=0.3327 Train R²=0.3516 Gap=0.0189  
[2025-10-19 01:20:50]     Epoch 10/20: Val R²=0.3411 Train R²=0.3532 Gap=0.0121 ✓
[2025-10-19 01:21:44]     Epoch 11/20: Val R²=0.3327 Train R²=0.3551 Gap=0.0223  
[2025-10-19 01:22:36]     Epoch 12/20: Val R²=0.3337 Train R²=0.3574 Gap=0.0237  
[2025-10-19 01:23:27]     Epoch 13/20: Val R²=0.3395 Train R²=0.3592 Gap=0.0197  
[2025-10-19 01:24:19]     Epoch 14/20: Val R²=0.3380 Train R²=0.3607 Gap=0.0227  
[2025-10-19 01:25:12]     Epoch 15/20: Val R²=0.3392 Train R²=0.3665 Gap=0.0273  
[2025-10-19 01:25:12]     Early stopped at epoch 15
[2025-10-19 01:25:12]     Fold 1/3: Val R²=0.3411 Train R²=0.3532 (790.3s)
[2025-10-19 01:26:04]     Epoch  1/20: Val R²=0.1963 Train R²=0.2828 Gap=0.0865 ✓
[2025-10-19 01:26:57]     Epoch  2/20: Val R²=0.2305 Train R²=0.3350 Gap=0.1046 ✓
[2025-10-19 01:27:51]     Epoch  3/20: Val R²=0.2498 Train R²=0.3473 Gap=0.0975 ✓
[2025-10-19 01:28:44]     Epoch  4/20: Val R²=0.2563 Train R²=0.3544 Gap=0.0980 ✓
[2025-10-19 01:29:37]     Epoch  5/20: Val R²=0.2706 Train R²=0.3585 Gap=0.0879 ✓
[2025-10-19 01:30:31]     Epoch  6/20: Val R²=0.2755 Train R²=0.3621 Gap=0.0865 ✓
[2025-10-19 01:31:23]     Epoch  7/20: Val R²=0.2753 Train R²=0.3634 Gap=0.0882  
[2025-10-19 01:32:17]     Epoch  8/20: Val R²=0.2816 Train R²=0.3657 Gap=0.0841 ✓
[2025-10-19 01:33:09]     Epoch  9/20: Val R²=0.2818 Train R²=0.3671 Gap=0.0852 ✓
[2025-10-19 01:34:03]     Epoch 10/20: Val R²=0.2766 Train R²=0.3691 Gap=0.0925  
[2025-10-19 01:34:56]     Epoch 11/20: Val R²=0.2742 Train R²=0.3701 Gap=0.0958  
[2025-10-19 01:35:49]     Epoch 12/20: Val R²=0.2840 Train R²=0.3712 Gap=0.0872 ✓
[2025-10-19 01:36:41]     Epoch 13/20: Val R²=0.2862 Train R²=0.3724 Gap=0.0862 ✓
[2025-10-19 01:37:34]     Epoch 14/20: Val R²=0.2640 Train R²=0.3739 Gap=0.1099  
[2025-10-19 01:38:26]     Epoch 15/20: Val R²=0.2857 Train R²=0.3749 Gap=0.0892  
[2025-10-19 01:39:19]     Epoch 16/20: Val R²=0.2851 Train R²=0.3765 Gap=0.0914  
[2025-10-19 01:40:11]     Epoch 17/20: Val R²=0.2862 Train R²=0.3775 Gap=0.0913 ✓
[2025-10-19 01:41:04]     Epoch 18/20: Val R²=0.2936 Train R²=0.3821 Gap=0.0885 ✓
[2025-10-19 01:41:57]     Epoch 19/20: Val R²=0.2914 Train R²=0.3841 Gap=0.0927  
[2025-10-19 01:42:52]     Epoch 20/20: Val R²=0.2929 Train R²=0.3841 Gap=0.0912  
[2025-10-19 01:42:52]     Fold 2/3: Val R²=0.2936 Train R²=0.3821 (1059.9s)
[2025-10-19 01:43:45]     Epoch  1/20: Val R²=0.2938 Train R²=0.2594 Gap=-0.0344 ✓
[2025-10-19 01:44:38]     Epoch  2/20: Val R²=0.3141 Train R²=0.3315 Gap=0.0173 ✓
[2025-10-19 01:45:30]     Epoch  3/20: Val R²=0.3176 Train R²=0.3465 Gap=0.0289 ✓
[2025-10-19 01:46:23]     Epoch  4/20: Val R²=0.3239 Train R²=0.3530 Gap=0.0291 ✓
[2025-10-19 01:47:16]     Epoch  5/20: Val R²=0.3219 Train R²=0.3596 Gap=0.0377  
[2025-10-19 01:48:11]     Epoch  6/20: Val R²=0.3233 Train R²=0.3631 Gap=0.0398  
[2025-10-19 01:49:03]     Epoch  7/20: Val R²=0.3281 Train R²=0.3663 Gap=0.0381 ✓
[2025-10-19 01:49:54]     Epoch  8/20: Val R²=0.3212 Train R²=0.3697 Gap=0.0485  
[2025-10-19 01:50:44]     Epoch  9/20: Val R²=0.3267 Train R²=0.3727 Gap=0.0459  
[2025-10-19 01:51:34]     Epoch 10/20: Val R²=0.3292 Train R²=0.3774 Gap=0.0482 ✓
[2025-10-19 01:52:25]     Epoch 11/20: Val R²=0.3266 Train R²=0.3791 Gap=0.0525  
[2025-10-19 01:53:19]     Epoch 12/20: Val R²=0.3324 Train R²=0.3816 Gap=0.0491 ✓
[2025-10-19 01:54:13]     Epoch 13/20: Val R²=0.3306 Train R²=0.3842 Gap=0.0536  
[2025-10-19 01:55:08]     Epoch 14/20: Val R²=0.3298 Train R²=0.3860 Gap=0.0561  
[2025-10-19 01:56:03]     Epoch 15/20: Val R²=0.3316 Train R²=0.3876 Gap=0.0561  
[2025-10-19 01:56:58]     Epoch 16/20: Val R²=0.3234 Train R²=0.3896 Gap=0.0661  
[2025-10-19 01:57:53]     Epoch 17/20: Val R²=0.3256 Train R²=0.3937 Gap=0.0680  
[2025-10-19 01:57:53]     Early stopped at epoch 17
[2025-10-19 01:57:53]     Fold 3/3: Val R²=0.3324 Train R²=0.3816 (901.0s)
[2025-10-19 01:57:53]   K-Fold Results: mean=0.322387 ± 0.020642 (min=0.293630, max=0.341110)
[2025-10-19 01:57:53] 
======================================================================
[2025-10-19 01:57:53] Config 2/100 - K-Fold Complete:
[2025-10-19 01:57:53]   Mean Val R²: 0.322387 ± 0.020642
[2025-10-19 01:57:53]   Range: [0.293630, 0.341110]
[2025-10-19 01:57:53]   Best Global Mean R²: 0.340000
[2025-10-19 01:57:53]   Parameters: 265,248
[2025-10-19 01:57:53]   K-Fold mean R² not better than global best (0.340000)
[2025-10-19 01:57:53]   Skipping.
[2025-10-19 01:57:53]   Results saved to models/bruteforce_kfold_results_20251019_005926.csv
[2025-10-19 01:57:53] 
======================================================================
[2025-10-19 01:57:53] Config 3/100 - Starting Training:
[2025-10-19 01:57:53]   Architecture:
[2025-10-19 01:57:53]     Lookback: 20, Hidden: 32, Layers: 3, Dropout: 0.3
[2025-10-19 01:57:53]     Bidirectional: True, GRU: False
[2025-10-19 01:57:53]   Output Head:
[2025-10-19 01:57:53]     FC Layers: 3, FC Hidden: 128, Activation: gelu
[2025-10-19 01:57:53]     FC Dropout: 0.0, Batch Norm: True
[2025-10-19 01:57:53]   Training:
[2025-10-19 01:57:53]     Batch Size: 32, LR: 0.005, Weight Decay: 0.001
[2025-10-19 01:57:53]     Optimizer: adam, Grad Clip: 1.0, LR Patience: 3
[2025-10-19 01:57:53] 
  Stage 1: Running 3-Fold CV on 10% sampled data...
[2025-10-19 01:57:53]   K-Fold CV: 3 folds on 51 sequences
[2025-10-19 01:58:18]     Epoch  1/20: Val R²=0.2542 Train R²=0.2362 Gap=-0.0180 ✓
[2025-10-19 01:58:44]     Epoch  2/20: Val R²=0.2601 Train R²=0.2490 Gap=-0.0111 ✓
[2025-10-19 01:59:08]     Epoch  3/20: Val R²=0.2439 Train R²=0.2552 Gap=0.0113  
[2025-10-19 01:59:34]     Epoch  4/20: Val R²=0.2452 Train R²=0.2570 Gap=0.0118  
[2025-10-19 01:59:59]     Epoch  5/20: Val R²=0.2635 Train R²=0.2596 Gap=-0.0039 ✓
[2025-10-19 02:00:24]     Epoch  6/20: Val R²=0.2622 Train R²=0.2574 Gap=-0.0048  
[2025-10-19 02:00:49]     Epoch  7/20: Val R²=0.2469 Train R²=0.2602 Gap=0.0133  
[2025-10-19 02:01:13]     Epoch  8/20: Val R²=0.2637 Train R²=0.2629 Gap=-0.0008 ✓
[2025-10-19 02:01:39]     Epoch  9/20: Val R²=0.2659 Train R²=0.2621 Gap=-0.0038 ✓
[2025-10-19 02:02:03]     Epoch 10/20: Val R²=0.2599 Train R²=0.2623 Gap=0.0024  
[2025-10-19 02:02:27]     Epoch 11/20: Val R²=0.2543 Train R²=0.2593 Gap=0.0050  
[2025-10-19 02:02:52]     Epoch 12/20: Val R²=0.2421 Train R²=0.2581 Gap=0.0160  
[2025-10-19 02:03:15]     Epoch 13/20: Val R²=0.2488 Train R²=0.2582 Gap=0.0094  
[2025-10-19 02:03:40]     Epoch 14/20: Val R²=0.2808 Train R²=0.2761 Gap=-0.0047 ✓
[2025-10-19 02:04:03]     Epoch 15/20: Val R²=0.2688 Train R²=0.2757 Gap=0.0070  
[2025-10-19 02:04:27]     Epoch 16/20: Val R²=0.2518 Train R²=0.2751 Gap=0.0233  
[2025-10-19 02:04:52]     Epoch 17/20: Val R²=0.2506 Train R²=0.2748 Gap=0.0242  
[2025-10-19 02:05:16]     Epoch 18/20: Val R²=0.2545 Train R²=0.2766 Gap=0.0221  
[2025-10-19 02:05:41]     Epoch 19/20: Val R²=0.2712 Train R²=0.2840 Gap=0.0128  
[2025-10-19 02:05:41]     Early stopped at epoch 19
[2025-10-19 02:05:41]     Fold 1/3: Val R²=0.2808 Train R²=0.2761 (468.1s)
[2025-10-19 02:06:05]     Epoch  1/20: Val R²=0.0613 Train R²=0.2511 Gap=0.1899 ✓
[2025-10-19 02:06:29]     Epoch  2/20: Val R²=0.1069 Train R²=0.2648 Gap=0.1580 ✓
[2025-10-19 02:06:53]     Epoch  3/20: Val R²=0.1141 Train R²=0.2677 Gap=0.1536 ✓
[2025-10-19 02:07:17]     Epoch  4/20: Val R²=0.1133 Train R²=0.2681 Gap=0.1547  
[2025-10-19 02:07:41]     Epoch  5/20: Val R²=0.1151 Train R²=0.2711 Gap=0.1561 ✓
[2025-10-19 02:08:05]     Epoch  6/20: Val R²=0.1213 Train R²=0.2716 Gap=0.1502 ✓
[2025-10-19 02:08:28]     Epoch  7/20: Val R²=0.1285 Train R²=0.2710 Gap=0.1424 ✓
[2025-10-19 02:08:53]     Epoch  8/20: Val R²=0.1235 Train R²=0.2701 Gap=0.1466  
[2025-10-19 02:09:17]     Epoch  9/20: Val R²=0.1289 Train R²=0.2705 Gap=0.1415 ✓
[2025-10-19 02:09:42]     Epoch 10/20: Val R²=0.1212 Train R²=0.2724 Gap=0.1512  
[2025-10-19 02:10:06]     Epoch 11/20: Val R²=0.1218 Train R²=0.2739 Gap=0.1521  
[2025-10-19 02:10:30]     Epoch 12/20: Val R²=0.1276 Train R²=0.2744 Gap=0.1468  
[2025-10-19 02:10:54]     Epoch 13/20: Val R²=0.1321 Train R²=0.2748 Gap=0.1427 ✓
[2025-10-19 02:11:18]     Epoch 14/20: Val R²=0.1338 Train R²=0.2746 Gap=0.1408 ✓
[2025-10-19 02:11:43]     Epoch 15/20: Val R²=0.1316 Train R²=0.2743 Gap=0.1426  
[2025-10-19 02:12:07]     Epoch 16/20: Val R²=0.1295 Train R²=0.2713 Gap=0.1418  
[2025-10-19 02:12:32]     Epoch 17/20: Val R²=0.1314 Train R²=0.2740 Gap=0.1426  
[2025-10-19 02:12:56]     Epoch 18/20: Val R²=0.1261 Train R²=0.2741 Gap=0.1480  
[2025-10-19 02:13:19]     Epoch 19/20: Val R²=0.1368 Train R²=0.2839 Gap=0.1470 ✓
[2025-10-19 02:13:44]     Epoch 20/20: Val R²=0.1312 Train R²=0.2843 Gap=0.1531  
[2025-10-19 02:13:44]     Fold 2/3: Val R²=0.1368 Train R²=0.2839 (483.2s)
[2025-10-19 02:14:08]     Epoch  1/20: Val R²=0.2473 Train R²=0.2483 Gap=0.0011 ✓
[2025-10-19 02:14:32]     Epoch  2/20: Val R²=0.2586 Train R²=0.2669 Gap=0.0084 ✓
[2025-10-19 02:14:56]     Epoch  3/20: Val R²=0.2003 Train R²=0.2752 Gap=0.0750  
[2025-10-19 02:15:19]     Epoch  4/20: Val R²=0.2512 Train R²=0.2759 Gap=0.0248  
[2025-10-19 02:15:43]     Epoch  5/20: Val R²=0.2013 Train R²=0.2736 Gap=0.0723  
[2025-10-19 02:16:06]     Epoch  6/20: Val R²=0.2287 Train R²=0.2817 Gap=0.0530  
[2025-10-19 02:16:30]     Epoch  7/20: Val R²=0.2675 Train R²=0.2939 Gap=0.0264 ✓
[2025-10-19 02:16:54]     Epoch  8/20: Val R²=0.2140 Train R²=0.2977 Gap=0.0837  
[2025-10-19 02:17:17]     Epoch  9/20: Val R²=0.2654 Train R²=0.2976 Gap=0.0322  
[2025-10-19 02:17:43]     Epoch 10/20: Val R²=0.2669 Train R²=0.2980 Gap=0.0311  
[2025-10-19 02:18:07]     Epoch 11/20: Val R²=0.2617 Train R²=0.2988 Gap=0.0370  
[2025-10-19 02:18:32]     Epoch 12/20: Val R²=0.2784 Train R²=0.3069 Gap=0.0285 ✓
[2025-10-19 02:18:57]     Epoch 13/20: Val R²=0.2727 Train R²=0.3074 Gap=0.0346  
[2025-10-19 02:19:21]     Epoch 14/20: Val R²=0.2640 Train R²=0.3071 Gap=0.0432  
[2025-10-19 02:19:47]     Epoch 15/20: Val R²=0.2533 Train R²=0.3083 Gap=0.0550  
[2025-10-19 02:20:12]     Epoch 16/20: Val R²=0.2492 Train R²=0.3084 Gap=0.0592  
[2025-10-19 02:20:38]     Epoch 17/20: Val R²=0.2748 Train R²=0.3147 Gap=0.0399  
[2025-10-19 02:20:38]     Early stopped at epoch 17
[2025-10-19 02:20:38]     Fold 3/3: Val R²=0.2784 Train R²=0.3069 (413.7s)
[2025-10-19 02:20:38]   K-Fold Results: mean=0.232021 ± 0.067303 (min=0.136850, max=0.280823)
[2025-10-19 02:20:38] 
======================================================================
[2025-10-19 02:20:38] Config 3/100 - K-Fold Complete:
[2025-10-19 02:20:38]   Mean Val R²: 0.232021 ± 0.067303
[2025-10-19 02:20:38]   Range: [0.136850, 0.280823]
[2025-10-19 02:20:38]   Best Global Mean R²: 0.340000
[2025-10-19 02:20:38]   Parameters: 96,544
[2025-10-19 02:20:38]   K-Fold mean R² not better than global best (0.340000)
[2025-10-19 02:20:38]   Skipping.
[2025-10-19 02:20:38]   Results saved to models/bruteforce_kfold_results_20251019_005926.csv
[2025-10-19 02:20:38] 
======================================================================
[2025-10-19 02:20:38] Config 4/100 - Starting Training:
[2025-10-19 02:20:38]   Architecture:
[2025-10-19 02:20:38]     Lookback: 5, Hidden: 256, Layers: 2, Dropout: 0.3
[2025-10-19 02:20:38]     Bidirectional: False, GRU: False
[2025-10-19 02:20:38]   Output Head:
[2025-10-19 02:20:38]     FC Layers: 1, FC Hidden: 128, Activation: tanh
[2025-10-19 02:20:38]     FC Dropout: 0.4, Batch Norm: True
[2025-10-19 02:20:38]   Training:
[2025-10-19 02:20:38]     Batch Size: 64, LR: 0.001, Weight Decay: 0.001
[2025-10-19 02:20:38]     Optimizer: adamw, Grad Clip: 0.5, LR Patience: 3
[2025-10-19 02:20:38] 
  Stage 1: Running 3-Fold CV on 10% sampled data...
[2025-10-19 02:20:38]   K-Fold CV: 3 folds on 51 sequences
[2025-10-19 02:20:46]     Epoch  1/20: Val R²=0.2964 Train R²=0.2906 Gap=-0.0058 ✓
[2025-10-19 02:20:54]     Epoch  2/20: Val R²=0.2962 Train R²=0.3299 Gap=0.0337  
[2025-10-19 02:21:02]     Epoch  3/20: Val R²=0.3051 Train R²=0.3426 Gap=0.0375 ✓
[2025-10-19 02:21:09]     Epoch  4/20: Val R²=0.3072 Train R²=0.3548 Gap=0.0476 ✓
[2025-10-19 02:21:17]     Epoch  5/20: Val R²=0.3185 Train R²=0.3651 Gap=0.0466 ✓
[2025-10-19 02:21:25]     Epoch  6/20: Val R²=0.3158 Train R²=0.3751 Gap=0.0593  
[2025-10-19 02:21:34]     Epoch  7/20: Val R²=0.3002 Train R²=0.3894 Gap=0.0892  
[2025-10-19 02:21:42]     Epoch  8/20: Val R²=0.3048 Train R²=0.4052 Gap=0.1004  
[2025-10-19 02:21:49]     Epoch  9/20: Val R²=0.2903 Train R²=0.4247 Gap=0.1345  
[2025-10-19 02:21:57]     Epoch 10/20: Val R²=0.2838 Train R²=0.4650 Gap=0.1812  
[2025-10-19 02:21:57]     Early stopped at epoch 10
[2025-10-19 02:21:57]     Fold 1/3: Val R²=0.3185 Train R²=0.3651 (78.8s)
[2025-10-19 02:22:05]     Epoch  1/20: Val R²=0.2530 Train R²=0.3203 Gap=0.0673 ✓
[2025-10-19 02:22:12]     Epoch  2/20: Val R²=0.2430 Train R²=0.3501 Gap=0.1072  
[2025-10-19 02:22:19]     Epoch  3/20: Val R²=0.2701 Train R²=0.3618 Gap=0.0917 ✓
[2025-10-19 02:22:29]     Epoch  4/20: Val R²=0.2771 Train R²=0.3698 Gap=0.0927 ✓
[2025-10-19 02:22:37]     Epoch  5/20: Val R²=0.2779 Train R²=0.3779 Gap=0.1000 ✓
[2025-10-19 02:22:44]     Epoch  6/20: Val R²=0.2639 Train R²=0.3872 Gap=0.1232  
[2025-10-19 02:22:52]     Epoch  7/20: Val R²=0.2638 Train R²=0.3980 Gap=0.1342  
[2025-10-19 02:22:59]     Epoch  8/20: Val R²=0.2594 Train R²=0.4112 Gap=0.1518  
[2025-10-19 02:23:06]     Epoch  9/20: Val R²=0.2495 Train R²=0.4277 Gap=0.1782  
[2025-10-19 02:23:14]     Epoch 10/20: Val R²=0.2340 Train R²=0.4657 Gap=0.2317  
[2025-10-19 02:23:14]     Early stopped at epoch 10
[2025-10-19 02:23:14]     Fold 2/3: Val R²=0.2779 Train R²=0.3779 (77.1s)
[2025-10-19 02:23:22]     Epoch  1/20: Val R²=0.2805 Train R²=0.3154 Gap=0.0349 ✓
[2025-10-19 02:23:29]     Epoch  2/20: Val R²=0.2929 Train R²=0.3571 Gap=0.0641 ✓
[2025-10-19 02:23:38]     Epoch  3/20: Val R²=0.2920 Train R²=0.3703 Gap=0.0783  
[2025-10-19 02:23:45]     Epoch  4/20: Val R²=0.2830 Train R²=0.3808 Gap=0.0978  
[2025-10-19 02:23:52]     Epoch  5/20: Val R²=0.2792 Train R²=0.3915 Gap=0.1123  
[2025-10-19 02:23:59]     Epoch  6/20: Val R²=0.2801 Train R²=0.4019 Gap=0.1219  
[2025-10-19 02:24:07]     Epoch  7/20: Val R²=0.2756 Train R²=0.4294 Gap=0.1538  
[2025-10-19 02:24:07]     Early stopped at epoch 7
[2025-10-19 02:24:07]     Fold 3/3: Val R²=0.2929 Train R²=0.3571 (53.1s)
[2025-10-19 02:24:07]   K-Fold Results: mean=0.296435 ± 0.016744 (min=0.277918, max=0.318475)
[2025-10-19 02:24:07] 
======================================================================
[2025-10-19 02:24:07] Config 4/100 - K-Fold Complete:
[2025-10-19 02:24:07]   Mean Val R²: 0.296435 ± 0.016744
[2025-10-19 02:24:07]   Range: [0.277918, 0.318475]
[2025-10-19 02:24:07]   Best Global Mean R²: 0.340000
[2025-10-19 02:24:07]   Parameters: 831,520
[2025-10-19 02:24:07]   K-Fold mean R² not better than global best (0.340000)
[2025-10-19 02:24:07]   Skipping.
[2025-10-19 02:24:07]   Results saved to models/bruteforce_kfold_results_20251019_005926.csv
[2025-10-19 02:24:07] 
======================================================================
[2025-10-19 02:24:07] Config 5/100 - Starting Training:
[2025-10-19 02:24:07]   Architecture:
[2025-10-19 02:24:07]     Lookback: 30, Hidden: 256, Layers: 2, Dropout: 0.5
[2025-10-19 02:24:07]     Bidirectional: False, GRU: False
[2025-10-19 02:24:07]   Output Head:
[2025-10-19 02:24:07]     FC Layers: 2, FC Hidden: 128, Activation: tanh
[2025-10-19 02:24:07]     FC Dropout: 0.2, Batch Norm: True
[2025-10-19 02:24:07]   Training:
[2025-10-19 02:24:07]     Batch Size: 32, LR: 0.0005, Weight Decay: 0
[2025-10-19 02:24:07]     Optimizer: adamw, Grad Clip: 1.0, LR Patience: 7
[2025-10-19 02:24:07] 
  Stage 1: Running 3-Fold CV on 10% sampled data...
[2025-10-19 02:24:07]   K-Fold CV: 3 folds on 51 sequences
[2025-10-19 02:24:40]     Epoch  1/20: Val R²=0.3072 Train R²=0.2592 Gap=-0.0480 ✓
[2025-10-19 02:25:09]     Epoch  2/20: Val R²=0.3161 Train R²=0.3106 Gap=-0.0055 ✓
[2025-10-19 02:25:40]     Epoch  3/20: Val R²=0.2990 Train R²=0.3298 Gap=0.0308  
[2025-10-19 02:26:10]     Epoch  4/20: Val R²=0.3205 Train R²=0.3374 Gap=0.0169 ✓
[2025-10-19 02:26:42]     Epoch  5/20: Val R²=0.3215 Train R²=0.3452 Gap=0.0237 ✓
[2025-10-19 02:27:12]     Epoch  6/20: Val R²=0.3283 Train R²=0.3543 Gap=0.0260 ✓
[2025-10-19 02:27:43]     Epoch  7/20: Val R²=0.3283 Train R²=0.3605 Gap=0.0322 ✓
[2025-10-19 02:28:13]     Epoch  8/20: Val R²=0.3243 Train R²=0.3678 Gap=0.0435  
[2025-10-19 02:28:44]     Epoch  9/20: Val R²=0.3157 Train R²=0.3766 Gap=0.0609  
[2025-10-19 02:29:15]     Epoch 10/20: Val R²=0.3156 Train R²=0.3878 Gap=0.0723  
[2025-10-19 02:29:45]     Epoch 11/20: Val R²=0.3016 Train R²=0.3956 Gap=0.0940  
[2025-10-19 02:30:16]     Epoch 12/20: Val R²=0.3054 Train R²=0.4101 Gap=0.1047  
[2025-10-19 02:30:16]     Early stopped at epoch 12
[2025-10-19 02:30:16]     Fold 1/3: Val R²=0.3283 Train R²=0.3605 (368.9s)
[2025-10-19 02:30:47]     Epoch  1/20: Val R²=0.2386 Train R²=0.2824 Gap=0.0438 ✓
[2025-10-19 02:31:17]     Epoch  2/20: Val R²=0.2538 Train R²=0.3292 Gap=0.0755 ✓
[2025-10-19 02:31:49]     Epoch  3/20: Val R²=0.2676 Train R²=0.3445 Gap=0.0770 ✓
[2025-10-19 02:32:19]     Epoch  4/20: Val R²=0.2796 Train R²=0.3553 Gap=0.0757 ✓
[2025-10-19 02:32:51]     Epoch  5/20: Val R²=0.2756 Train R²=0.3618 Gap=0.0862  
[2025-10-19 02:33:21]     Epoch  6/20: Val R²=0.2811 Train R²=0.3690 Gap=0.0879 ✓
[2025-10-19 02:33:51]     Epoch  7/20: Val R²=0.2858 Train R²=0.3752 Gap=0.0894 ✓
[2025-10-19 02:34:15]     Epoch  8/20: Val R²=0.2832 Train R²=0.3825 Gap=0.0993  
[2025-10-19 02:34:40]     Epoch  9/20: Val R²=0.2823 Train R²=0.3911 Gap=0.1088  
[2025-10-19 02:35:08]     Epoch 10/20: Val R²=0.2740 Train R²=0.4010 Gap=0.1270  
[2025-10-19 02:35:35]     Epoch 11/20: Val R²=0.2769 Train R²=0.4099 Gap=0.1330  
[2025-10-19 02:36:02]     Epoch 12/20: Val R²=0.2674 Train R²=0.4220 Gap=0.1546  
[2025-10-19 02:36:02]     Early stopped at epoch 12
[2025-10-19 02:36:02]     Fold 2/3: Val R²=0.2858 Train R²=0.3752 (346.4s)
[2025-10-19 02:36:29]     Epoch  1/20: Val R²=0.3010 Train R²=0.2768 Gap=-0.0242 ✓
[2025-10-19 02:36:57]     Epoch  2/20: Val R²=0.3158 Train R²=0.3322 Gap=0.0165 ✓
[2025-10-19 02:37:24]     Epoch  3/20: Val R²=0.3103 Train R²=0.3501 Gap=0.0399  
[2025-10-19 02:37:53]     Epoch  4/20: Val R²=0.3046 Train R²=0.3589 Gap=0.0543  
[2025-10-19 02:38:20]     Epoch  5/20: Val R²=0.3018 Train R²=0.3689 Gap=0.0670  
[2025-10-19 02:38:48]     Epoch  6/20: Val R²=0.3110 Train R²=0.3749 Gap=0.0638  
[2025-10-19 02:39:15]     Epoch  7/20: Val R²=0.3080 Train R²=0.3815 Gap=0.0734  
[2025-10-19 02:39:15]     Early stopped at epoch 7
[2025-10-19 02:39:15]     Fold 3/3: Val R²=0.3158 Train R²=0.3322 (193.2s)
[2025-10-19 02:39:15]   K-Fold Results: mean=0.309949 ± 0.017849 (min=0.285769, max=0.328315)
[2025-10-19 02:39:15] 
======================================================================
[2025-10-19 02:39:15] Config 5/100 - K-Fold Complete:
[2025-10-19 02:39:15]   Mean Val R²: 0.309949 ± 0.017849
[2025-10-19 02:39:15]   Range: [0.285769, 0.328315]
[2025-10-19 02:39:15]   Best Global Mean R²: 0.340000
[2025-10-19 02:39:15]   Parameters: 860,576
[2025-10-19 02:39:15]   K-Fold mean R² not better than global best (0.340000)
[2025-10-19 02:39:15]   Skipping.
[2025-10-19 02:39:15]   Results saved to models/bruteforce_kfold_results_20251019_005926.csv
[2025-10-19 02:39:15] 
======================================================================
[2025-10-19 02:39:15] Config 6/100 - Starting Training:
[2025-10-19 02:39:15]   Architecture:
[2025-10-19 02:39:15]     Lookback: 5, Hidden: 64, Layers: 3, Dropout: 0.2
[2025-10-19 02:39:15]     Bidirectional: True, GRU: True
[2025-10-19 02:39:15]   Output Head:
[2025-10-19 02:39:15]     FC Layers: 3, FC Hidden: 128, Activation: relu
[2025-10-19 02:39:15]     FC Dropout: 0.3, Batch Norm: False
[2025-10-19 02:39:15]   Training:
[2025-10-19 02:39:15]     Batch Size: 64, LR: 0.005, Weight Decay: 0.001
[2025-10-19 02:39:15]     Optimizer: adamw, Grad Clip: 5.0, LR Patience: 7
[2025-10-19 02:39:15] 
  Stage 1: Running 3-Fold CV on 10% sampled data...
[2025-10-19 02:39:15]   K-Fold CV: 3 folds on 51 sequences
[2025-10-19 02:39:34]     Epoch  1/20: Val R²=0.2645 Train R²=0.2305 Gap=-0.0340 ✓
[2025-10-19 02:39:50]     Epoch  2/20: Val R²=0.2760 Train R²=0.2685 Gap=-0.0074 ✓
[2025-10-19 02:40:29]     Epoch  3/20: Val R²=0.2786 Train R²=0.2814 Gap=0.0028 ✓
[2025-10-19 02:41:10]     Epoch  4/20: Val R²=0.2623 Train R²=0.2835 Gap=0.0212  
[2025-10-19 02:41:52]     Epoch  5/20: Val R²=0.2629 Train R²=0.2869 Gap=0.0240  
[2025-10-19 02:42:32]     Epoch  6/20: Val R²=0.2739 Train R²=0.2897 Gap=0.0157  
[2025-10-19 02:43:13]     Epoch  7/20: Val R²=0.2741 Train R²=0.2909 Gap=0.0168  
[2025-10-19 02:43:53]     Epoch  8/20: Val R²=0.2807 Train R²=0.2936 Gap=0.0129 ✓
[2025-10-19 02:44:34]     Epoch  9/20: Val R²=0.2792 Train R²=0.2912 Gap=0.0120  
[2025-10-19 02:45:12]     Epoch 10/20: Val R²=0.2655 Train R²=0.2967 Gap=0.0312  
[2025-10-19 02:45:52]     Epoch 11/20: Val R²=0.2731 Train R²=0.2960 Gap=0.0229  
[2025-10-19 02:46:32]     Epoch 12/20: Val R²=0.2452 Train R²=0.2933 Gap=0.0481  
[2025-10-19 02:47:14]     Epoch 13/20: Val R²=0.2618 Train R²=0.2935 Gap=0.0317  
[2025-10-19 02:47:14]     Early stopped at epoch 13
[2025-10-19 02:47:14]     Fold 1/3: Val R²=0.2807 Train R²=0.2936 (478.5s)
[2025-10-19 02:48:01]     Epoch  1/20: Val R²=0.2011 Train R²=0.2594 Gap=0.0583 ✓
[2025-10-19 02:48:45]     Epoch  2/20: Val R²=0.1842 Train R²=0.2918 Gap=0.1075  
[2025-10-19 02:49:28]     Epoch  3/20: Val R²=0.1989 Train R²=0.3031 Gap=0.1043  
[2025-10-19 02:50:14]     Epoch  4/20: Val R²=0.2215 Train R²=0.3093 Gap=0.0877 ✓
[2025-10-19 02:51:03]     Epoch  5/20: Val R²=0.2164 Train R²=0.3131 Gap=0.0967  
[2025-10-19 02:51:50]     Epoch  6/20: Val R²=0.2166 Train R²=0.3154 Gap=0.0988  
[2025-10-19 02:52:40]     Epoch  7/20: Val R²=0.2172 Train R²=0.3203 Gap=0.1031  
[2025-10-19 02:53:26]     Epoch  8/20: Val R²=0.2001 Train R²=0.3197 Gap=0.1196  
[2025-10-19 02:54:08]     Epoch  9/20: Val R²=0.2123 Train R²=0.3183 Gap=0.1060  
[2025-10-19 02:54:08]     Early stopped at epoch 9
[2025-10-19 02:54:08]     Fold 2/3: Val R²=0.2215 Train R²=0.3093 (414.3s)
[2025-10-19 10:20:58]     Epoch  1/20: Val R²=0.2617 Train R²=0.2506 Gap=-0.0111 ✓
[2025-10-19 10:21:18]     Epoch  2/20: Val R²=0.2703 Train R²=0.2922 Gap=0.0219 ✓
[2025-10-19 10:21:37]     Epoch  3/20: Val R²=0.2666 Train R²=0.3043 Gap=0.0378  
[2025-10-19 10:21:56]     Epoch  4/20: Val R²=0.2557 Train R²=0.3103 Gap=0.0545  
[2025-10-19 10:22:15]     Epoch  5/20: Val R²=0.2445 Train R²=0.3127 Gap=0.0683  
[2025-10-19 10:22:33]     Epoch  6/20: Val R²=0.2490 Train R²=0.3149 Gap=0.0659  
[2025-10-19 10:22:53]     Epoch  7/20: Val R²=0.2627 Train R²=0.3151 Gap=0.0524  
[2025-10-19 10:22:53]     Early stopped at epoch 7
[2025-10-19 10:22:53]     Fold 3/3: Val R²=0.2703 Train R²=0.2922 (26924.7s)
[2025-10-19 10:22:53]   K-Fold Results: mean=0.257492 ± 0.025772 (min=0.221542, max=0.280661)
[2025-10-19 10:22:53] 
======================================================================
[2025-10-19 10:22:53] Config 6/100 - K-Fold Complete:
[2025-10-19 10:22:53]   Mean Val R²: 0.257492 ± 0.025772
[2025-10-19 10:22:53]   Range: [0.221542, 0.280661]
[2025-10-19 10:22:53]   Best Global Mean R²: 0.340000
[2025-10-19 10:22:53]   Parameters: 223,776
[2025-10-19 10:22:53]   K-Fold mean R² not better than global best (0.340000)
[2025-10-19 10:22:53]   Skipping.
[2025-10-19 10:22:53]   Results saved to models/bruteforce_kfold_results_20251019_005926.csv
[2025-10-19 10:22:53] 
======================================================================
[2025-10-19 10:22:53] Config 7/100 - Starting Training:
[2025-10-19 10:22:53]   Architecture:
[2025-10-19 10:22:53]     Lookback: 10, Hidden: 64, Layers: 4, Dropout: 0.1
[2025-10-19 10:22:53]     Bidirectional: False, GRU: False
[2025-10-19 10:22:53]   Output Head:
[2025-10-19 10:22:53]     FC Layers: 1, FC Hidden: 256, Activation: relu
[2025-10-19 10:22:53]     FC Dropout: 0.4, Batch Norm: False
[2025-10-19 10:22:53]   Training:
[2025-10-19 10:22:53]     Batch Size: 256, LR: 0.002, Weight Decay: 0.01
[2025-10-19 10:22:53]     Optimizer: adam, Grad Clip: 1.0, LR Patience: 3
[2025-10-19 10:22:53] 
  Stage 1: Running 3-Fold CV on 10% sampled data...
[2025-10-19 10:22:53]   K-Fold CV: 3 folds on 51 sequences
[2025-10-19 10:22:58]     Epoch  1/20: Val R²=0.0406 Train R²=0.0692 Gap=0.0286 ✓
[2025-10-19 10:23:01]     Epoch  2/20: Val R²=-0.0177 Train R²=0.0179 Gap=0.0356  
[2025-10-19 10:23:03]     Epoch  3/20: Val R²=-0.0175 Train R²=-0.0001 Gap=0.0174  
[2025-10-19 10:23:07]     Epoch  4/20: Val R²=-0.0178 Train R²=-0.0001 Gap=0.0178  
[2025-10-19 10:23:10]     Epoch  5/20: Val R²=-0.0174 Train R²=-0.0001 Gap=0.0173  
[2025-10-19 10:23:12]     Epoch  6/20: Val R²=-0.0175 Train R²=-0.0000 Gap=0.0175  
[2025-10-19 10:23:12]     Early stopped at epoch 6
[2025-10-19 10:23:12]     Fold 1/3: Val R²=0.0406 Train R²=0.0692 (19.4s)
[2025-10-19 10:23:15]     Epoch  1/20: Val R²=0.0094 Train R²=0.1501 Gap=0.1407 ✓
[2025-10-19 10:23:19]     Epoch  2/20: Val R²=0.0084 Train R²=0.1408 Gap=0.1324  
[2025-10-19 10:23:21]     Epoch  3/20: Val R²=0.0046 Train R²=0.1392 Gap=0.1345  
[2025-10-19 10:23:24]     Epoch  4/20: Val R²=0.0083 Train R²=0.1328 Gap=0.1245  
[2025-10-19 10:23:27]     Epoch  5/20: Val R²=-0.0339 Train R²=0.1154 Gap=0.1493  
[2025-10-19 10:23:30]     Epoch  6/20: Val R²=0.0070 Train R²=0.1202 Gap=0.1132  
[2025-10-19 10:23:30]     Early stopped at epoch 6
[2025-10-19 10:23:30]     Fold 2/3: Val R²=0.0094 Train R²=0.1501 (17.3s)
[2025-10-19 10:23:33]     Epoch  1/20: Val R²=0.1078 Train R²=0.0942 Gap=-0.0136 ✓
[2025-10-19 10:23:37]     Epoch  2/20: Val R²=0.0894 Train R²=0.0785 Gap=-0.0110  
[2025-10-19 10:23:40]     Epoch  3/20: Val R²=0.0798 Train R²=0.0751 Gap=-0.0047  
[2025-10-19 10:23:42]     Epoch  4/20: Val R²=0.0826 Train R²=0.0647 Gap=-0.0179  
[2025-10-19 10:23:45]     Epoch  5/20: Val R²=0.0647 Train R²=0.0516 Gap=-0.0131  
[2025-10-19 10:23:48]     Epoch  6/20: Val R²=0.0416 Train R²=0.0479 Gap=0.0064  
[2025-10-19 10:23:48]     Early stopped at epoch 6
[2025-10-19 10:23:48]     Fold 3/3: Val R²=0.1078 Train R²=0.0942 (18.6s)
[2025-10-19 10:23:48]   K-Fold Results: mean=0.052622 ± 0.041045 (min=0.009449, max=0.107811)
[2025-10-19 10:23:48] 
======================================================================
[2025-10-19 10:23:48] Config 7/100 - K-Fold Complete:
[2025-10-19 10:23:48]   Mean Val R²: 0.052622 ± 0.041045
[2025-10-19 10:23:48]   Range: [0.009449, 0.107811]
[2025-10-19 10:23:48]   Best Global Mean R²: 0.340000
[2025-10-19 10:23:48]   Parameters: 127,008
[2025-10-19 10:23:48]   K-Fold mean R² not better than global best (0.340000)
[2025-10-19 10:23:48]   Skipping.
[2025-10-19 10:23:48]   Results saved to models/bruteforce_kfold_results_20251019_005926.csv
[2025-10-19 10:23:48] 
======================================================================
[2025-10-19 10:23:48] Config 8/100 - Starting Training:
[2025-10-19 10:23:48]   Architecture:
[2025-10-19 10:23:48]     Lookback: 50, Hidden: 192, Layers: 3, Dropout: 0.3
[2025-10-19 10:23:48]     Bidirectional: False, GRU: True
[2025-10-19 10:23:48]   Output Head:
[2025-10-19 10:23:48]     FC Layers: 2, FC Hidden: 64, Activation: tanh
[2025-10-19 10:23:48]     FC Dropout: 0.0, Batch Norm: True
[2025-10-19 10:23:48]   Training:
[2025-10-19 10:23:48]     Batch Size: 64, LR: 0.005, Weight Decay: 0
[2025-10-19 10:23:48]     Optimizer: adam, Grad Clip: 1.0, LR Patience: 5
[2025-10-19 10:23:48] 
  Stage 1: Running 3-Fold CV on 10% sampled data...
[2025-10-19 10:23:48]   K-Fold CV: 3 folds on 51 sequences
[2025-10-19 10:25:01]     Epoch  1/20: Val R²=0.2806 Train R²=0.2764 Gap=-0.0042 ✓
[2025-10-19 10:26:19]     Epoch  2/20: Val R²=0.2890 Train R²=0.3126 Gap=0.0236 ✓
[2025-10-19 10:27:38]     Epoch  3/20: Val R²=0.2948 Train R²=0.3152 Gap=0.0204 ✓
[2025-10-19 10:28:57]     Epoch  4/20: Val R²=0.2982 Train R²=0.3149 Gap=0.0167 ✓
[2025-10-19 10:30:14]     Epoch  5/20: Val R²=0.2872 Train R²=0.3126 Gap=0.0254  
[2025-10-19 10:31:35]     Epoch  6/20: Val R²=0.2741 Train R²=0.3091 Gap=0.0350  
[2025-10-19 10:32:57]     Epoch  7/20: Val R²=0.2842 Train R²=0.3033 Gap=0.0191  
[2025-10-19 10:34:16]     Epoch  8/20: Val R²=0.2809 Train R²=0.2964 Gap=0.0154  
[2025-10-19 10:35:34]     Epoch  9/20: Val R²=0.2848 Train R²=0.2881 Gap=0.0033  
[2025-10-19 10:35:34]     Early stopped at epoch 9
[2025-10-19 10:35:34]     Fold 1/3: Val R²=0.2982 Train R²=0.3149 (706.2s)
[2025-10-19 10:36:47]     Epoch  1/20: Val R²=0.2051 Train R²=0.3000 Gap=0.0950 ✓
[2025-10-19 10:38:06]     Epoch  2/20: Val R²=0.2297 Train R²=0.3326 Gap=0.1029 ✓
[2025-10-19 10:39:08]     Epoch  3/20: Val R²=0.2279 Train R²=0.3334 Gap=0.1055  
[2025-10-19 10:39:56]     Epoch  4/20: Val R²=0.2362 Train R²=0.3336 Gap=0.0974 ✓
[2025-10-19 10:40:43]     Epoch  5/20: Val R²=0.2128 Train R²=0.3282 Gap=0.1154  
[2025-10-19 10:41:31]     Epoch  6/20: Val R²=0.2278 Train R²=0.3251 Gap=0.0973  
[2025-10-19 10:42:18]     Epoch  7/20: Val R²=0.2174 Train R²=0.3247 Gap=0.1074  
[2025-10-19 10:43:07]     Epoch  8/20: Val R²=0.2185 Train R²=0.3257 Gap=0.1071  
[2025-10-19 10:43:53]     Epoch  9/20: Val R²=0.2188 Train R²=0.3281 Gap=0.1093  
[2025-10-19 10:43:53]     Early stopped at epoch 9
[2025-10-19 10:43:53]     Fold 2/3: Val R²=0.2362 Train R²=0.3336 (499.1s)
[2025-10-19 10:44:41]     Epoch  1/20: Val R²=0.2736 Train R²=0.2963 Gap=0.0227 ✓
[2025-10-19 10:45:31]     Epoch  2/20: Val R²=0.2853 Train R²=0.3338 Gap=0.0485 ✓
[2025-10-19 10:46:24]     Epoch  3/20: Val R²=0.2660 Train R²=0.3377 Gap=0.0717  
[2025-10-19 10:47:25]     Epoch  4/20: Val R²=0.2589 Train R²=0.3374 Gap=0.0785  
[2025-10-19 10:48:31]     Epoch  5/20: Val R²=0.2820 Train R²=0.3357 Gap=0.0537  
[2025-10-19 10:49:35]     Epoch  6/20: Val R²=0.2538 Train R²=0.3337 Gap=0.0798  
[2025-10-19 10:50:37]     Epoch  7/20: Val R²=0.2779 Train R²=0.3280 Gap=0.0501  
[2025-10-19 10:50:37]     Early stopped at epoch 7
[2025-10-19 10:50:37]     Fold 3/3: Val R²=0.2853 Train R²=0.3338 (403.9s)
[2025-10-19 10:50:37]   K-Fold Results: mean=0.273215 ± 0.026711 (min=0.236187, max=0.298206)
[2025-10-19 10:50:37] 
======================================================================
[2025-10-19 10:50:37] Config 8/100 - K-Fold Complete:
[2025-10-19 10:50:37]   Mean Val R²: 0.273215 ± 0.026711
[2025-10-19 10:50:37]   Range: [0.236187, 0.298206]
[2025-10-19 10:50:37]   Best Global Mean R²: 0.340000
[2025-10-19 10:50:37]   Parameters: 589,408
[2025-10-19 10:50:37]   K-Fold mean R² not better than global best (0.340000)
[2025-10-19 10:50:37]   Skipping.
[2025-10-19 10:50:37]   Results saved to models/bruteforce_kfold_results_20251019_005926.csv
[2025-10-19 10:50:37] 
======================================================================
[2025-10-19 10:50:37] Config 9/100 - Starting Training:
[2025-10-19 10:50:37]   Architecture:
[2025-10-19 10:50:37]     Lookback: 15, Hidden: 64, Layers: 1, Dropout: 0.5
[2025-10-19 10:50:37]     Bidirectional: True, GRU: True
[2025-10-19 10:50:37]   Output Head:
[2025-10-19 10:50:37]     FC Layers: 1, FC Hidden: 64, Activation: tanh
[2025-10-19 10:50:37]     FC Dropout: 0.3, Batch Norm: False
[2025-10-19 10:50:37]   Training:
[2025-10-19 10:50:37]     Batch Size: 32, LR: 0.0005, Weight Decay: 0
[2025-10-19 10:50:37]     Optimizer: adamw, Grad Clip: None, LR Patience: 3
[2025-10-19 10:50:37] 
  Stage 1: Running 3-Fold CV on 10% sampled data...
[2025-10-19 10:50:37]   K-Fold CV: 3 folds on 51 sequences
[2025-10-19 10:51:05]     Epoch  1/20: Val R²=0.3180 Train R²=0.2863 Gap=-0.0316 ✓
[2025-10-19 10:51:31]     Epoch  2/20: Val R²=0.3272 Train R²=0.3288 Gap=0.0016 ✓
[2025-10-19 10:51:59]     Epoch  3/20: Val R²=0.3385 Train R²=0.3399 Gap=0.0015 ✓
[2025-10-19 10:52:25]     Epoch  4/20: Val R²=0.3366 Train R²=0.3470 Gap=0.0104  
[2025-10-19 10:52:49]     Epoch  5/20: Val R²=0.3379 Train R²=0.3521 Gap=0.0142  
[2025-10-19 10:53:17]     Epoch  6/20: Val R²=0.3393 Train R²=0.3563 Gap=0.0170 ✓
[2025-10-19 10:53:42]     Epoch  7/20: Val R²=0.3369 Train R²=0.3595 Gap=0.0226  
[2025-10-19 10:54:09]     Epoch  8/20: Val R²=0.3386 Train R²=0.3626 Gap=0.0240  
[2025-10-19 10:54:36]     Epoch  9/20: Val R²=0.3411 Train R²=0.3650 Gap=0.0238 ✓
[2025-10-19 10:55:04]     Epoch 10/20: Val R²=0.3435 Train R²=0.3682 Gap=0.0247 ✓
[2025-10-19 10:55:28]     Epoch 11/20: Val R²=0.3442 Train R²=0.3706 Gap=0.0264 ✓
[2025-10-19 10:55:56]     Epoch 12/20: Val R²=0.3446 Train R²=0.3732 Gap=0.0286 ✓
[2025-10-19 10:56:22]     Epoch 13/20: Val R²=0.3401 Train R²=0.3755 Gap=0.0354  
[2025-10-19 10:56:49]     Epoch 14/20: Val R²=0.3407 Train R²=0.3777 Gap=0.0370  
[2025-10-19 10:57:15]     Epoch 15/20: Val R²=0.3335 Train R²=0.3801 Gap=0.0465  
[2025-10-19 10:57:42]     Epoch 16/20: Val R²=0.3358 Train R²=0.3817 Gap=0.0459  
[2025-10-19 10:58:08]     Epoch 17/20: Val R²=0.3396 Train R²=0.3878 Gap=0.0482  
[2025-10-19 10:58:08]     Early stopped at epoch 17
[2025-10-19 10:58:08]     Fold 1/3: Val R²=0.3446 Train R²=0.3732 (450.2s)
[2025-10-19 10:58:34]     Epoch  1/20: Val R²=0.2460 Train R²=0.3210 Gap=0.0750 ✓
[2025-10-19 10:59:00]     Epoch  2/20: Val R²=0.2604 Train R²=0.3492 Gap=0.0888 ✓
[2025-10-19 10:59:26]     Epoch  3/20: Val R²=0.2738 Train R²=0.3581 Gap=0.0843 ✓
[2025-10-19 10:59:52]     Epoch  4/20: Val R²=0.2863 Train R²=0.3647 Gap=0.0784 ✓
[2025-10-19 11:00:19]     Epoch  5/20: Val R²=0.2901 Train R²=0.3697 Gap=0.0796 ✓
[2025-10-19 11:00:45]     Epoch  6/20: Val R²=0.2934 Train R²=0.3741 Gap=0.0807 ✓
[2025-10-19 11:01:12]     Epoch  7/20: Val R²=0.2894 Train R²=0.3773 Gap=0.0879  
[2025-10-19 11:01:38]     Epoch  8/20: Val R²=0.2940 Train R²=0.3803 Gap=0.0863 ✓
[2025-10-19 11:02:05]     Epoch  9/20: Val R²=0.2951 Train R²=0.3828 Gap=0.0876 ✓
[2025-10-19 11:02:32]     Epoch 10/20: Val R²=0.2930 Train R²=0.3852 Gap=0.0923  
[2025-10-19 11:02:58]     Epoch 11/20: Val R²=0.2928 Train R²=0.3876 Gap=0.0948  
[2025-10-19 11:03:24]     Epoch 12/20: Val R²=0.2936 Train R²=0.3892 Gap=0.0956  
[2025-10-19 11:03:50]     Epoch 13/20: Val R²=0.3005 Train R²=0.3914 Gap=0.0908 ✓
[2025-10-19 11:04:16]     Epoch 14/20: Val R²=0.3018 Train R²=0.3932 Gap=0.0915 ✓
[2025-10-19 11:04:42]     Epoch 15/20: Val R²=0.2960 Train R²=0.3951 Gap=0.0991  
[2025-10-19 11:05:09]     Epoch 16/20: Val R²=0.2905 Train R²=0.3967 Gap=0.1062  
[2025-10-19 11:05:35]     Epoch 17/20: Val R²=0.2981 Train R²=0.3988 Gap=0.1007  
[2025-10-19 11:06:02]     Epoch 18/20: Val R²=0.2962 Train R²=0.4011 Gap=0.1049  
[2025-10-19 11:06:28]     Epoch 19/20: Val R²=0.2968 Train R²=0.4059 Gap=0.1091  
[2025-10-19 11:06:28]     Early stopped at epoch 19
[2025-10-19 11:06:28]     Fold 2/3: Val R²=0.3018 Train R²=0.3932 (500.1s)
[2025-10-19 11:06:54]     Epoch  1/20: Val R²=0.3030 Train R²=0.3059 Gap=0.0029 ✓
[2025-10-19 11:07:21]     Epoch  2/20: Val R²=0.3087 Train R²=0.3503 Gap=0.0416 ✓
[2025-10-19 11:07:47]     Epoch  3/20: Val R²=0.3226 Train R²=0.3651 Gap=0.0425 ✓
[2025-10-19 11:08:13]     Epoch  4/20: Val R²=0.3223 Train R²=0.3725 Gap=0.0502  
[2025-10-19 11:08:39]     Epoch  5/20: Val R²=0.3289 Train R²=0.3778 Gap=0.0489 ✓
[2025-10-19 11:09:05]     Epoch  6/20: Val R²=0.3244 Train R²=0.3817 Gap=0.0572  
[2025-10-19 11:09:31]     Epoch  7/20: Val R²=0.3253 Train R²=0.3850 Gap=0.0596  
[2025-10-19 11:09:58]     Epoch  8/20: Val R²=0.3243 Train R²=0.3873 Gap=0.0630  
[2025-10-19 11:10:24]     Epoch  9/20: Val R²=0.3193 Train R²=0.3908 Gap=0.0715  
[2025-10-19 11:10:50]     Epoch 10/20: Val R²=0.3246 Train R²=0.3963 Gap=0.0717  
[2025-10-19 11:10:50]     Early stopped at epoch 10
[2025-10-19 11:10:50]     Fold 3/3: Val R²=0.3289 Train R²=0.3778 (261.8s)
[2025-10-19 11:10:50]   K-Fold Results: mean=0.325093 ± 0.017702 (min=0.301760, max=0.344617)
[2025-10-19 11:10:50] 
======================================================================
[2025-10-19 11:10:50] Config 9/100 - K-Fold Complete:
[2025-10-19 11:10:50]   Mean Val R²: 0.325093 ± 0.017702
[2025-10-19 11:10:50]   Range: [0.301760, 0.344617]
[2025-10-19 11:10:50]   Best Global Mean R²: 0.340000
[2025-10-19 11:10:50]   Parameters: 41,760
[2025-10-19 11:10:50]   K-Fold mean R² not better than global best (0.340000)
[2025-10-19 11:10:50]   Skipping.
[2025-10-19 11:10:50]   Results saved to models/bruteforce_kfold_results_20251019_005926.csv
[2025-10-19 11:10:50] 
======================================================================
[2025-10-19 11:10:50] Config 10/100 - Starting Training:
[2025-10-19 11:10:50]   Architecture:
[2025-10-19 11:10:50]     Lookback: 30, Hidden: 64, Layers: 2, Dropout: 0.4
[2025-10-19 11:10:50]     Bidirectional: False, GRU: True
[2025-10-19 11:10:50]   Output Head:
[2025-10-19 11:10:50]     FC Layers: 3, FC Hidden: 256, Activation: tanh
[2025-10-19 11:10:50]     FC Dropout: 0.2, Batch Norm: False
[2025-10-19 11:10:50]   Training:
[2025-10-19 11:10:50]     Batch Size: 128, LR: 0.002, Weight Decay: 0.001
[2025-10-19 11:10:50]     Optimizer: adamw, Grad Clip: 5.0, LR Patience: 3
[2025-10-19 11:10:50] 
  Stage 1: Running 3-Fold CV on 10% sampled data...
[2025-10-19 11:10:50]   K-Fold CV: 3 folds on 51 sequences
[2025-10-19 11:11:03]     Epoch  1/20: Val R²=0.3303 Train R²=0.2610 Gap=-0.0693 ✓
[2025-10-19 11:11:16]     Epoch  2/20: Val R²=0.3255 Train R²=0.3071 Gap=-0.0183  
[2025-10-19 11:11:29]     Epoch  3/20: Val R²=0.3252 Train R²=0.3214 Gap=-0.0038  
[2025-10-19 11:11:41]     Epoch  4/20: Val R²=0.3332 Train R²=0.3261 Gap=-0.0072 ✓
[2025-10-19 11:11:54]     Epoch  5/20: Val R²=0.3334 Train R²=0.3334 Gap=-0.0000 ✓
[2025-10-19 11:12:07]     Epoch  6/20: Val R²=0.3307 Train R²=0.3380 Gap=0.0073  
[2025-10-19 11:12:20]     Epoch  7/20: Val R²=0.3386 Train R²=0.3403 Gap=0.0018 ✓
[2025-10-19 11:12:33]     Epoch  8/20: Val R²=0.3434 Train R²=0.3442 Gap=0.0008 ✓
[2025-10-19 11:12:46]     Epoch  9/20: Val R²=0.3317 Train R²=0.3486 Gap=0.0169  
[2025-10-19 11:13:00]     Epoch 10/20: Val R²=0.3355 Train R²=0.3494 Gap=0.0139  
[2025-10-19 11:13:12]     Epoch 11/20: Val R²=0.3391 Train R²=0.3511 Gap=0.0120  
[2025-10-19 11:13:24]     Epoch 12/20: Val R²=0.3351 Train R²=0.3539 Gap=0.0188  
[2025-10-19 11:13:37]     Epoch 13/20: Val R²=0.3419 Train R²=0.3688 Gap=0.0269  
[2025-10-19 11:13:37]     Early stopped at epoch 13
[2025-10-19 11:13:37]     Fold 1/3: Val R²=0.3434 Train R²=0.3442 (166.9s)
[2025-10-19 11:13:49]     Epoch  1/20: Val R²=0.2331 Train R²=0.2999 Gap=0.0668 ✓
[2025-10-19 11:14:02]     Epoch  2/20: Val R²=0.2349 Train R²=0.3338 Gap=0.0989 ✓
[2025-10-19 11:14:14]     Epoch  3/20: Val R²=0.2669 Train R²=0.3434 Gap=0.0765 ✓
[2025-10-19 11:14:27]     Epoch  4/20: Val R²=0.2719 Train R²=0.3475 Gap=0.0756 ✓
[2025-10-19 11:14:40]     Epoch  5/20: Val R²=0.2775 Train R²=0.3493 Gap=0.0718 ✓
[2025-10-19 11:14:52]     Epoch  6/20: Val R²=0.2852 Train R²=0.3546 Gap=0.0694 ✓
[2025-10-19 11:15:06]     Epoch  7/20: Val R²=0.2756 Train R²=0.3573 Gap=0.0816  
[2025-10-19 11:15:19]     Epoch  8/20: Val R²=0.2932 Train R²=0.3623 Gap=0.0691 ✓
[2025-10-19 11:15:31]     Epoch  9/20: Val R²=0.2979 Train R²=0.3647 Gap=0.0668 ✓
[2025-10-19 11:15:44]     Epoch 10/20: Val R²=0.2884 Train R²=0.3683 Gap=0.0799  
[2025-10-19 11:15:57]     Epoch 11/20: Val R²=0.2875 Train R²=0.3693 Gap=0.0818  
[2025-10-19 11:16:10]     Epoch 12/20: Val R²=0.2811 Train R²=0.3709 Gap=0.0898  
[2025-10-19 11:16:23]     Epoch 13/20: Val R²=0.2991 Train R²=0.3741 Gap=0.0749 ✓
[2025-10-19 11:16:35]     Epoch 14/20: Val R²=0.2931 Train R²=0.3777 Gap=0.0846  
[2025-10-19 11:16:48]     Epoch 15/20: Val R²=0.2907 Train R²=0.3785 Gap=0.0878  
[2025-10-19 11:17:01]     Epoch 16/20: Val R²=0.2927 Train R²=0.3814 Gap=0.0888  
[2025-10-19 11:17:13]     Epoch 17/20: Val R²=0.2931 Train R²=0.3828 Gap=0.0898  
[2025-10-19 11:17:26]     Epoch 18/20: Val R²=0.2913 Train R²=0.3968 Gap=0.1055  
[2025-10-19 11:17:26]     Early stopped at epoch 18
[2025-10-19 11:17:26]     Fold 2/3: Val R²=0.2991 Train R²=0.3741 (229.3s)
[2025-10-19 11:17:39]     Epoch  1/20: Val R²=0.2965 Train R²=0.2812 Gap=-0.0153 ✓
[2025-10-19 11:17:52]     Epoch  2/20: Val R²=0.3127 Train R²=0.3262 Gap=0.0135 ✓
[2025-10-19 11:18:05]     Epoch  3/20: Val R²=0.3279 Train R²=0.3448 Gap=0.0169 ✓
[2025-10-19 11:18:18]     Epoch  4/20: Val R²=0.3189 Train R²=0.3495 Gap=0.0305  
[2025-10-19 11:18:31]     Epoch  5/20: Val R²=0.3272 Train R²=0.3561 Gap=0.0289  
[2025-10-19 11:18:43]     Epoch  6/20: Val R²=0.3308 Train R²=0.3607 Gap=0.0299 ✓
[2025-10-19 11:18:56]     Epoch  7/20: Val R²=0.3289 Train R²=0.3638 Gap=0.0349  
[2025-10-19 11:19:09]     Epoch  8/20: Val R²=0.3327 Train R²=0.3658 Gap=0.0331 ✓
[2025-10-19 11:19:21]     Epoch  9/20: Val R²=0.3245 Train R²=0.3696 Gap=0.0451  
[2025-10-19 11:19:33]     Epoch 10/20: Val R²=0.3190 Train R²=0.3739 Gap=0.0548  
[2025-10-19 11:19:46]     Epoch 11/20: Val R²=0.3176 Train R²=0.3723 Gap=0.0548  
[2025-10-19 11:19:59]     Epoch 12/20: Val R²=0.3142 Train R²=0.3756 Gap=0.0614  
[2025-10-19 11:20:12]     Epoch 13/20: Val R²=0.3317 Train R²=0.3913 Gap=0.0595  
[2025-10-19 11:20:12]     Early stopped at epoch 13
[2025-10-19 11:20:12]     Fold 3/3: Val R²=0.3327 Train R²=0.3658 (165.6s)
[2025-10-19 11:20:12]   K-Fold Results: mean=0.325054 ± 0.018843 (min=0.299133, max=0.343367)
[2025-10-19 11:20:12] 
======================================================================
[2025-10-19 11:20:12] Config 10/100 - K-Fold Complete:
[2025-10-19 11:20:12]   Mean Val R²: 0.325054 ± 0.018843
[2025-10-19 11:20:12]   Range: [0.299133, 0.343367]
[2025-10-19 11:20:12]   Best Global Mean R²: 0.340000
[2025-10-19 11:20:12]   Parameters: 134,432
[2025-10-19 11:20:12]   K-Fold mean R² not better than global best (0.340000)
[2025-10-19 11:20:12]   Skipping.
[2025-10-19 11:20:12]   Results saved to models/bruteforce_kfold_results_20251019_005926.csv
[2025-10-19 11:20:12] 
======================================================================
[2025-10-19 11:20:12] Config 11/100 - Starting Training:
[2025-10-19 11:20:12]   Architecture:
[2025-10-19 11:20:12]     Lookback: 10, Hidden: 64, Layers: 1, Dropout: 0.3
[2025-10-19 11:20:12]     Bidirectional: False, GRU: False
[2025-10-19 11:20:12]   Output Head:
[2025-10-19 11:20:12]     FC Layers: 3, FC Hidden: 64, Activation: relu
[2025-10-19 11:20:12]     FC Dropout: 0.0, Batch Norm: False
[2025-10-19 11:20:12]   Training:
[2025-10-19 11:20:12]     Batch Size: 64, LR: 0.0001, Weight Decay: 0
[2025-10-19 11:20:12]     Optimizer: adam, Grad Clip: 1.0, LR Patience: 5
[2025-10-19 11:20:12] 
  Stage 1: Running 3-Fold CV on 10% sampled data...
[2025-10-19 11:20:12]   K-Fold CV: 3 folds on 51 sequences
[2025-10-19 11:20:17]     Epoch  1/20: Val R²=0.2682 Train R²=0.1185 Gap=-0.1496 ✓
[2025-10-19 11:20:21]     Epoch  2/20: Val R²=0.2940 Train R²=0.2626 Gap=-0.0314 ✓
[2025-10-19 11:20:26]     Epoch  3/20: Val R²=0.3070 Train R²=0.3024 Gap=-0.0045 ✓
[2025-10-19 11:20:31]     Epoch  4/20: Val R²=0.3093 Train R²=0.3170 Gap=0.0077 ✓
[2025-10-19 11:20:35]     Epoch  5/20: Val R²=0.3155 Train R²=0.3237 Gap=0.0082 ✓
[2025-10-19 11:20:40]     Epoch  6/20: Val R²=0.3146 Train R²=0.3283 Gap=0.0137  
[2025-10-19 11:20:45]     Epoch  7/20: Val R²=0.3146 Train R²=0.3320 Gap=0.0174  
[2025-10-19 11:20:49]     Epoch  8/20: Val R²=0.3178 Train R²=0.3349 Gap=0.0170 ✓
[2025-10-19 11:20:55]     Epoch  9/20: Val R²=0.3195 Train R²=0.3373 Gap=0.0178 ✓
[2025-10-19 11:20:59]     Epoch 10/20: Val R²=0.3194 Train R²=0.3395 Gap=0.0200  
[2025-10-19 11:21:04]     Epoch 11/20: Val R²=0.3193 Train R²=0.3416 Gap=0.0223  
[2025-10-19 11:21:09]     Epoch 12/20: Val R²=0.3200 Train R²=0.3433 Gap=0.0233 ✓
[2025-10-19 11:21:13]     Epoch 13/20: Val R²=0.3209 Train R²=0.3450 Gap=0.0241 ✓
[2025-10-19 11:21:18]     Epoch 14/20: Val R²=0.3206 Train R²=0.3466 Gap=0.0260  
[2025-10-19 11:21:22]     Epoch 15/20: Val R²=0.3202 Train R²=0.3477 Gap=0.0275  
[2025-10-19 11:21:27]     Epoch 16/20: Val R²=0.3215 Train R²=0.3494 Gap=0.0279 ✓
[2025-10-19 11:21:31]     Epoch 17/20: Val R²=0.3225 Train R²=0.3505 Gap=0.0280 ✓
[2025-10-19 11:21:36]     Epoch 18/20: Val R²=0.3236 Train R²=0.3518 Gap=0.0283 ✓
[2025-10-19 11:21:41]     Epoch 19/20: Val R²=0.3226 Train R²=0.3530 Gap=0.0304  
[2025-10-19 11:21:46]     Epoch 20/20: Val R²=0.3224 Train R²=0.3539 Gap=0.0315  
[2025-10-19 11:21:46]     Fold 1/3: Val R²=0.3236 Train R²=0.3518 (94.1s)
[2025-10-19 11:21:50]     Epoch  1/20: Val R²=0.1177 Train R²=0.1686 Gap=0.0508 ✓
[2025-10-19 11:21:56]     Epoch  2/20: Val R²=0.1389 Train R²=0.3028 Gap=0.1639 ✓
[2025-10-19 11:22:01]     Epoch  3/20: Val R²=0.1537 Train R²=0.3133 Gap=0.1596 ✓
[2025-10-19 11:22:06]     Epoch  4/20: Val R²=0.1674 Train R²=0.3204 Gap=0.1530 ✓
[2025-10-19 11:22:10]     Epoch  5/20: Val R²=0.1854 Train R²=0.3280 Gap=0.1426 ✓
[2025-10-19 11:22:15]     Epoch  6/20: Val R²=0.2012 Train R²=0.3356 Gap=0.1345 ✓
[2025-10-19 11:22:20]     Epoch  7/20: Val R²=0.2135 Train R²=0.3422 Gap=0.1288 ✓
[2025-10-19 11:22:24]     Epoch  8/20: Val R²=0.2244 Train R²=0.3472 Gap=0.1228 ✓
[2025-10-19 11:22:29]     Epoch  9/20: Val R²=0.2326 Train R²=0.3507 Gap=0.1180 ✓
[2025-10-19 11:22:34]     Epoch 10/20: Val R²=0.2384 Train R²=0.3538 Gap=0.1154 ✓
[2025-10-19 11:22:39]     Epoch 11/20: Val R²=0.2441 Train R²=0.3561 Gap=0.1120 ✓
[2025-10-19 11:22:43]     Epoch 12/20: Val R²=0.2463 Train R²=0.3580 Gap=0.1117 ✓
[2025-10-19 11:22:48]     Epoch 13/20: Val R²=0.2471 Train R²=0.3601 Gap=0.1130 ✓
[2025-10-19 11:22:52]     Epoch 14/20: Val R²=0.2525 Train R²=0.3617 Gap=0.1092 ✓
[2025-10-19 11:22:58]     Epoch 15/20: Val R²=0.2543 Train R²=0.3633 Gap=0.1090 ✓
[2025-10-19 11:23:03]     Epoch 16/20: Val R²=0.2548 Train R²=0.3648 Gap=0.1100 ✓
[2025-10-19 11:23:08]     Epoch 17/20: Val R²=0.2585 Train R²=0.3663 Gap=0.1079 ✓
[2025-10-19 11:23:12]     Epoch 18/20: Val R²=0.2583 Train R²=0.3677 Gap=0.1094  
[2025-10-19 11:23:17]     Epoch 19/20: Val R²=0.2620 Train R²=0.3691 Gap=0.1071 ✓
[2025-10-19 11:23:22]     Epoch 20/20: Val R²=0.2601 Train R²=0.3703 Gap=0.1102  
[2025-10-19 11:23:22]     Fold 2/3: Val R²=0.2620 Train R²=0.3691 (96.3s)
[2025-10-19 11:23:27]     Epoch  1/20: Val R²=0.2531 Train R²=0.1188 Gap=-0.1342 ✓
[2025-10-19 11:23:31]     Epoch  2/20: Val R²=0.2818 Train R²=0.2710 Gap=-0.0108 ✓
[2025-10-19 11:23:36]     Epoch  3/20: Val R²=0.2946 Train R²=0.3145 Gap=0.0198 ✓
[2025-10-19 11:23:41]     Epoch  4/20: Val R²=0.3007 Train R²=0.3305 Gap=0.0298 ✓
[2025-10-19 11:23:45]     Epoch  5/20: Val R²=0.3023 Train R²=0.3397 Gap=0.0374 ✓
[2025-10-19 11:23:50]     Epoch  6/20: Val R²=0.3058 Train R²=0.3464 Gap=0.0406 ✓
[2025-10-19 11:23:56]     Epoch  7/20: Val R²=0.3096 Train R²=0.3514 Gap=0.0418 ✓
[2025-10-19 11:24:00]     Epoch  8/20: Val R²=0.3109 Train R²=0.3556 Gap=0.0447 ✓
[2025-10-19 11:24:05]     Epoch  9/20: Val R²=0.3105 Train R²=0.3591 Gap=0.0487  
[2025-10-19 11:24:10]     Epoch 10/20: Val R²=0.3123 Train R²=0.3621 Gap=0.0497 ✓
[2025-10-19 11:24:14]     Epoch 11/20: Val R²=0.3101 Train R²=0.3648 Gap=0.0547  
[2025-10-19 11:24:19]     Epoch 12/20: Val R²=0.3103 Train R²=0.3668 Gap=0.0565  
[2025-10-19 11:24:23]     Epoch 13/20: Val R²=0.3084 Train R²=0.3690 Gap=0.0606  
[2025-10-19 11:24:28]     Epoch 14/20: Val R²=0.3129 Train R²=0.3707 Gap=0.0578 ✓
[2025-10-19 11:24:33]     Epoch 15/20: Val R²=0.3104 Train R²=0.3724 Gap=0.0620  
[2025-10-19 11:24:38]     Epoch 16/20: Val R²=0.3101 Train R²=0.3743 Gap=0.0642  
[2025-10-19 11:24:43]     Epoch 17/20: Val R²=0.3112 Train R²=0.3757 Gap=0.0645  
[2025-10-19 11:24:48]     Epoch 18/20: Val R²=0.3117 Train R²=0.3771 Gap=0.0655  
[2025-10-19 11:24:52]     Epoch 19/20: Val R²=0.3116 Train R²=0.3782 Gap=0.0666  
[2025-10-19 11:24:52]     Early stopped at epoch 19
[2025-10-19 11:24:52]     Fold 3/3: Val R²=0.3129 Train R²=0.3707 (90.3s)
[2025-10-19 11:24:52]   K-Fold Results: mean=0.299467 ± 0.026874 (min=0.261964, max=0.323554)
[2025-10-19 11:24:52] 
======================================================================
[2025-10-19 11:24:52] Config 11/100 - K-Fold Complete:
[2025-10-19 11:24:52]   Mean Val R²: 0.299467 ± 0.026874
[2025-10-19 11:24:52]   Range: [0.261964, 0.323554]
[2025-10-19 11:24:52]   Best Global Mean R²: 0.340000
[2025-10-19 11:24:52]   Parameters: 35,488
[2025-10-19 11:24:52]   K-Fold mean R² not better than global best (0.340000)
[2025-10-19 11:24:52]   Skipping.
[2025-10-19 11:24:52]   Results saved to models/bruteforce_kfold_results_20251019_005926.csv
[2025-10-19 11:24:52] 
======================================================================
[2025-10-19 11:24:52] Config 12/100 - Starting Training:
[2025-10-19 11:24:52]   Architecture:
[2025-10-19 11:24:52]     Lookback: 15, Hidden: 256, Layers: 4, Dropout: 0.2
[2025-10-19 11:24:52]     Bidirectional: False, GRU: True
[2025-10-19 11:24:52]   Output Head:
[2025-10-19 11:24:52]     FC Layers: 1, FC Hidden: 128, Activation: tanh
[2025-10-19 11:24:52]     FC Dropout: 0.2, Batch Norm: False
[2025-10-19 11:24:52]   Training:
[2025-10-19 11:24:52]     Batch Size: 32, LR: 0.002, Weight Decay: 0.001
[2025-10-19 11:24:52]     Optimizer: adamw, Grad Clip: 5.0, LR Patience: 10
[2025-10-19 11:24:52] 
  Stage 1: Running 3-Fold CV on 10% sampled data...
[2025-10-19 11:24:52]   K-Fold CV: 3 folds on 51 sequences
[2025-10-19 11:25:50]     Epoch  1/20: Val R²=0.2842 Train R²=0.2669 Gap=-0.0173 ✓
[2025-10-19 11:26:48]     Epoch  2/20: Val R²=0.2898 Train R²=0.3094 Gap=0.0196 ✓
[2025-10-19 11:27:46]     Epoch  3/20: Val R²=0.3009 Train R²=0.3238 Gap=0.0230 ✓
[2025-10-19 11:28:44]     Epoch  4/20: Val R²=0.2862 Train R²=0.3314 Gap=0.0452  
[2025-10-19 11:29:41]     Epoch  5/20: Val R²=0.3021 Train R²=0.3332 Gap=0.0311 ✓
[2025-10-19 11:30:38]     Epoch  6/20: Val R²=0.3002 Train R²=0.3363 Gap=0.0361  
[2025-10-19 11:31:33]     Epoch  7/20: Val R²=0.3000 Train R²=0.3348 Gap=0.0348  
[2025-10-19 11:32:30]     Epoch  8/20: Val R²=0.3000 Train R²=0.3350 Gap=0.0351  
[2025-10-19 11:33:29]     Epoch  9/20: Val R²=0.2922 Train R²=0.3380 Gap=0.0458  
[2025-10-19 11:34:26]     Epoch 10/20: Val R²=0.2870 Train R²=0.3365 Gap=0.0495  
[2025-10-19 11:34:26]     Early stopped at epoch 10
[2025-10-19 11:34:26]     Fold 1/3: Val R²=0.3021 Train R²=0.3332 (573.7s)
[2025-10-19 11:35:22]     Epoch  1/20: Val R²=0.1977 Train R²=0.3007 Gap=0.1029 ✓
[2025-10-19 11:36:20]     Epoch  2/20: Val R²=0.2603 Train R²=0.3318 Gap=0.0715 ✓
[2025-10-19 11:37:18]     Epoch  3/20: Val R²=0.2525 Train R²=0.3422 Gap=0.0897  
[2025-10-19 11:38:13]     Epoch  4/20: Val R²=0.2331 Train R²=0.3492 Gap=0.1161  
[2025-10-19 11:39:11]     Epoch  5/20: Val R²=0.2451 Train R²=0.3519 Gap=0.1068  
[2025-10-19 11:40:09]     Epoch  6/20: Val R²=0.2414 Train R²=0.3539 Gap=0.1125  
[2025-10-19 11:41:07]     Epoch  7/20: Val R²=0.2404 Train R²=0.3547 Gap=0.1143  
[2025-10-19 11:41:07]     Early stopped at epoch 7
[2025-10-19 11:41:07]     Fold 2/3: Val R²=0.2603 Train R²=0.3318 (400.7s)
[2025-10-19 11:42:04]     Epoch  1/20: Val R²=0.2539 Train R²=0.2942 Gap=0.0403 ✓
[2025-10-19 11:43:04]     Epoch  2/20: Val R²=0.2873 Train R²=0.3356 Gap=0.0482 ✓
[2025-10-19 11:44:06]     Epoch  3/20: Val R²=0.2841 Train R²=0.3489 Gap=0.0648  
[2025-10-19 11:45:02]     Epoch  4/20: Val R²=0.2701 Train R²=0.3537 Gap=0.0835  
[2025-10-19 11:45:59]     Epoch  5/20: Val R²=0.2837 Train R²=0.3571 Gap=0.0735  
[2025-10-19 11:46:57]     Epoch  6/20: Val R²=0.2793 Train R²=0.3586 Gap=0.0793  
[2025-10-19 11:47:54]     Epoch  7/20: Val R²=0.2599 Train R²=0.3588 Gap=0.0989  
[2025-10-19 11:47:54]     Early stopped at epoch 7
[2025-10-19 11:47:54]     Fold 3/3: Val R²=0.2873 Train R²=0.3356 (407.6s)
[2025-10-19 11:47:54]   K-Fold Results: mean=0.283256 ± 0.017310 (min=0.260315, max=0.302124)
[2025-10-19 11:47:54] 
======================================================================
[2025-10-19 11:47:54] Config 12/100 - K-Fold Complete:
[2025-10-19 11:47:54]   Mean Val R²: 0.283256 ± 0.017310
[2025-10-19 11:47:54]   Range: [0.260315, 0.302124]
[2025-10-19 11:47:54]   Best Global Mean R²: 0.340000
[2025-10-19 11:47:54]   Parameters: 1,415,200
[2025-10-19 11:47:54]   K-Fold mean R² not better than global best (0.340000)
[2025-10-19 11:47:54]   Skipping.
[2025-10-19 11:47:54]   Results saved to models/bruteforce_kfold_results_20251019_005926.csv
[2025-10-19 11:47:54] 
======================================================================
[2025-10-19 11:47:54] Config 13/100 - Starting Training:
[2025-10-19 11:47:54]   Architecture:
[2025-10-19 11:47:54]     Lookback: 50, Hidden: 32, Layers: 1, Dropout: 0.1
[2025-10-19 11:47:54]     Bidirectional: True, GRU: True
[2025-10-19 11:47:54]   Output Head:
[2025-10-19 11:47:54]     FC Layers: 1, FC Hidden: 64, Activation: relu
[2025-10-19 11:47:54]     FC Dropout: 0.2, Batch Norm: True
[2025-10-19 11:47:54]   Training:
[2025-10-19 11:47:54]     Batch Size: 64, LR: 0.002, Weight Decay: 0.0001
[2025-10-19 11:47:54]     Optimizer: adamw, Grad Clip: 1.0, LR Patience: 5
[2025-10-19 11:47:54] 
  Stage 1: Running 3-Fold CV on 10% sampled data...
[2025-10-19 11:47:54]   K-Fold CV: 3 folds on 51 sequences
[2025-10-19 11:48:27]     Epoch  1/20: Val R²=0.3198 Train R²=0.2951 Gap=-0.0247 ✓
[2025-10-19 11:49:00]     Epoch  2/20: Val R²=0.3321 Train R²=0.3376 Gap=0.0056 ✓
[2025-10-19 11:49:31]     Epoch  3/20: Val R²=0.3389 Train R²=0.3473 Gap=0.0084 ✓
[2025-10-19 11:50:05]     Epoch  4/20: Val R²=0.3363 Train R²=0.3541 Gap=0.0178  
[2025-10-19 11:50:37]     Epoch  5/20: Val R²=0.3405 Train R²=0.3587 Gap=0.0182 ✓
[2025-10-19 11:51:10]     Epoch  6/20: Val R²=0.3451 Train R²=0.3627 Gap=0.0176 ✓
[2025-10-19 11:51:43]     Epoch  7/20: Val R²=0.3459 Train R²=0.3664 Gap=0.0205 ✓
[2025-10-19 11:52:16]     Epoch  8/20: Val R²=0.3481 Train R²=0.3691 Gap=0.0210 ✓
[2025-10-19 11:52:48]     Epoch  9/20: Val R²=0.3414 Train R²=0.3703 Gap=0.0289  
[2025-10-19 11:53:22]     Epoch 10/20: Val R²=0.3378 Train R²=0.3728 Gap=0.0350  
[2025-10-19 11:53:54]     Epoch 11/20: Val R²=0.3386 Train R²=0.3741 Gap=0.0355  
[2025-10-19 11:54:26]     Epoch 12/20: Val R²=0.3406 Train R²=0.3763 Gap=0.0357  
[2025-10-19 11:54:59]     Epoch 13/20: Val R²=0.3426 Train R²=0.3778 Gap=0.0352  
[2025-10-19 11:54:59]     Early stopped at epoch 13
[2025-10-19 11:54:59]     Fold 1/3: Val R²=0.3481 Train R²=0.3691 (424.8s)
[2025-10-19 11:55:31]     Epoch  1/20: Val R²=0.2505 Train R²=0.3262 Gap=0.0757 ✓
[2025-10-19 11:56:04]     Epoch  2/20: Val R²=0.2717 Train R²=0.3570 Gap=0.0852 ✓
[2025-10-19 11:56:35]     Epoch  3/20: Val R²=0.2781 Train R²=0.3650 Gap=0.0868 ✓
[2025-10-19 11:57:08]     Epoch  4/20: Val R²=0.2837 Train R²=0.3702 Gap=0.0865 ✓
[2025-10-19 11:57:40]     Epoch  5/20: Val R²=0.2937 Train R²=0.3739 Gap=0.0802 ✓
[2025-10-19 11:58:13]     Epoch  6/20: Val R²=0.2975 Train R²=0.3775 Gap=0.0800 ✓
[2025-10-19 11:58:45]     Epoch  7/20: Val R²=0.2931 Train R²=0.3803 Gap=0.0872  
[2025-10-19 11:59:17]     Epoch  8/20: Val R²=0.3010 Train R²=0.3822 Gap=0.0813 ✓
[2025-10-19 11:59:50]     Epoch  9/20: Val R²=0.2993 Train R²=0.3855 Gap=0.0863  
[2025-10-19 12:00:22]     Epoch 10/20: Val R²=0.2982 Train R²=0.3871 Gap=0.0890  
[2025-10-19 12:00:56]     Epoch 11/20: Val R²=0.2999 Train R²=0.3890 Gap=0.0891  
[2025-10-19 12:01:28]     Epoch 12/20: Val R²=0.2972 Train R²=0.3908 Gap=0.0936  
[2025-10-19 12:02:01]     Epoch 13/20: Val R²=0.2959 Train R²=0.3915 Gap=0.0956  
[2025-10-19 12:02:01]     Early stopped at epoch 13
[2025-10-19 12:02:01]     Fold 2/3: Val R²=0.3010 Train R²=0.3822 (421.9s)
[2025-10-19 12:02:33]     Epoch  1/20: Val R²=0.3017 Train R²=0.3149 Gap=0.0132 ✓
[2025-10-19 12:03:07]     Epoch  2/20: Val R²=0.3201 Train R²=0.3597 Gap=0.0396 ✓
[2025-10-19 12:03:40]     Epoch  3/20: Val R²=0.3290 Train R²=0.3721 Gap=0.0430 ✓
[2025-10-19 12:04:12]     Epoch  4/20: Val R²=0.3322 Train R²=0.3801 Gap=0.0479 ✓
[2025-10-19 12:04:46]     Epoch  5/20: Val R²=0.3297 Train R²=0.3852 Gap=0.0554  
[2025-10-19 12:05:19]     Epoch  6/20: Val R²=0.3168 Train R²=0.3889 Gap=0.0722  
[2025-10-19 12:05:52]     Epoch  7/20: Val R²=0.3304 Train R²=0.3916 Gap=0.0612  
[2025-10-19 12:06:25]     Epoch  8/20: Val R²=0.3260 Train R²=0.3943 Gap=0.0684  
[2025-10-19 12:06:59]     Epoch  9/20: Val R²=0.3271 Train R²=0.3968 Gap=0.0697  
[2025-10-19 12:06:59]     Early stopped at epoch 9
[2025-10-19 12:06:59]     Fold 3/3: Val R²=0.3322 Train R²=0.3801 (297.7s)
[2025-10-19 12:06:59]   K-Fold Results: mean=0.327107 ± 0.019592 (min=0.300967, max=0.348135)
[2025-10-19 12:06:59] 
======================================================================
[2025-10-19 12:06:59] Config 13/100 - K-Fold Complete:
[2025-10-19 12:06:59]   Mean Val R²: 0.327107 ± 0.019592
[2025-10-19 12:06:59]   Range: [0.300967, 0.348135]
[2025-10-19 12:06:59]   Best Global Mean R²: 0.340000
[2025-10-19 12:06:59]   Parameters: 14,752
[2025-10-19 12:06:59]   K-Fold mean R² not better than global best (0.340000)
[2025-10-19 12:06:59]   Skipping.
[2025-10-19 12:06:59]   Results saved to models/bruteforce_kfold_results_20251019_005926.csv
[2025-10-19 12:06:59] 
======================================================================
[2025-10-19 12:06:59] Config 14/100 - Starting Training:
[2025-10-19 12:06:59]   Architecture:
[2025-10-19 12:06:59]     Lookback: 5, Hidden: 128, Layers: 1, Dropout: 0.1
[2025-10-19 12:06:59]     Bidirectional: False, GRU: False
[2025-10-19 12:06:59]   Output Head:
[2025-10-19 12:06:59]     FC Layers: 1, FC Hidden: 64, Activation: tanh
[2025-10-19 12:06:59]     FC Dropout: 0.4, Batch Norm: True
[2025-10-19 12:06:59]   Training:
[2025-10-19 12:06:59]     Batch Size: 64, LR: 0.002, Weight Decay: 0
[2025-10-19 12:06:59]     Optimizer: adamw, Grad Clip: 0.5, LR Patience: 3
[2025-10-19 12:06:59] 
  Stage 1: Running 3-Fold CV on 10% sampled data...
[2025-10-19 12:06:59]   K-Fold CV: 3 folds on 51 sequences
[2025-10-19 12:07:03]     Epoch  1/20: Val R²=0.3111 Train R²=0.2989 Gap=-0.0122 ✓
[2025-10-19 12:07:07]     Epoch  2/20: Val R²=0.3173 Train R²=0.3341 Gap=0.0167 ✓
[2025-10-19 12:07:11]     Epoch  3/20: Val R²=0.3220 Train R²=0.3451 Gap=0.0230 ✓
[2025-10-19 12:07:15]     Epoch  4/20: Val R²=0.3198 Train R²=0.3542 Gap=0.0344  
[2025-10-19 12:07:19]     Epoch  5/20: Val R²=0.3117 Train R²=0.3614 Gap=0.0497  
[2025-10-19 12:07:23]     Epoch  6/20: Val R²=0.3033 Train R²=0.3696 Gap=0.0662  
[2025-10-19 12:07:26]     Epoch  7/20: Val R²=0.3057 Train R²=0.3772 Gap=0.0715  
[2025-10-19 12:07:30]     Epoch  8/20: Val R²=0.3071 Train R²=0.3971 Gap=0.0900  
[2025-10-19 12:07:30]     Early stopped at epoch 8
[2025-10-19 12:07:30]     Fold 1/3: Val R²=0.3220 Train R²=0.3451 (31.3s)
[2025-10-19 12:07:34]     Epoch  1/20: Val R²=0.2569 Train R²=0.3272 Gap=0.0704 ✓
[2025-10-19 12:07:37]     Epoch  2/20: Val R²=0.2639 Train R²=0.3540 Gap=0.0901 ✓
[2025-10-19 12:07:41]     Epoch  3/20: Val R²=0.2770 Train R²=0.3629 Gap=0.0860 ✓
[2025-10-19 12:07:45]     Epoch  4/20: Val R²=0.2769 Train R²=0.3705 Gap=0.0937  
[2025-10-19 12:07:49]     Epoch  5/20: Val R²=0.2830 Train R²=0.3759 Gap=0.0930 ✓
[2025-10-19 12:07:52]     Epoch  6/20: Val R²=0.2775 Train R²=0.3830 Gap=0.1056  
[2025-10-19 12:07:57]     Epoch  7/20: Val R²=0.2758 Train R²=0.3897 Gap=0.1138  
[2025-10-19 12:08:01]     Epoch  8/20: Val R²=0.2758 Train R²=0.3965 Gap=0.1208  
[2025-10-19 12:08:04]     Epoch  9/20: Val R²=0.2673 Train R²=0.4051 Gap=0.1377  
[2025-10-19 12:08:08]     Epoch 10/20: Val R²=0.2622 Train R²=0.4263 Gap=0.1641  
[2025-10-19 12:08:08]     Early stopped at epoch 10
[2025-10-19 12:08:08]     Fold 2/3: Val R²=0.2830 Train R²=0.3759 (38.0s)
[2025-10-19 12:08:12]     Epoch  1/20: Val R²=0.3028 Train R²=0.3223 Gap=0.0195 ✓
[2025-10-19 12:08:16]     Epoch  2/20: Val R²=0.2997 Train R²=0.3607 Gap=0.0610  
[2025-10-19 12:08:19]     Epoch  3/20: Val R²=0.2979 Train R²=0.3723 Gap=0.0743  
[2025-10-19 12:08:23]     Epoch  4/20: Val R²=0.2974 Train R²=0.3812 Gap=0.0838  
[2025-10-19 12:08:27]     Epoch  5/20: Val R²=0.2990 Train R²=0.3885 Gap=0.0894  
[2025-10-19 12:08:30]     Epoch  6/20: Val R²=0.2907 Train R²=0.4033 Gap=0.1126  
[2025-10-19 12:08:30]     Early stopped at epoch 6
[2025-10-19 12:08:30]     Fold 3/3: Val R²=0.3028 Train R²=0.3223 (22.3s)
[2025-10-19 12:08:30]   K-Fold Results: mean=0.302600 ± 0.015958 (min=0.282957, max=0.322046)
[2025-10-19 12:08:30] 
======================================================================
[2025-10-19 12:08:30] Config 14/100 - K-Fold Complete:
[2025-10-19 12:08:30]   Mean Val R²: 0.302600 ± 0.015958
[2025-10-19 12:08:30]   Range: [0.282957, 0.322046]
[2025-10-19 12:08:30]   Best Global Mean R²: 0.340000
[2025-10-19 12:08:30]   Parameters: 87,072
[2025-10-19 12:08:30]   K-Fold mean R² not better than global best (0.340000)
[2025-10-19 12:08:30]   Skipping.
[2025-10-19 12:08:30]   Results saved to models/bruteforce_kfold_results_20251019_005926.csv
[2025-10-19 12:08:30] 
======================================================================
[2025-10-19 12:08:30] Config 15/100 - Starting Training:
[2025-10-19 12:08:30]   Architecture:
[2025-10-19 12:08:30]     Lookback: 20, Hidden: 96, Layers: 4, Dropout: 0.3
[2025-10-19 12:08:30]     Bidirectional: True, GRU: True
[2025-10-19 12:08:30]   Output Head:
[2025-10-19 12:08:30]     FC Layers: 1, FC Hidden: 64, Activation: tanh
[2025-10-19 12:08:30]     FC Dropout: 0.2, Batch Norm: False
[2025-10-19 12:08:30]   Training:
[2025-10-19 12:08:30]     Batch Size: 32, LR: 0.001, Weight Decay: 0
[2025-10-19 12:08:30]     Optimizer: adamw, Grad Clip: None, LR Patience: 5
[2025-10-19 12:08:30] 
  Stage 1: Running 3-Fold CV on 10% sampled data...
[2025-10-19 12:08:30]   K-Fold CV: 3 folds on 51 sequences
[2025-10-19 12:10:23]     Epoch  1/20: Val R²=0.3111 Train R²=0.2911 Gap=-0.0200 ✓
[2025-10-19 12:12:16]     Epoch  2/20: Val R²=0.3236 Train R²=0.3302 Gap=0.0065 ✓
[2025-10-19 12:14:08]     Epoch  3/20: Val R²=0.3266 Train R²=0.3442 Gap=0.0176 ✓
[2025-10-19 12:16:00]     Epoch  4/20: Val R²=0.3294 Train R²=0.3554 Gap=0.0260 ✓
[2025-10-19 12:17:50]     Epoch  5/20: Val R²=0.3223 Train R²=0.3597 Gap=0.0375  
[2025-10-19 12:19:42]     Epoch  6/20: Val R²=0.3306 Train R²=0.3687 Gap=0.0381 ✓
[2025-10-19 12:21:33]     Epoch  7/20: Val R²=0.3243 Train R²=0.3753 Gap=0.0510  
[2025-10-19 12:23:26]     Epoch  8/20: Val R²=0.3263 Train R²=0.3809 Gap=0.0545  
[2025-10-19 12:25:18]     Epoch  9/20: Val R²=0.3202 Train R²=0.3865 Gap=0.0663  
[2025-10-19 12:27:12]     Epoch 10/20: Val R²=0.3226 Train R²=0.3944 Gap=0.0718  
[2025-10-19 12:29:07]     Epoch 11/20: Val R²=0.3109 Train R²=0.3997 Gap=0.0887  
[2025-10-19 12:29:07]     Early stopped at epoch 11
[2025-10-19 12:29:07]     Fold 1/3: Val R²=0.3306 Train R²=0.3687 (1236.1s)
[2025-10-19 12:30:59]     Epoch  1/20: Val R²=0.2418 Train R²=0.3189 Gap=0.0770 ✓
[2025-10-19 12:32:50]     Epoch  2/20: Val R²=0.2588 Train R²=0.3488 Gap=0.0900 ✓
[2025-10-19 12:34:41]     Epoch  3/20: Val R²=0.2774 Train R²=0.3610 Gap=0.0836 ✓
[2025-10-19 12:36:31]     Epoch  4/20: Val R²=0.2920 Train R²=0.3707 Gap=0.0787 ✓
[2025-10-19 12:38:23]     Epoch  5/20: Val R²=0.2880 Train R²=0.3791 Gap=0.0912  
[2025-10-19 12:40:14]     Epoch  6/20: Val R²=0.2956 Train R²=0.3851 Gap=0.0896 ✓
[2025-10-19 12:42:04]     Epoch  7/20: Val R²=0.2963 Train R²=0.3921 Gap=0.0958 ✓
[2025-10-19 12:43:58]     Epoch  8/20: Val R²=0.2927 Train R²=0.3977 Gap=0.1050  
[2025-10-19 12:45:49]     Epoch  9/20: Val R²=0.2886 Train R²=0.4054 Gap=0.1168  
[2025-10-19 12:47:41]     Epoch 10/20: Val R²=0.2881 Train R²=0.4116 Gap=0.1235  
[2025-10-19 12:49:32]     Epoch 11/20: Val R²=0.2841 Train R²=0.4192 Gap=0.1351  
[2025-10-19 12:51:23]     Epoch 12/20: Val R²=0.2883 Train R²=0.4250 Gap=0.1367  
[2025-10-19 12:51:23]     Early stopped at epoch 12
[2025-10-19 12:51:23]     Fold 2/3: Val R²=0.2963 Train R²=0.3921 (1336.9s)
[2025-10-19 12:53:16]     Epoch  1/20: Val R²=0.3046 Train R²=0.3122 Gap=0.0076 ✓
[2025-10-19 12:55:07]     Epoch  2/20: Val R²=0.3153 Train R²=0.3571 Gap=0.0418 ✓
[2025-10-19 12:57:00]     Epoch  3/20: Val R²=0.3097 Train R²=0.3715 Gap=0.0619  
[2025-10-19 12:58:50]     Epoch  4/20: Val R²=0.3119 Train R²=0.3780 Gap=0.0661  
[2025-10-19 13:00:41]     Epoch  5/20: Val R²=0.3022 Train R²=0.3867 Gap=0.0845  
[2025-10-19 13:02:33]     Epoch  6/20: Val R²=0.3009 Train R²=0.3931 Gap=0.0922  
[2025-10-19 13:04:24]     Epoch  7/20: Val R²=0.3126 Train R²=0.3991 Gap=0.0865  
[2025-10-19 13:04:24]     Early stopped at epoch 7
[2025-10-19 13:04:24]     Fold 3/3: Val R²=0.3153 Train R²=0.3571 (780.7s)
[2025-10-19 13:04:24]   K-Fold Results: mean=0.314052 ± 0.014029 (min=0.296265, max=0.330559)
[2025-10-19 13:04:24] 
======================================================================
[2025-10-19 13:04:24] Config 15/100 - K-Fold Complete:
[2025-10-19 13:04:24]   Mean Val R²: 0.314052 ± 0.014029
[2025-10-19 13:04:24]   Range: [0.296265, 0.330559]
[2025-10-19 13:04:24]   Best Global Mean R²: 0.340000
[2025-10-19 13:04:24]   Parameters: 582,176
[2025-10-19 13:04:24]   K-Fold mean R² not better than global best (0.340000)
[2025-10-19 13:04:24]   Skipping.
[2025-10-19 13:04:24]   Results saved to models/bruteforce_kfold_results_20251019_005926.csv
[2025-10-19 13:04:24] 
======================================================================
[2025-10-19 13:04:24] Config 16/100 - Starting Training:
[2025-10-19 13:04:24]   Architecture:
[2025-10-19 13:04:24]     Lookback: 5, Hidden: 192, Layers: 1, Dropout: 0.2
[2025-10-19 13:04:24]     Bidirectional: False, GRU: False
[2025-10-19 13:04:24]   Output Head:
[2025-10-19 13:04:24]     FC Layers: 3, FC Hidden: 64, Activation: tanh
[2025-10-19 13:04:24]     FC Dropout: 0.0, Batch Norm: False
[2025-10-19 13:04:24]   Training:
[2025-10-19 13:04:24]     Batch Size: 32, LR: 0.005, Weight Decay: 0
[2025-10-19 13:04:24]     Optimizer: adamw, Grad Clip: 5.0, LR Patience: 7
[2025-10-19 13:04:24] 
  Stage 1: Running 3-Fold CV on 10% sampled data...
[2025-10-19 13:04:24]   K-Fold CV: 3 folds on 51 sequences
[2025-10-19 13:04:33]     Epoch  1/20: Val R²=0.2797 Train R²=0.2851 Gap=0.0054 ✓
[2025-10-19 13:04:41]     Epoch  2/20: Val R²=0.2658 Train R²=0.3162 Gap=0.0503  
[2025-10-19 13:04:49]     Epoch  3/20: Val R²=0.2840 Train R²=0.3266 Gap=0.0426 ✓
[2025-10-19 13:04:58]     Epoch  4/20: Val R²=0.2788 Train R²=0.3346 Gap=0.0558  
[2025-10-19 13:05:05]     Epoch  5/20: Val R²=0.2673 Train R²=0.3410 Gap=0.0738  
[2025-10-19 13:05:13]     Epoch  6/20: Val R²=0.2820 Train R²=0.3472 Gap=0.0652  
[2025-10-19 13:05:21]     Epoch  7/20: Val R²=0.2778 Train R²=0.3563 Gap=0.0785  
[2025-10-19 13:05:29]     Epoch  8/20: Val R²=0.2751 Train R²=0.3617 Gap=0.0866  
[2025-10-19 13:05:29]     Early stopped at epoch 8
[2025-10-19 13:05:29]     Fold 1/3: Val R²=0.2840 Train R²=0.3266 (64.8s)
[2025-10-19 13:05:37]     Epoch  1/20: Val R²=0.2385 Train R²=0.3083 Gap=0.0697 ✓
[2025-10-19 13:05:45]     Epoch  2/20: Val R²=0.2473 Train R²=0.3405 Gap=0.0931 ✓
[2025-10-19 13:05:54]     Epoch  3/20: Val R²=0.2497 Train R²=0.3505 Gap=0.1007 ✓
[2025-10-19 13:06:03]     Epoch  4/20: Val R²=0.2382 Train R²=0.3563 Gap=0.1182  
[2025-10-19 13:06:11]     Epoch  5/20: Val R²=0.2648 Train R²=0.3622 Gap=0.0973 ✓
[2025-10-19 13:06:18]     Epoch  6/20: Val R²=0.2484 Train R²=0.3680 Gap=0.1196  
[2025-10-19 13:06:26]     Epoch  7/20: Val R²=0.2305 Train R²=0.3746 Gap=0.1440  
[2025-10-19 13:06:34]     Epoch  8/20: Val R²=0.2437 Train R²=0.3826 Gap=0.1389  
[2025-10-19 13:06:42]     Epoch  9/20: Val R²=0.2239 Train R²=0.3916 Gap=0.1678  
[2025-10-19 13:06:50]     Epoch 10/20: Val R²=0.2327 Train R²=0.4012 Gap=0.1685  
[2025-10-19 13:06:50]     Early stopped at epoch 10
[2025-10-19 13:06:50]     Fold 2/3: Val R²=0.2648 Train R²=0.3622 (81.1s)
[2025-10-19 13:06:59]     Epoch  1/20: Val R²=0.2650 Train R²=0.3086 Gap=0.0436 ✓
[2025-10-19 13:07:07]     Epoch  2/20: Val R²=0.2687 Train R²=0.3407 Gap=0.0720 ✓
[2025-10-19 13:07:15]     Epoch  3/20: Val R²=0.2628 Train R²=0.3497 Gap=0.0869  
[2025-10-19 13:07:23]     Epoch  4/20: Val R²=0.2672 Train R²=0.3575 Gap=0.0903  
[2025-10-19 13:07:31]     Epoch  5/20: Val R²=0.2468 Train R²=0.3649 Gap=0.1181  
[2025-10-19 13:07:39]     Epoch  6/20: Val R²=0.2482 Train R²=0.3734 Gap=0.1252  
[2025-10-19 13:07:47]     Epoch  7/20: Val R²=0.2347 Train R²=0.3762 Gap=0.1414  
[2025-10-19 13:07:47]     Early stopped at epoch 7
[2025-10-19 13:07:47]     Fold 3/3: Val R²=0.2687 Train R²=0.3407 (56.7s)
[2025-10-19 13:07:47]   K-Fold Results: mean=0.272507 ± 0.008248 (min=0.264835, max=0.283951)
[2025-10-19 13:07:47] 
======================================================================
[2025-10-19 13:07:47] Config 16/100 - K-Fold Complete:
[2025-10-19 13:07:47]   Mean Val R²: 0.272507 ± 0.008248
[2025-10-19 13:07:47]   Range: [0.264835, 0.283951]
[2025-10-19 13:07:47]   Best Global Mean R²: 0.340000
[2025-10-19 13:07:47]   Parameters: 192,160
[2025-10-19 13:07:47]   K-Fold mean R² not better than global best (0.340000)
[2025-10-19 13:07:47]   Skipping.
[2025-10-19 13:07:47]   Results saved to models/bruteforce_kfold_results_20251019_005926.csv
[2025-10-19 13:07:47] 
======================================================================
[2025-10-19 13:07:47] Config 17/100 - Starting Training:
[2025-10-19 13:07:47]   Architecture:
[2025-10-19 13:07:47]     Lookback: 10, Hidden: 256, Layers: 3, Dropout: 0.2
[2025-10-19 13:07:47]     Bidirectional: True, GRU: True
[2025-10-19 13:07:47]   Output Head:
[2025-10-19 13:07:47]     FC Layers: 1, FC Hidden: 256, Activation: gelu
[2025-10-19 13:07:47]     FC Dropout: 0.3, Batch Norm: True
[2025-10-19 13:07:47]   Training:
[2025-10-19 13:07:47]     Batch Size: 128, LR: 0.0001, Weight Decay: 0
[2025-10-19 13:07:47]     Optimizer: adam, Grad Clip: 5.0, LR Patience: 3
[2025-10-19 13:07:47] 
  Stage 1: Running 3-Fold CV on 10% sampled data...
[2025-10-19 13:07:47]   K-Fold CV: 3 folds on 51 sequences
[2025-10-19 13:08:07]     Epoch  1/20: Val R²=0.3152 Train R²=0.2429 Gap=-0.0722 ✓
[2025-10-19 13:08:24]     Epoch  2/20: Val R²=0.3171 Train R²=0.3019 Gap=-0.0152 ✓
[2025-10-19 13:08:43]     Epoch  3/20: Val R²=0.3236 Train R²=0.3196 Gap=-0.0041 ✓
[2025-10-19 13:09:03]     Epoch  4/20: Val R²=0.3344 Train R²=0.3284 Gap=-0.0060 ✓
[2025-10-19 13:09:22]     Epoch  5/20: Val R²=0.3368 Train R²=0.3334 Gap=-0.0035 ✓
[2025-10-19 13:09:42]     Epoch  6/20: Val R²=0.3377 Train R²=0.3363 Gap=-0.0014 ✓
[2025-10-19 13:10:03]     Epoch  7/20: Val R²=0.3326 Train R²=0.3391 Gap=0.0065  
[2025-10-19 13:10:22]     Epoch  8/20: Val R²=0.3395 Train R²=0.3419 Gap=0.0024 ✓
[2025-10-19 13:10:41]     Epoch  9/20: Val R²=0.3381 Train R²=0.3438 Gap=0.0057  
[2025-10-19 13:11:01]     Epoch 10/20: Val R²=0.3389 Train R²=0.3462 Gap=0.0072  
[2025-10-19 13:11:17]     Epoch 11/20: Val R²=0.3413 Train R²=0.3482 Gap=0.0070 ✓
[2025-10-19 13:11:36]     Epoch 12/20: Val R²=0.3414 Train R²=0.3512 Gap=0.0097 ✓
[2025-10-19 13:11:56]     Epoch 13/20: Val R²=0.3372 Train R²=0.3531 Gap=0.0159  
[2025-10-19 13:12:16]     Epoch 14/20: Val R²=0.3398 Train R²=0.3555 Gap=0.0157  
[2025-10-19 13:12:35]     Epoch 15/20: Val R²=0.3375 Train R²=0.3572 Gap=0.0196  
[2025-10-19 13:12:55]     Epoch 16/20: Val R²=0.3374 Train R²=0.3599 Gap=0.0225  
[2025-10-19 13:13:15]     Epoch 17/20: Val R²=0.3397 Train R²=0.3634 Gap=0.0237  
[2025-10-19 13:13:15]     Early stopped at epoch 17
[2025-10-19 13:13:15]     Fold 1/3: Val R²=0.3414 Train R²=0.3512 (327.9s)
[2025-10-19 13:13:34]     Epoch  1/20: Val R²=0.2124 Train R²=0.2885 Gap=0.0761 ✓
[2025-10-19 13:13:54]     Epoch  2/20: Val R²=0.2305 Train R²=0.3315 Gap=0.1010 ✓
[2025-10-19 13:14:10]     Epoch  3/20: Val R²=0.2381 Train R²=0.3401 Gap=0.1020 ✓
[2025-10-19 13:14:29]     Epoch  4/20: Val R²=0.2484 Train R²=0.3452 Gap=0.0967 ✓
[2025-10-19 13:14:49]     Epoch  5/20: Val R²=0.2603 Train R²=0.3503 Gap=0.0900 ✓
[2025-10-19 13:15:09]     Epoch  6/20: Val R²=0.2651 Train R²=0.3549 Gap=0.0898 ✓
[2025-10-19 13:15:28]     Epoch  7/20: Val R²=0.2729 Train R²=0.3582 Gap=0.0853 ✓
[2025-10-19 13:15:48]     Epoch  8/20: Val R²=0.2750 Train R²=0.3608 Gap=0.0858 ✓
[2025-10-19 13:16:08]     Epoch  9/20: Val R²=0.2838 Train R²=0.3631 Gap=0.0793 ✓
[2025-10-19 13:16:27]     Epoch 10/20: Val R²=0.2865 Train R²=0.3651 Gap=0.0787 ✓
[2025-10-19 13:16:47]     Epoch 11/20: Val R²=0.2936 Train R²=0.3674 Gap=0.0738 ✓
[2025-10-19 13:17:05]     Epoch 12/20: Val R²=0.2925 Train R²=0.3692 Gap=0.0767  
[2025-10-19 13:17:23]     Epoch 13/20: Val R²=0.2957 Train R²=0.3716 Gap=0.0759 ✓
[2025-10-19 13:17:44]     Epoch 14/20: Val R²=0.2946 Train R²=0.3737 Gap=0.0791  
[2025-10-19 13:18:04]     Epoch 15/20: Val R²=0.2915 Train R²=0.3761 Gap=0.0845  
[2025-10-19 13:18:23]     Epoch 16/20: Val R²=0.2972 Train R²=0.3783 Gap=0.0811 ✓
[2025-10-19 13:18:43]     Epoch 17/20: Val R²=0.3012 Train R²=0.3795 Gap=0.0783 ✓
[2025-10-19 13:19:03]     Epoch 18/20: Val R²=0.3000 Train R²=0.3811 Gap=0.0811  
[2025-10-19 13:19:22]     Epoch 19/20: Val R²=0.2987 Train R²=0.3831 Gap=0.0844  
[2025-10-19 13:19:42]     Epoch 20/20: Val R²=0.3001 Train R²=0.3850 Gap=0.0849  
[2025-10-19 13:19:42]     Fold 2/3: Val R²=0.3012 Train R²=0.3795 (386.9s)
[2025-10-19 13:20:00]     Epoch  1/20: Val R²=0.2859 Train R²=0.2644 Gap=-0.0215 ✓
[2025-10-19 13:20:17]     Epoch  2/20: Val R²=0.2944 Train R²=0.3220 Gap=0.0276 ✓
[2025-10-19 13:20:37]     Epoch  3/20: Val R²=0.3080 Train R²=0.3373 Gap=0.0293 ✓
[2025-10-19 13:20:57]     Epoch  4/20: Val R²=0.3152 Train R²=0.3484 Gap=0.0332 ✓
[2025-10-19 13:21:16]     Epoch  5/20: Val R²=0.3143 Train R²=0.3539 Gap=0.0396  
[2025-10-19 13:21:36]     Epoch  6/20: Val R²=0.3170 Train R²=0.3590 Gap=0.0421 ✓
[2025-10-19 13:21:55]     Epoch  7/20: Val R²=0.3138 Train R²=0.3629 Gap=0.0491  
[2025-10-19 13:22:15]     Epoch  8/20: Val R²=0.3183 Train R²=0.3665 Gap=0.0482 ✓
[2025-10-19 13:22:34]     Epoch  9/20: Val R²=0.3176 Train R²=0.3700 Gap=0.0524  
[2025-10-19 13:22:54]     Epoch 10/20: Val R²=0.3145 Train R²=0.3728 Gap=0.0583  
[2025-10-19 13:23:11]     Epoch 11/20: Val R²=0.3209 Train R²=0.3763 Gap=0.0554 ✓
[2025-10-19 13:23:30]     Epoch 12/20: Val R²=0.3178 Train R²=0.3791 Gap=0.0613  
[2025-10-19 13:23:49]     Epoch 13/20: Val R²=0.3203 Train R²=0.3812 Gap=0.0609  
[2025-10-19 13:24:09]     Epoch 14/20: Val R²=0.3183 Train R²=0.3834 Gap=0.0651  
[2025-10-19 13:24:28]     Epoch 15/20: Val R²=0.3183 Train R²=0.3857 Gap=0.0674  
[2025-10-19 13:24:48]     Epoch 16/20: Val R²=0.3217 Train R²=0.3901 Gap=0.0684 ✓
[2025-10-19 13:25:08]     Epoch 17/20: Val R²=0.3168 Train R²=0.3909 Gap=0.0741  
[2025-10-19 13:25:27]     Epoch 18/20: Val R²=0.3204 Train R²=0.3922 Gap=0.0718  
[2025-10-19 13:25:47]     Epoch 19/20: Val R²=0.3198 Train R²=0.3931 Gap=0.0733  
[2025-10-19 13:26:04]     Epoch 20/20: Val R²=0.3227 Train R²=0.3947 Gap=0.0719 ✓
[2025-10-19 13:26:04]     Fold 3/3: Val R²=0.3227 Train R²=0.3947 (381.9s)
[2025-10-19 13:26:04]   K-Fold Results: mean=0.321781 ± 0.016462 (min=0.301158, max=0.341449)
[2025-10-19 13:26:04] 
======================================================================
[2025-10-19 13:26:04] Config 17/100 - K-Fold Complete:
[2025-10-19 13:26:04]   Mean Val R²: 0.321781 ± 0.016462
[2025-10-19 13:26:04]   Range: [0.301158, 0.341449]
[2025-10-19 13:26:04]   Best Global Mean R²: 0.340000
[2025-10-19 13:26:04]   Parameters: 2,827,296
[2025-10-19 13:26:04]   K-Fold mean R² not better than global best (0.340000)
[2025-10-19 13:26:04]   Skipping.
[2025-10-19 13:26:04]   Results saved to models/bruteforce_kfold_results_20251019_005926.csv
[2025-10-19 13:26:04] 
======================================================================
[2025-10-19 13:26:04] Config 18/100 - Starting Training:
[2025-10-19 13:26:04]   Architecture:
[2025-10-19 13:26:04]     Lookback: 30, Hidden: 64, Layers: 3, Dropout: 0.2
[2025-10-19 13:26:04]     Bidirectional: True, GRU: False
[2025-10-19 13:26:04]   Output Head:
[2025-10-19 13:26:04]     FC Layers: 1, FC Hidden: 128, Activation: tanh
[2025-10-19 13:26:04]     FC Dropout: 0.2, Batch Norm: True
[2025-10-19 13:26:04]   Training:
[2025-10-19 13:26:04]     Batch Size: 128, LR: 0.005, Weight Decay: 0
[2025-10-19 13:26:04]     Optimizer: adam, Grad Clip: 1.0, LR Patience: 5
[2025-10-19 13:26:04] 
  Stage 1: Running 3-Fold CV on 10% sampled data...
[2025-10-19 13:26:04]   K-Fold CV: 3 folds on 51 sequences
[2025-10-19 13:26:14]     Epoch  1/20: Val R²=0.2782 Train R²=0.2990 Gap=0.0208 ✓
[2025-10-19 13:26:24]     Epoch  2/20: Val R²=0.2943 Train R²=0.3275 Gap=0.0332 ✓
[2025-10-19 13:26:34]     Epoch  3/20: Val R²=0.2885 Train R²=0.3384 Gap=0.0499  
[2025-10-19 13:26:44]     Epoch  4/20: Val R²=0.3078 Train R²=0.3409 Gap=0.0331 ✓
[2025-10-19 13:26:54]     Epoch  5/20: Val R²=0.2975 Train R²=0.3455 Gap=0.0480  
[2025-10-19 13:27:04]     Epoch  6/20: Val R²=0.3022 Train R²=0.3480 Gap=0.0457  
[2025-10-19 13:27:13]     Epoch  7/20: Val R²=0.3010 Train R²=0.3509 Gap=0.0499  
[2025-10-19 13:27:23]     Epoch  8/20: Val R²=0.2996 Train R²=0.3521 Gap=0.0525  
[2025-10-19 13:27:32]     Epoch  9/20: Val R²=0.2978 Train R²=0.3516 Gap=0.0537  
[2025-10-19 13:27:32]     Early stopped at epoch 9
[2025-10-19 13:27:32]     Fold 1/3: Val R²=0.3078 Train R²=0.3409 (88.7s)
[2025-10-19 13:27:42]     Epoch  1/20: Val R²=0.2257 Train R²=0.3204 Gap=0.0947 ✓
[2025-10-19 13:27:52]     Epoch  2/20: Val R²=0.2220 Train R²=0.3496 Gap=0.1276  
[2025-10-19 13:28:03]     Epoch  3/20: Val R²=0.2348 Train R²=0.3577 Gap=0.1230 ✓
[2025-10-19 13:28:12]     Epoch  4/20: Val R²=0.2417 Train R²=0.3585 Gap=0.1168 ✓
[2025-10-19 13:28:22]     Epoch  5/20: Val R²=0.2481 Train R²=0.3652 Gap=0.1171 ✓
[2025-10-19 13:28:31]     Epoch  6/20: Val R²=0.2390 Train R²=0.3667 Gap=0.1277  
[2025-10-19 13:28:41]     Epoch  7/20: Val R²=0.2398 Train R²=0.3680 Gap=0.1282  
[2025-10-19 13:28:49]     Epoch  8/20: Val R²=0.2511 Train R²=0.3688 Gap=0.1177 ✓
[2025-10-19 13:28:58]     Epoch  9/20: Val R²=0.2441 Train R²=0.3722 Gap=0.1281  
[2025-10-19 13:29:07]     Epoch 10/20: Val R²=0.2480 Train R²=0.3728 Gap=0.1248  
[2025-10-19 13:29:16]     Epoch 11/20: Val R²=0.2518 Train R²=0.3747 Gap=0.1229 ✓
[2025-10-19 13:29:26]     Epoch 12/20: Val R²=0.2478 Train R²=0.3742 Gap=0.1263  
[2025-10-19 13:29:35]     Epoch 13/20: Val R²=0.2400 Train R²=0.3735 Gap=0.1335  
[2025-10-19 13:29:45]     Epoch 14/20: Val R²=0.2440 Train R²=0.3740 Gap=0.1300  
[2025-10-19 13:29:55]     Epoch 15/20: Val R²=0.2465 Train R²=0.3777 Gap=0.1312  
[2025-10-19 13:30:05]     Epoch 16/20: Val R²=0.2431 Train R²=0.3769 Gap=0.1338  
[2025-10-19 13:30:05]     Early stopped at epoch 16
[2025-10-19 13:30:05]     Fold 2/3: Val R²=0.2518 Train R²=0.3747 (152.5s)
[2025-10-19 13:30:14]     Epoch  1/20: Val R²=0.2511 Train R²=0.3184 Gap=0.0673 ✓
[2025-10-19 13:30:24]     Epoch  2/20: Val R²=0.2770 Train R²=0.3553 Gap=0.0783 ✓
[2025-10-19 13:30:33]     Epoch  3/20: Val R²=0.2858 Train R²=0.3647 Gap=0.0789 ✓
[2025-10-19 13:30:43]     Epoch  4/20: Val R²=0.2752 Train R²=0.3727 Gap=0.0976  
[2025-10-19 13:30:53]     Epoch  5/20: Val R²=0.2711 Train R²=0.3754 Gap=0.1043  
[2025-10-19 13:31:03]     Epoch  6/20: Val R²=0.2768 Train R²=0.3752 Gap=0.0985  
[2025-10-19 13:31:12]     Epoch  7/20: Val R²=0.2672 Train R²=0.3759 Gap=0.1086  
[2025-10-19 13:31:22]     Epoch  8/20: Val R²=0.2778 Train R²=0.3755 Gap=0.0977  
[2025-10-19 13:31:22]     Early stopped at epoch 8
[2025-10-19 13:31:22]     Fold 3/3: Val R²=0.2858 Train R²=0.3647 (76.9s)
[2025-10-19 13:31:22]   K-Fold Results: mean=0.281800 ± 0.023021 (min=0.251825, max=0.307792)
[2025-10-19 13:31:22] 
======================================================================
[2025-10-19 13:31:22] Config 18/100 - K-Fold Complete:
[2025-10-19 13:31:22]   Mean Val R²: 0.281800 ± 0.023021
[2025-10-19 13:31:22]   Range: [0.251825, 0.307792]
[2025-10-19 13:31:22]   Best Global Mean R²: 0.340000
[2025-10-19 13:31:22]   Parameters: 252,960
[2025-10-19 13:31:22]   K-Fold mean R² not better than global best (0.340000)
[2025-10-19 13:31:22]   Skipping.
[2025-10-19 13:31:22]   Results saved to models/bruteforce_kfold_results_20251019_005926.csv
[2025-10-19 13:31:22] 
======================================================================
[2025-10-19 13:31:22] Config 19/100 - Starting Training:
[2025-10-19 13:31:22]   Architecture:
[2025-10-19 13:31:22]     Lookback: 15, Hidden: 32, Layers: 1, Dropout: 0.5
[2025-10-19 13:31:22]     Bidirectional: False, GRU: True
[2025-10-19 13:31:22]   Output Head:
[2025-10-19 13:31:22]     FC Layers: 2, FC Hidden: 256, Activation: relu
[2025-10-19 13:31:22]     FC Dropout: 0.3, Batch Norm: False
[2025-10-19 13:31:22]   Training:
[2025-10-19 13:31:22]     Batch Size: 128, LR: 0.005, Weight Decay: 0.01
[2025-10-19 13:31:22]     Optimizer: adam, Grad Clip: 1.0, LR Patience: 3
[2025-10-19 13:31:22] 
  Stage 1: Running 3-Fold CV on 10% sampled data...
[2025-10-19 13:31:22]   K-Fold CV: 3 folds on 51 sequences
[2025-10-19 13:31:27]     Epoch  1/20: Val R²=0.2937 Train R²=0.2446 Gap=-0.0491 ✓
[2025-10-19 13:31:32]     Epoch  2/20: Val R²=0.2703 Train R²=0.2608 Gap=-0.0095  
[2025-10-19 13:31:37]     Epoch  3/20: Val R²=0.2652 Train R²=0.2595 Gap=-0.0057  
[2025-10-19 13:31:42]     Epoch  4/20: Val R²=0.2941 Train R²=0.2603 Gap=-0.0338 ✓
[2025-10-19 13:31:47]     Epoch  5/20: Val R²=0.2951 Train R²=0.2593 Gap=-0.0358 ✓
[2025-10-19 13:31:52]     Epoch  6/20: Val R²=0.2989 Train R²=0.2620 Gap=-0.0370 ✓
[2025-10-19 13:31:57]     Epoch  7/20: Val R²=0.2845 Train R²=0.2579 Gap=-0.0267  
[2025-10-19 13:32:02]     Epoch  8/20: Val R²=0.2992 Train R²=0.2590 Gap=-0.0402 ✓
[2025-10-19 13:32:06]     Epoch  9/20: Val R²=0.2975 Train R²=0.2597 Gap=-0.0378  
[2025-10-19 13:32:11]     Epoch 10/20: Val R²=0.2945 Train R²=0.2602 Gap=-0.0342  
[2025-10-19 13:32:16]     Epoch 11/20: Val R²=0.2905 Train R²=0.2600 Gap=-0.0304  
[2025-10-19 13:32:20]     Epoch 12/20: Val R²=0.2829 Train R²=0.2595 Gap=-0.0234  
[2025-10-19 13:32:25]     Epoch 13/20: Val R²=0.2943 Train R²=0.2677 Gap=-0.0266  
[2025-10-19 13:32:25]     Early stopped at epoch 13
[2025-10-19 13:32:25]     Fold 1/3: Val R²=0.2992 Train R²=0.2590 (63.3s)
[2025-10-19 13:32:30]     Epoch  1/20: Val R²=0.1198 Train R²=0.2751 Gap=0.1553 ✓
[2025-10-19 13:32:35]     Epoch  2/20: Val R²=0.1166 Train R²=0.2808 Gap=0.1642  
[2025-10-19 13:32:40]     Epoch  3/20: Val R²=0.1182 Train R²=0.2821 Gap=0.1640  
[2025-10-19 13:32:44]     Epoch  4/20: Val R²=0.1113 Train R²=0.2809 Gap=0.1696  
[2025-10-19 13:32:49]     Epoch  5/20: Val R²=0.1138 Train R²=0.2809 Gap=0.1671  
[2025-10-19 13:32:54]     Epoch  6/20: Val R²=0.1255 Train R²=0.2865 Gap=0.1609 ✓
[2025-10-19 13:32:59]     Epoch  7/20: Val R²=0.1160 Train R²=0.2865 Gap=0.1705  
[2025-10-19 13:33:04]     Epoch  8/20: Val R²=0.1231 Train R²=0.2871 Gap=0.1640  
[2025-10-19 13:33:09]     Epoch  9/20: Val R²=0.1136 Train R²=0.2866 Gap=0.1731  
[2025-10-19 13:33:13]     Epoch 10/20: Val R²=0.1220 Train R²=0.2872 Gap=0.1651  
[2025-10-19 13:33:18]     Epoch 11/20: Val R²=0.1288 Train R²=0.2902 Gap=0.1614 ✓
[2025-10-19 13:33:23]     Epoch 12/20: Val R²=0.1207 Train R²=0.2910 Gap=0.1703  
[2025-10-19 13:33:27]     Epoch 13/20: Val R²=0.1192 Train R²=0.2901 Gap=0.1710  
[2025-10-19 13:33:32]     Epoch 14/20: Val R²=0.1205 Train R²=0.2910 Gap=0.1705  
[2025-10-19 13:33:37]     Epoch 15/20: Val R²=0.1217 Train R²=0.2909 Gap=0.1692  
[2025-10-19 13:33:42]     Epoch 16/20: Val R²=0.1228 Train R²=0.2928 Gap=0.1700  
[2025-10-19 13:33:42]     Early stopped at epoch 16
[2025-10-19 13:33:42]     Fold 2/3: Val R²=0.1288 Train R²=0.2902 (77.1s)
[2025-10-19 13:33:47]     Epoch  1/20: Val R²=0.2803 Train R²=0.2636 Gap=-0.0168 ✓
[2025-10-19 13:33:52]     Epoch  2/20: Val R²=0.2842 Train R²=0.2776 Gap=-0.0066 ✓
[2025-10-19 13:33:57]     Epoch  3/20: Val R²=0.2823 Train R²=0.2795 Gap=-0.0028  
[2025-10-19 13:34:01]     Epoch  4/20: Val R²=0.2860 Train R²=0.2793 Gap=-0.0067 ✓
[2025-10-19 13:34:06]     Epoch  5/20: Val R²=0.2709 Train R²=0.2800 Gap=0.0091  
[2025-10-19 13:34:11]     Epoch  6/20: Val R²=0.2808 Train R²=0.2795 Gap=-0.0012  
[2025-10-19 13:34:16]     Epoch  7/20: Val R²=0.2759 Train R²=0.2793 Gap=0.0034  
[2025-10-19 13:34:20]     Epoch  8/20: Val R²=0.2769 Train R²=0.2795 Gap=0.0026  
[2025-10-19 13:34:25]     Epoch  9/20: Val R²=0.2846 Train R²=0.2868 Gap=0.0022  
[2025-10-19 13:34:25]     Early stopped at epoch 9
[2025-10-19 13:34:25]     Fold 3/3: Val R²=0.2860 Train R²=0.2793 (42.7s)
[2025-10-19 13:34:25]   K-Fold Results: mean=0.237965 ± 0.077395 (min=0.128778, max=0.299158)
[2025-10-19 13:34:25] 
======================================================================
[2025-10-19 13:34:25] Config 19/100 - K-Fold Complete:
[2025-10-19 13:34:25]   Mean Val R²: 0.237965 ± 0.077395
[2025-10-19 13:34:25]   Range: [0.128778, 0.299158]
[2025-10-19 13:34:25]   Best Global Mean R²: 0.340000
[2025-10-19 13:34:25]   Parameters: 23,008
[2025-10-19 13:34:25]   K-Fold mean R² not better than global best (0.340000)
[2025-10-19 13:34:25]   Skipping.
[2025-10-19 13:34:25]   Results saved to models/bruteforce_kfold_results_20251019_005926.csv
[2025-10-19 13:34:25] 
======================================================================
[2025-10-19 13:34:25] Config 20/100 - Starting Training:
[2025-10-19 13:34:25]   Architecture:
[2025-10-19 13:34:25]     Lookback: 50, Hidden: 128, Layers: 3, Dropout: 0.1
[2025-10-19 13:34:25]     Bidirectional: False, GRU: True
[2025-10-19 13:34:25]   Output Head:
[2025-10-19 13:34:25]     FC Layers: 1, FC Hidden: 256, Activation: tanh
[2025-10-19 13:34:25]     FC Dropout: 0.2, Batch Norm: True
[2025-10-19 13:34:25]   Training:
[2025-10-19 13:34:25]     Batch Size: 256, LR: 0.005, Weight Decay: 0
[2025-10-19 13:34:25]     Optimizer: adam, Grad Clip: None, LR Patience: 5
[2025-10-19 13:34:25] 
  Stage 1: Running 3-Fold CV on 10% sampled data...
[2025-10-19 13:34:25]   K-Fold CV: 3 folds on 51 sequences
[2025-10-19 13:34:46]     Epoch  1/20: Val R²=0.3158 Train R²=0.2801 Gap=-0.0357 ✓
[2025-10-19 13:35:07]     Epoch  2/20: Val R²=0.3278 Train R²=0.3367 Gap=0.0088 ✓
[2025-10-19 13:35:28]     Epoch  3/20: Val R²=0.3330 Train R²=0.3499 Gap=0.0169 ✓
[2025-10-19 13:35:49]     Epoch  4/20: Val R²=0.3339 Train R²=0.3629 Gap=0.0290 ✓
[2025-10-19 13:36:09]     Epoch  5/20: Val R²=0.3225 Train R²=0.3688 Gap=0.0462  
[2025-10-19 13:36:25]     Epoch  6/20: Val R²=0.3209 Train R²=0.3776 Gap=0.0567  
[2025-10-19 13:36:45]     Epoch  7/20: Val R²=0.3195 Train R²=0.3845 Gap=0.0649  
[2025-10-19 13:37:06]     Epoch  8/20: Val R²=0.3150 Train R²=0.3898 Gap=0.0747  
[2025-10-19 13:37:26]     Epoch  9/20: Val R²=0.3102 Train R²=0.3933 Gap=0.0832  
[2025-10-19 13:37:26]     Early stopped at epoch 9
[2025-10-19 13:37:26]     Fold 1/3: Val R²=0.3339 Train R²=0.3629 (181.3s)
[2025-10-19 13:37:46]     Epoch  1/20: Val R²=0.2570 Train R²=0.3142 Gap=0.0572 ✓
[2025-10-19 13:38:08]     Epoch  2/20: Val R²=0.2798 Train R²=0.3561 Gap=0.0763 ✓
[2025-10-19 13:38:28]     Epoch  3/20: Val R²=0.2785 Train R²=0.3685 Gap=0.0900  
[2025-10-19 13:38:48]     Epoch  4/20: Val R²=0.2863 Train R²=0.3779 Gap=0.0915 ✓
[2025-10-19 13:39:04]     Epoch  5/20: Val R²=0.2755 Train R²=0.3839 Gap=0.1084  
[2025-10-19 13:39:24]     Epoch  6/20: Val R²=0.2820 Train R²=0.3916 Gap=0.1096  
[2025-10-19 13:39:45]     Epoch  7/20: Val R²=0.2754 Train R²=0.3985 Gap=0.1231  
[2025-10-19 13:40:06]     Epoch  8/20: Val R²=0.2767 Train R²=0.4028 Gap=0.1261  
[2025-10-19 13:40:27]     Epoch  9/20: Val R²=0.2688 Train R²=0.4091 Gap=0.1402  
[2025-10-19 13:40:27]     Early stopped at epoch 9
[2025-10-19 13:40:27]     Fold 2/3: Val R²=0.2863 Train R²=0.3779 (180.4s)
[2025-10-19 13:40:47]     Epoch  1/20: Val R²=0.3082 Train R²=0.3033 Gap=-0.0049 ✓
[2025-10-19 13:41:08]     Epoch  2/20: Val R²=0.3154 Train R²=0.3612 Gap=0.0459 ✓
[2025-10-19 13:41:27]     Epoch  3/20: Val R²=0.3139 Train R²=0.3762 Gap=0.0623  
[2025-10-19 13:41:43]     Epoch  4/20: Val R²=0.3203 Train R²=0.3821 Gap=0.0618 ✓
[2025-10-19 13:42:04]     Epoch  5/20: Val R²=0.3079 Train R²=0.3912 Gap=0.0832  
[2025-10-19 13:42:24]     Epoch  6/20: Val R²=0.3029 Train R²=0.4003 Gap=0.0975  
[2025-10-19 13:42:44]     Epoch  7/20: Val R²=0.3101 Train R²=0.4045 Gap=0.0943  
[2025-10-19 13:43:06]     Epoch  8/20: Val R²=0.2876 Train R²=0.4103 Gap=0.1227  
[2025-10-19 13:43:26]     Epoch  9/20: Val R²=0.2929 Train R²=0.4170 Gap=0.1240  
[2025-10-19 13:43:26]     Early stopped at epoch 9
[2025-10-19 13:43:26]     Fold 3/3: Val R²=0.3203 Train R²=0.3821 (179.8s)
[2025-10-19 13:43:26]   K-Fold Results: mean=0.313511 ± 0.020009 (min=0.286335, max=0.333931)
[2025-10-19 13:43:26] 
======================================================================
[2025-10-19 13:43:26] Config 20/100 - K-Fold Complete:
[2025-10-19 13:43:26]   Mean Val R²: 0.313511 ± 0.020009
[2025-10-19 13:43:26]   Range: [0.286335, 0.333931]
[2025-10-19 13:43:26]   Best Global Mean R²: 0.340000
[2025-10-19 13:43:26]   Parameters: 264,480
[2025-10-19 13:43:26]   K-Fold mean R² not better than global best (0.340000)
[2025-10-19 13:43:26]   Skipping.
[2025-10-19 13:43:26]   Results saved to models/bruteforce_kfold_results_20251019_005926.csv
[2025-10-19 13:43:26] 
======================================================================
[2025-10-19 13:43:26] Config 21/100 - Starting Training:
[2025-10-19 13:43:26]   Architecture:
[2025-10-19 13:43:26]     Lookback: 30, Hidden: 32, Layers: 3, Dropout: 0.5
[2025-10-19 13:43:26]     Bidirectional: False, GRU: True
[2025-10-19 13:43:26]   Output Head:
[2025-10-19 13:43:26]     FC Layers: 1, FC Hidden: 64, Activation: tanh
[2025-10-19 13:43:26]     FC Dropout: 0.3, Batch Norm: False
[2025-10-19 13:43:26]   Training:
[2025-10-19 13:43:26]     Batch Size: 128, LR: 0.0005, Weight Decay: 0.0001
[2025-10-19 13:43:26]     Optimizer: adamw, Grad Clip: None, LR Patience: 10
[2025-10-19 13:43:26] 
  Stage 1: Running 3-Fold CV on 10% sampled data...
[2025-10-19 13:43:26]   K-Fold CV: 3 folds on 51 sequences
[2025-10-19 13:43:43]     Epoch  1/20: Val R²=0.2668 Train R²=0.1535 Gap=-0.1132 ✓
[2025-10-19 13:44:01]     Epoch  2/20: Val R²=0.2885 Train R²=0.2214 Gap=-0.0671 ✓
[2025-10-19 13:44:17]     Epoch  3/20: Val R²=0.3051 Train R²=0.2400 Gap=-0.0652 ✓
[2025-10-19 13:44:33]     Epoch  4/20: Val R²=0.3085 Train R²=0.2587 Gap=-0.0498 ✓
[2025-10-19 13:44:50]     Epoch  5/20: Val R²=0.3105 Train R²=0.2745 Gap=-0.0361 ✓
[2025-10-19 13:45:07]     Epoch  6/20: Val R²=0.3150 Train R²=0.2883 Gap=-0.0266 ✓
[2025-10-19 13:45:24]     Epoch  7/20: Val R²=0.3206 Train R²=0.2964 Gap=-0.0242 ✓
[2025-10-19 13:45:41]     Epoch  8/20: Val R²=0.3213 Train R²=0.3024 Gap=-0.0189 ✓
[2025-10-19 13:45:58]     Epoch  9/20: Val R²=0.3230 Train R²=0.3084 Gap=-0.0146 ✓
[2025-10-19 13:46:15]     Epoch 10/20: Val R²=0.3246 Train R²=0.3117 Gap=-0.0129 ✓
[2025-10-19 13:46:31]     Epoch 11/20: Val R²=0.3262 Train R²=0.3148 Gap=-0.0114 ✓
[2025-10-19 13:46:48]     Epoch 12/20: Val R²=0.3271 Train R²=0.3183 Gap=-0.0088 ✓
[2025-10-19 13:47:05]     Epoch 13/20: Val R²=0.3266 Train R²=0.3199 Gap=-0.0067  
[2025-10-19 13:47:21]     Epoch 14/20: Val R²=0.3296 Train R²=0.3228 Gap=-0.0068 ✓
[2025-10-19 13:47:39]     Epoch 15/20: Val R²=0.3282 Train R²=0.3250 Gap=-0.0033  
[2025-10-19 13:47:57]     Epoch 16/20: Val R²=0.3268 Train R²=0.3247 Gap=-0.0021  
[2025-10-19 13:48:13]     Epoch 17/20: Val R²=0.3289 Train R²=0.3262 Gap=-0.0028  
[2025-10-19 13:48:30]     Epoch 18/20: Val R²=0.3297 Train R²=0.3279 Gap=-0.0018 ✓
[2025-10-19 13:48:47]     Epoch 19/20: Val R²=0.3288 Train R²=0.3278 Gap=-0.0011  
[2025-10-19 13:49:04]     Epoch 20/20: Val R²=0.3306 Train R²=0.3282 Gap=-0.0024 ✓
[2025-10-19 13:49:04]     Fold 1/3: Val R²=0.3306 Train R²=0.3282 (337.5s)
[2025-10-19 13:49:20]     Epoch  1/20: Val R²=0.1343 Train R²=0.2039 Gap=0.0696 ✓
[2025-10-19 13:49:37]     Epoch  2/20: Val R²=0.1516 Train R²=0.2833 Gap=0.1317 ✓
[2025-10-19 13:49:54]     Epoch  3/20: Val R²=0.1657 Train R²=0.3012 Gap=0.1355 ✓
[2025-10-19 13:50:11]     Epoch  4/20: Val R²=0.1820 Train R²=0.3097 Gap=0.1277 ✓
[2025-10-19 13:50:27]     Epoch  5/20: Val R²=0.1938 Train R²=0.3175 Gap=0.1237 ✓
[2025-10-19 13:50:44]     Epoch  6/20: Val R²=0.2003 Train R²=0.3220 Gap=0.1217 ✓
[2025-10-19 13:51:01]     Epoch  7/20: Val R²=0.2065 Train R²=0.3239 Gap=0.1173 ✓
[2025-10-19 13:51:18]     Epoch  8/20: Val R²=0.2094 Train R²=0.3275 Gap=0.1181 ✓
[2025-10-19 13:51:34]     Epoch  9/20: Val R²=0.2139 Train R²=0.3296 Gap=0.1157 ✓
[2025-10-19 13:51:51]     Epoch 10/20: Val R²=0.2193 Train R²=0.3314 Gap=0.1121 ✓
[2025-10-19 13:52:08]     Epoch 11/20: Val R²=0.2235 Train R²=0.3347 Gap=0.1112 ✓
[2025-10-19 13:52:24]     Epoch 12/20: Val R²=0.2284 Train R²=0.3364 Gap=0.1080 ✓
[2025-10-19 13:52:41]     Epoch 13/20: Val R²=0.2318 Train R²=0.3380 Gap=0.1063 ✓
[2025-10-19 13:52:59]     Epoch 14/20: Val R²=0.2355 Train R²=0.3404 Gap=0.1049 ✓
[2025-10-19 13:53:15]     Epoch 15/20: Val R²=0.2393 Train R²=0.3419 Gap=0.1026 ✓
[2025-10-19 13:53:31]     Epoch 16/20: Val R²=0.2436 Train R²=0.3436 Gap=0.1001 ✓
[2025-10-19 13:53:48]     Epoch 17/20: Val R²=0.2444 Train R²=0.3443 Gap=0.0999 ✓
[2025-10-19 13:54:05]     Epoch 18/20: Val R²=0.2456 Train R²=0.3461 Gap=0.1006 ✓
[2025-10-19 13:54:21]     Epoch 19/20: Val R²=0.2485 Train R²=0.3474 Gap=0.0989 ✓
[2025-10-19 13:54:38]     Epoch 20/20: Val R²=0.2520 Train R²=0.3475 Gap=0.0956 ✓
[2025-10-19 13:54:38]     Fold 2/3: Val R²=0.2520 Train R²=0.3475 (334.0s)
[2025-10-19 13:54:55]     Epoch  1/20: Val R²=0.2508 Train R²=0.1609 Gap=-0.0899 ✓
[2025-10-19 13:55:12]     Epoch  2/20: Val R²=0.2532 Train R²=0.2464 Gap=-0.0068 ✓
[2025-10-19 13:55:28]     Epoch  3/20: Val R²=0.2598 Train R²=0.2647 Gap=0.0049 ✓
[2025-10-19 13:55:45]     Epoch  4/20: Val R²=0.2807 Train R²=0.2785 Gap=-0.0022 ✓
[2025-10-19 13:56:02]     Epoch  5/20: Val R²=0.2756 Train R²=0.2904 Gap=0.0149  
[2025-10-19 13:56:19]     Epoch  6/20: Val R²=0.2915 Train R²=0.3001 Gap=0.0085 ✓
[2025-10-19 13:56:35]     Epoch  7/20: Val R²=0.2974 Train R²=0.3078 Gap=0.0104 ✓
[2025-10-19 13:56:52]     Epoch  8/20: Val R²=0.2934 Train R²=0.3147 Gap=0.0212  
[2025-10-19 13:57:10]     Epoch  9/20: Val R²=0.3071 Train R²=0.3203 Gap=0.0132 ✓
[2025-10-19 13:57:26]     Epoch 10/20: Val R²=0.3066 Train R²=0.3256 Gap=0.0190  
[2025-10-19 13:57:43]     Epoch 11/20: Val R²=0.3126 Train R²=0.3300 Gap=0.0173 ✓
[2025-10-19 13:58:01]     Epoch 12/20: Val R²=0.3125 Train R²=0.3348 Gap=0.0223  
[2025-10-19 13:58:17]     Epoch 13/20: Val R²=0.3175 Train R²=0.3362 Gap=0.0187 ✓
[2025-10-19 13:58:34]     Epoch 14/20: Val R²=0.3183 Train R²=0.3387 Gap=0.0204 ✓
[2025-10-19 13:58:50]     Epoch 15/20: Val R²=0.3190 Train R²=0.3401 Gap=0.0212 ✓
[2025-10-19 13:59:07]     Epoch 16/20: Val R²=0.3184 Train R²=0.3422 Gap=0.0237  
[2025-10-19 13:59:24]     Epoch 17/20: Val R²=0.3151 Train R²=0.3443 Gap=0.0292  
[2025-10-19 13:59:41]     Epoch 18/20: Val R²=0.3148 Train R²=0.3460 Gap=0.0312  
[2025-10-19 13:59:58]     Epoch 19/20: Val R²=0.3130 Train R²=0.3473 Gap=0.0343  
[2025-10-19 14:00:14]     Epoch 20/20: Val R²=0.3131 Train R²=0.3476 Gap=0.0345  
[2025-10-19 14:00:14]     Early stopped at epoch 20
[2025-10-19 14:00:14]     Fold 3/3: Val R²=0.3190 Train R²=0.3401 (336.6s)
[2025-10-19 14:00:14]   K-Fold Results: mean=0.300513 ± 0.034654 (min=0.251966, max=0.330592)
[2025-10-19 14:00:14] 
======================================================================
[2025-10-19 14:00:14] Config 21/100 - K-Fold Complete:
[2025-10-19 14:00:14]   Mean Val R²: 0.300513 ± 0.034654
[2025-10-19 14:00:14]   Range: [0.251966, 0.330592]
[2025-10-19 14:00:14]   Best Global Mean R²: 0.340000
[2025-10-19 14:00:14]   Parameters: 20,064
[2025-10-19 14:00:14]   K-Fold mean R² not better than global best (0.340000)
[2025-10-19 14:00:14]   Skipping.
[2025-10-19 14:00:14]   Results saved to models/bruteforce_kfold_results_20251019_005926.csv
[2025-10-19 14:00:14] 
======================================================================
[2025-10-19 14:00:14] Config 22/100 - Starting Training:
[2025-10-19 14:00:14]   Architecture:
[2025-10-19 14:00:14]     Lookback: 30, Hidden: 256, Layers: 2, Dropout: 0.2
[2025-10-19 14:00:14]     Bidirectional: False, GRU: False
[2025-10-19 14:00:14]   Output Head:
[2025-10-19 14:00:14]     FC Layers: 2, FC Hidden: 64, Activation: relu
[2025-10-19 14:00:14]     FC Dropout: 0.3, Batch Norm: True
[2025-10-19 14:00:14]   Training:
[2025-10-19 14:00:14]     Batch Size: 64, LR: 0.001, Weight Decay: 0.0001
[2025-10-19 14:00:14]     Optimizer: adamw, Grad Clip: None, LR Patience: 3
[2025-10-19 14:00:14] 
  Stage 1: Running 3-Fold CV on 10% sampled data...
[2025-10-19 14:00:14]   K-Fold CV: 3 folds on 51 sequences
[2025-10-19 14:00:28]     Epoch  1/20: Val R²=0.3076 Train R²=0.2461 Gap=-0.0614 ✓
[2025-10-19 14:00:41]     Epoch  2/20: Val R²=0.3212 Train R²=0.3095 Gap=-0.0116 ✓
[2025-10-19 14:00:53]     Epoch  3/20: Val R²=0.3278 Train R²=0.3270 Gap=-0.0008 ✓
[2025-10-19 14:01:07]     Epoch  4/20: Val R²=0.3291 Train R²=0.3348 Gap=0.0057 ✓
[2025-10-19 14:01:19]     Epoch  5/20: Val R²=0.3294 Train R²=0.3410 Gap=0.0116 ✓
[2025-10-19 14:01:31]     Epoch  6/20: Val R²=0.3243 Train R²=0.3499 Gap=0.0257  
[2025-10-19 14:01:43]     Epoch  7/20: Val R²=0.3264 Train R²=0.3597 Gap=0.0333  
[2025-10-19 14:01:56]     Epoch  8/20: Val R²=0.3141 Train R²=0.3675 Gap=0.0533  
[2025-10-19 14:02:09]     Epoch  9/20: Val R²=0.3172 Train R²=0.3763 Gap=0.0591  
[2025-10-19 14:02:21]     Epoch 10/20: Val R²=0.3082 Train R²=0.4059 Gap=0.0977  
[2025-10-19 14:02:21]     Early stopped at epoch 10
[2025-10-19 14:02:21]     Fold 1/3: Val R²=0.3294 Train R²=0.3410 (127.0s)
[2025-10-19 14:02:34]     Epoch  1/20: Val R²=0.2446 Train R²=0.2701 Gap=0.0255 ✓
[2025-10-19 14:02:45]     Epoch  2/20: Val R²=0.2732 Train R²=0.3297 Gap=0.0566 ✓
[2025-10-19 14:02:58]     Epoch  3/20: Val R²=0.2793 Train R²=0.3448 Gap=0.0654 ✓
[2025-10-19 14:03:10]     Epoch  4/20: Val R²=0.2700 Train R²=0.3528 Gap=0.0829  
[2025-10-19 14:03:23]     Epoch  5/20: Val R²=0.2732 Train R²=0.3586 Gap=0.0854  
[2025-10-19 14:03:35]     Epoch  6/20: Val R²=0.2832 Train R²=0.3648 Gap=0.0816 ✓
[2025-10-19 14:03:47]     Epoch  7/20: Val R²=0.2913 Train R²=0.3719 Gap=0.0806 ✓
[2025-10-19 14:04:00]     Epoch  8/20: Val R²=0.2741 Train R²=0.3822 Gap=0.1080  
[2025-10-19 14:04:13]     Epoch  9/20: Val R²=0.2804 Train R²=0.3911 Gap=0.1107  
[2025-10-19 14:04:26]     Epoch 10/20: Val R²=0.2721 Train R²=0.4035 Gap=0.1314  
[2025-10-19 14:04:38]     Epoch 11/20: Val R²=0.2681 Train R²=0.4194 Gap=0.1513  
[2025-10-19 14:04:51]     Epoch 12/20: Val R²=0.2480 Train R²=0.4575 Gap=0.2095  
[2025-10-19 14:04:51]     Early stopped at epoch 12
[2025-10-19 14:04:51]     Fold 2/3: Val R²=0.2913 Train R²=0.3719 (149.4s)
[2025-10-19 14:05:04]     Epoch  1/20: Val R²=0.2818 Train R²=0.2696 Gap=-0.0122 ✓
[2025-10-19 14:05:16]     Epoch  2/20: Val R²=0.3079 Train R²=0.3338 Gap=0.0259 ✓
[2025-10-19 14:05:28]     Epoch  3/20: Val R²=0.3120 Train R²=0.3471 Gap=0.0351 ✓
[2025-10-19 14:05:40]     Epoch  4/20: Val R²=0.3138 Train R²=0.3555 Gap=0.0417 ✓
[2025-10-19 14:05:52]     Epoch  5/20: Val R²=0.2990 Train R²=0.3619 Gap=0.0629  
[2025-10-19 14:06:06]     Epoch  6/20: Val R²=0.2903 Train R²=0.3688 Gap=0.0785  
[2025-10-19 14:06:18]     Epoch  7/20: Val R²=0.3183 Train R²=0.3763 Gap=0.0581 ✓
[2025-10-19 14:06:30]     Epoch  8/20: Val R²=0.3001 Train R²=0.3868 Gap=0.0867  
[2025-10-19 14:06:43]     Epoch  9/20: Val R²=0.2811 Train R²=0.3980 Gap=0.1169  
[2025-10-19 14:06:56]     Epoch 10/20: Val R²=0.2900 Train R²=0.4117 Gap=0.1217  
[2025-10-19 14:07:09]     Epoch 11/20: Val R²=0.2749 Train R²=0.4276 Gap=0.1528  
[2025-10-19 14:07:21]     Epoch 12/20: Val R²=0.2516 Train R²=0.4663 Gap=0.2147  
[2025-10-19 14:07:21]     Early stopped at epoch 12
[2025-10-19 14:07:21]     Fold 3/3: Val R²=0.3183 Train R²=0.3763 (150.4s)
[2025-10-19 14:07:21]   K-Fold Results: mean=0.312988 ± 0.015982 (min=0.291318, max=0.329388)
[2025-10-19 14:07:21] 
======================================================================
[2025-10-19 14:07:21] Config 22/100 - K-Fold Complete:
[2025-10-19 14:07:21]   Mean Val R²: 0.312988 ± 0.015982
[2025-10-19 14:07:21]   Range: [0.291318, 0.329388]
[2025-10-19 14:07:21]   Best Global Mean R²: 0.340000
[2025-10-19 14:07:21]   Parameters: 841,952
[2025-10-19 14:07:21]   K-Fold mean R² not better than global best (0.340000)
[2025-10-19 14:07:21]   Skipping.
[2025-10-19 14:07:21]   Results saved to models/bruteforce_kfold_results_20251019_005926.csv
[2025-10-19 14:07:21] 
======================================================================
[2025-10-19 14:07:21] Config 23/100 - Starting Training:
[2025-10-19 14:07:21]   Architecture:
[2025-10-19 14:07:21]     Lookback: 20, Hidden: 64, Layers: 2, Dropout: 0.4
[2025-10-19 14:07:21]     Bidirectional: True, GRU: True
[2025-10-19 14:07:21]   Output Head:
[2025-10-19 14:07:21]     FC Layers: 1, FC Hidden: 64, Activation: relu
[2025-10-19 14:07:21]     FC Dropout: 0.2, Batch Norm: True
[2025-10-19 14:07:21]   Training:
[2025-10-19 14:07:21]     Batch Size: 128, LR: 0.001, Weight Decay: 0
[2025-10-19 14:07:21]     Optimizer: adamw, Grad Clip: 1.0, LR Patience: 10
[2025-10-19 14:07:21] 
  Stage 1: Running 3-Fold CV on 10% sampled data...
[2025-10-19 14:07:21]   K-Fold CV: 3 folds on 51 sequences
[2025-10-19 14:07:38]     Epoch  1/20: Val R²=0.3179 Train R²=0.2731 Gap=-0.0448 ✓
[2025-10-19 14:07:55]     Epoch  2/20: Val R²=0.3295 Train R²=0.3264 Gap=-0.0030 ✓
[2025-10-19 14:08:10]     Epoch  3/20: Val R²=0.3399 Train R²=0.3388 Gap=-0.0011 ✓
[2025-10-19 14:08:26]     Epoch  4/20: Val R²=0.3377 Train R²=0.3458 Gap=0.0081  
[2025-10-19 14:08:43]     Epoch  5/20: Val R²=0.3450 Train R²=0.3517 Gap=0.0067 ✓
[2025-10-19 14:08:59]     Epoch  6/20: Val R²=0.3399 Train R²=0.3559 Gap=0.0160  
[2025-10-19 14:09:15]     Epoch  7/20: Val R²=0.3421 Train R²=0.3611 Gap=0.0190  
[2025-10-19 14:09:31]     Epoch  8/20: Val R²=0.3323 Train R²=0.3651 Gap=0.0328  
[2025-10-19 14:09:48]     Epoch  9/20: Val R²=0.3396 Train R²=0.3685 Gap=0.0289  
[2025-10-19 14:10:05]     Epoch 10/20: Val R²=0.3380 Train R²=0.3716 Gap=0.0336  
[2025-10-19 14:10:05]     Early stopped at epoch 10
[2025-10-19 14:10:05]     Fold 1/3: Val R²=0.3450 Train R²=0.3517 (163.7s)
[2025-10-19 14:10:21]     Epoch  1/20: Val R²=0.2353 Train R²=0.3080 Gap=0.0728 ✓
[2025-10-19 14:10:37]     Epoch  2/20: Val R²=0.2592 Train R²=0.3453 Gap=0.0860 ✓
[2025-10-19 14:10:53]     Epoch  3/20: Val R²=0.2708 Train R²=0.3562 Gap=0.0854 ✓
[2025-10-19 14:11:09]     Epoch  4/20: Val R²=0.2944 Train R²=0.3622 Gap=0.0678 ✓
[2025-10-19 14:11:25]     Epoch  5/20: Val R²=0.2942 Train R²=0.3685 Gap=0.0744  
[2025-10-19 14:11:42]     Epoch  6/20: Val R²=0.2958 Train R²=0.3727 Gap=0.0769 ✓
[2025-10-19 14:11:59]     Epoch  7/20: Val R²=0.3026 Train R²=0.3764 Gap=0.0739 ✓
[2025-10-19 14:12:15]     Epoch  8/20: Val R²=0.3036 Train R²=0.3796 Gap=0.0760 ✓
[2025-10-19 14:12:31]     Epoch  9/20: Val R²=0.2999 Train R²=0.3828 Gap=0.0829  
[2025-10-19 14:12:47]     Epoch 10/20: Val R²=0.3056 Train R²=0.3850 Gap=0.0794 ✓
[2025-10-19 14:13:04]     Epoch 11/20: Val R²=0.3092 Train R²=0.3880 Gap=0.0787 ✓
[2025-10-19 14:13:20]     Epoch 12/20: Val R²=0.3026 Train R²=0.3902 Gap=0.0876  
[2025-10-19 14:13:36]     Epoch 13/20: Val R²=0.3110 Train R²=0.3922 Gap=0.0812 ✓
[2025-10-19 14:13:52]     Epoch 14/20: Val R²=0.3008 Train R²=0.3952 Gap=0.0944  
[2025-10-19 14:14:09]     Epoch 15/20: Val R²=0.3075 Train R²=0.3976 Gap=0.0901  
[2025-10-19 14:14:25]     Epoch 16/20: Val R²=0.3082 Train R²=0.4003 Gap=0.0921  
[2025-10-19 14:14:41]     Epoch 17/20: Val R²=0.3053 Train R²=0.4031 Gap=0.0977  
[2025-10-19 14:14:58]     Epoch 18/20: Val R²=0.3011 Train R²=0.4057 Gap=0.1047  
[2025-10-19 14:14:58]     Early stopped at epoch 18
[2025-10-19 14:14:58]     Fold 2/3: Val R²=0.3110 Train R²=0.3922 (293.5s)
[2025-10-19 14:15:15]     Epoch  1/20: Val R²=0.3030 Train R²=0.2924 Gap=-0.0106 ✓
[2025-10-19 14:15:30]     Epoch  2/20: Val R²=0.3123 Train R²=0.3443 Gap=0.0320 ✓
[2025-10-19 14:15:46]     Epoch  3/20: Val R²=0.3280 Train R²=0.3590 Gap=0.0309 ✓
[2025-10-19 14:16:03]     Epoch  4/20: Val R²=0.3171 Train R²=0.3687 Gap=0.0516  
[2025-10-19 14:16:19]     Epoch  5/20: Val R²=0.3306 Train R²=0.3752 Gap=0.0446 ✓
[2025-10-19 14:16:35]     Epoch  6/20: Val R²=0.3225 Train R²=0.3809 Gap=0.0584  
[2025-10-19 14:16:52]     Epoch  7/20: Val R²=0.3262 Train R²=0.3845 Gap=0.0583  
[2025-10-19 14:17:09]     Epoch  8/20: Val R²=0.3230 Train R²=0.3883 Gap=0.0653  
[2025-10-19 14:17:25]     Epoch  9/20: Val R²=0.3281 Train R²=0.3919 Gap=0.0638  
[2025-10-19 14:17:41]     Epoch 10/20: Val R²=0.3197 Train R²=0.3943 Gap=0.0747  
[2025-10-19 14:17:41]     Early stopped at epoch 10
[2025-10-19 14:17:42]     Fold 3/3: Val R²=0.3306 Train R²=0.3752 (163.1s)
[2025-10-19 14:17:42]   K-Fold Results: mean=0.328845 ± 0.013944 (min=0.310967, max=0.344991)
[2025-10-19 14:17:42] 
======================================================================
[2025-10-19 14:17:42] Config 23/100 - K-Fold Complete:
[2025-10-19 14:17:42]   Mean Val R²: 0.328845 ± 0.013944
[2025-10-19 14:17:42]   Range: [0.310967, 0.344991]
[2025-10-19 14:17:42]   Best Global Mean R²: 0.340000
[2025-10-19 14:17:42]   Parameters: 116,256
[2025-10-19 14:17:42]   K-Fold mean R² not better than global best (0.340000)
[2025-10-19 14:17:42]   Skipping.
[2025-10-19 14:17:42]   Results saved to models/bruteforce_kfold_results_20251019_005926.csv
[2025-10-19 14:17:42] 
======================================================================
[2025-10-19 14:17:42] Config 24/100 - Starting Training:
[2025-10-19 14:17:42]   Architecture:
[2025-10-19 14:17:42]     Lookback: 50, Hidden: 192, Layers: 3, Dropout: 0.1
[2025-10-19 14:17:42]     Bidirectional: False, GRU: True
[2025-10-19 14:17:42]   Output Head:
[2025-10-19 14:17:42]     FC Layers: 1, FC Hidden: 256, Activation: tanh
[2025-10-19 14:17:42]     FC Dropout: 0.0, Batch Norm: False
[2025-10-19 14:17:42]   Training:
[2025-10-19 14:17:42]     Batch Size: 256, LR: 0.001, Weight Decay: 0.001
[2025-10-19 14:17:42]     Optimizer: adam, Grad Clip: 5.0, LR Patience: 10
[2025-10-19 14:17:42] 
  Stage 1: Running 3-Fold CV on 10% sampled data...
[2025-10-19 14:17:42]   K-Fold CV: 3 folds on 51 sequences
[2025-10-19 14:18:05]     Epoch  1/20: Val R²=0.3146 Train R²=0.2278 Gap=-0.0869 ✓
[2025-10-19 14:18:30]     Epoch  2/20: Val R²=0.3208 Train R²=0.2891 Gap=-0.0317 ✓
[2025-10-19 14:18:56]     Epoch  3/20: Val R²=0.3253 Train R²=0.3119 Gap=-0.0134 ✓
[2025-10-19 14:19:22]     Epoch  4/20: Val R²=0.3284 Train R²=0.3168 Gap=-0.0116 ✓
[2025-10-19 14:19:48]     Epoch  5/20: Val R²=0.3210 Train R²=0.3216 Gap=0.0006  
[2025-10-19 14:20:14]     Epoch  6/20: Val R²=0.3328 Train R²=0.3233 Gap=-0.0095 ✓
[2025-10-19 14:20:39]     Epoch  7/20: Val R²=0.3249 Train R²=0.3239 Gap=-0.0010  
[2025-10-19 14:21:01]     Epoch  8/20: Val R²=0.3320 Train R²=0.3266 Gap=-0.0054  
[2025-10-19 14:21:27]     Epoch  9/20: Val R²=0.3283 Train R²=0.3255 Gap=-0.0029  
[2025-10-19 14:21:52]     Epoch 10/20: Val R²=0.3285 Train R²=0.3284 Gap=-0.0002  
[2025-10-19 14:22:18]     Epoch 11/20: Val R²=0.3328 Train R²=0.3279 Gap=-0.0048  
[2025-10-19 14:22:18]     Early stopped at epoch 11
[2025-10-19 14:22:18]     Fold 1/3: Val R²=0.3328 Train R²=0.3233 (276.8s)
[2025-10-19 14:22:44]     Epoch  1/20: Val R²=0.1841 Train R²=0.2822 Gap=0.0981 ✓
[2025-10-19 14:23:11]     Epoch  2/20: Val R²=0.1962 Train R²=0.3168 Gap=0.1206 ✓
[2025-10-19 14:23:34]     Epoch  3/20: Val R²=0.2122 Train R²=0.3245 Gap=0.1123 ✓
[2025-10-19 14:23:55]     Epoch  4/20: Val R²=0.2219 Train R²=0.3298 Gap=0.1078 ✓
[2025-10-19 14:24:19]     Epoch  5/20: Val R²=0.2284 Train R²=0.3319 Gap=0.1036 ✓
[2025-10-19 14:24:43]     Epoch  6/20: Val R²=0.2263 Train R²=0.3354 Gap=0.1091  
[2025-10-19 14:25:08]     Epoch  7/20: Val R²=0.2367 Train R²=0.3380 Gap=0.1013 ✓
[2025-10-19 14:25:32]     Epoch  8/20: Val R²=0.2450 Train R²=0.3393 Gap=0.0942 ✓
[2025-10-19 14:25:54]     Epoch  9/20: Val R²=0.2392 Train R²=0.3399 Gap=0.1007  
[2025-10-19 14:26:18]     Epoch 10/20: Val R²=0.2433 Train R²=0.3420 Gap=0.0987  
[2025-10-19 14:26:42]     Epoch 11/20: Val R²=0.2443 Train R²=0.3433 Gap=0.0990  
[2025-10-19 14:27:07]     Epoch 12/20: Val R²=0.2479 Train R²=0.3439 Gap=0.0960 ✓
[2025-10-19 14:27:30]     Epoch 13/20: Val R²=0.2441 Train R²=0.3449 Gap=0.1008  
[2025-10-19 14:27:54]     Epoch 14/20: Val R²=0.2523 Train R²=0.3456 Gap=0.0933 ✓
[2025-10-19 14:28:17]     Epoch 15/20: Val R²=0.2581 Train R²=0.3466 Gap=0.0885 ✓
[2025-10-19 14:28:41]     Epoch 16/20: Val R²=0.2636 Train R²=0.3471 Gap=0.0836 ✓
[2025-10-19 14:29:06]     Epoch 17/20: Val R²=0.2625 Train R²=0.3483 Gap=0.0858  
[2025-10-19 14:29:30]     Epoch 18/20: Val R²=0.2541 Train R²=0.3473 Gap=0.0933  
[2025-10-19 14:29:54]     Epoch 19/20: Val R²=0.2578 Train R²=0.3496 Gap=0.0919  
[2025-10-19 14:30:16]     Epoch 20/20: Val R²=0.2579 Train R²=0.3502 Gap=0.0923  
[2025-10-19 14:30:16]     Fold 2/3: Val R²=0.2636 Train R²=0.3471 (477.6s)
[2025-10-19 14:30:40]     Epoch  1/20: Val R²=0.2800 Train R²=0.2550 Gap=-0.0250 ✓
[2025-10-19 14:31:05]     Epoch  2/20: Val R²=0.3029 Train R²=0.3111 Gap=0.0081 ✓
[2025-10-19 14:31:29]     Epoch  3/20: Val R²=0.3011 Train R²=0.3295 Gap=0.0284  
[2025-10-19 14:31:54]     Epoch  4/20: Val R²=0.3132 Train R²=0.3379 Gap=0.0247 ✓
[2025-10-19 14:32:15]     Epoch  5/20: Val R²=0.3191 Train R²=0.3424 Gap=0.0233 ✓
[2025-10-19 14:32:39]     Epoch  6/20: Val R²=0.3230 Train R²=0.3451 Gap=0.0220 ✓
[2025-10-19 14:33:04]     Epoch  7/20: Val R²=0.3140 Train R²=0.3494 Gap=0.0354  
[2025-10-19 14:33:29]     Epoch  8/20: Val R²=0.3224 Train R²=0.3523 Gap=0.0299  
[2025-10-19 14:33:53]     Epoch  9/20: Val R²=0.3159 Train R²=0.3523 Gap=0.0364  
[2025-10-19 14:34:15]     Epoch 10/20: Val R²=0.3199 Train R²=0.3546 Gap=0.0347  
[2025-10-19 14:34:39]     Epoch 11/20: Val R²=0.3208 Train R²=0.3562 Gap=0.0354  
[2025-10-19 14:34:39]     Early stopped at epoch 11
[2025-10-19 14:34:39]     Fold 3/3: Val R²=0.3230 Train R²=0.3451 (263.3s)
[2025-10-19 14:34:39]   K-Fold Results: mean=0.306465 ± 0.030597 (min=0.263561, max=0.332784)
[2025-10-19 14:34:39] 
======================================================================
[2025-10-19 14:34:39] Config 24/100 - K-Fold Complete:
[2025-10-19 14:34:39]   Mean Val R²: 0.306465 ± 0.030597
[2025-10-19 14:34:39]   Range: [0.263561, 0.332784]
[2025-10-19 14:34:39]   Best Global Mean R²: 0.340000
[2025-10-19 14:34:39]   Parameters: 581,024
[2025-10-19 14:34:39]   K-Fold mean R² not better than global best (0.340000)
[2025-10-19 14:34:39]   Skipping.
[2025-10-19 14:34:39]   Results saved to models/bruteforce_kfold_results_20251019_005926.csv
[2025-10-19 14:34:39] 
======================================================================
[2025-10-19 14:34:39] Config 25/100 - Starting Training:
[2025-10-19 14:34:39]   Architecture:
[2025-10-19 14:34:39]     Lookback: 30, Hidden: 64, Layers: 3, Dropout: 0.1
[2025-10-19 14:34:39]     Bidirectional: True, GRU: False
[2025-10-19 14:34:39]   Output Head:
[2025-10-19 14:34:39]     FC Layers: 3, FC Hidden: 256, Activation: gelu
[2025-10-19 14:34:39]     FC Dropout: 0.2, Batch Norm: True
[2025-10-19 14:34:39]   Training:
[2025-10-19 14:34:39]     Batch Size: 256, LR: 0.0001, Weight Decay: 0.001
[2025-10-19 14:34:39]     Optimizer: adam, Grad Clip: 1.0, LR Patience: 7
[2025-10-19 14:34:39] 
  Stage 1: Running 3-Fold CV on 10% sampled data...
[2025-10-19 14:34:39]   K-Fold CV: 3 folds on 51 sequences
[2025-10-19 14:34:47]     Epoch  1/20: Val R²=0.2549 Train R²=0.1073 Gap=-0.1475 ✓
[2025-10-19 14:34:53]     Epoch  2/20: Val R²=0.2789 Train R²=0.2334 Gap=-0.0455 ✓
[2025-10-19 14:35:00]     Epoch  3/20: Val R²=0.2929 Train R²=0.2658 Gap=-0.0271 ✓
[2025-10-19 14:35:06]     Epoch  4/20: Val R²=0.3017 Train R²=0.2814 Gap=-0.0203 ✓
[2025-10-19 14:35:11]     Epoch  5/20: Val R²=0.3069 Train R²=0.2917 Gap=-0.0152 ✓
[2025-10-19 14:35:17]     Epoch  6/20: Val R²=0.3155 Train R²=0.2981 Gap=-0.0173 ✓
[2025-10-19 14:35:23]     Epoch  7/20: Val R²=0.3253 Train R²=0.3022 Gap=-0.0231 ✓
[2025-10-19 14:35:29]     Epoch  8/20: Val R²=0.3249 Train R²=0.3080 Gap=-0.0169  
[2025-10-19 14:35:35]     Epoch  9/20: Val R²=0.3304 Train R²=0.3088 Gap=-0.0215 ✓
[2025-10-19 14:35:41]     Epoch 10/20: Val R²=0.3347 Train R²=0.3115 Gap=-0.0232 ✓
[2025-10-19 14:35:47]     Epoch 11/20: Val R²=0.3143 Train R²=0.3147 Gap=0.0004  
[2025-10-19 14:35:54]     Epoch 12/20: Val R²=0.3333 Train R²=0.3161 Gap=-0.0172  
[2025-10-19 14:36:00]     Epoch 13/20: Val R²=0.3373 Train R²=0.3172 Gap=-0.0201 ✓
[2025-10-19 14:36:06]     Epoch 14/20: Val R²=0.3321 Train R²=0.3172 Gap=-0.0149  
[2025-10-19 14:36:12]     Epoch 15/20: Val R²=0.3271 Train R²=0.3199 Gap=-0.0072  
[2025-10-19 14:36:18]     Epoch 16/20: Val R²=0.3419 Train R²=0.3213 Gap=-0.0206 ✓
[2025-10-19 14:36:23]     Epoch 17/20: Val R²=0.3342 Train R²=0.3219 Gap=-0.0123  
[2025-10-19 14:36:29]     Epoch 18/20: Val R²=0.3418 Train R²=0.3230 Gap=-0.0189  
[2025-10-19 14:36:35]     Epoch 19/20: Val R²=0.3395 Train R²=0.3247 Gap=-0.0148  
[2025-10-19 14:36:41]     Epoch 20/20: Val R²=0.3423 Train R²=0.3261 Gap=-0.0162 ✓
[2025-10-19 14:36:41]     Fold 1/3: Val R²=0.3423 Train R²=0.3261 (122.0s)
[2025-10-19 14:36:47]     Epoch  1/20: Val R²=0.1363 Train R²=0.1238 Gap=-0.0124 ✓
[2025-10-19 14:36:53]     Epoch  2/20: Val R²=0.1831 Train R²=0.2518 Gap=0.0687 ✓
[2025-10-19 14:37:00]     Epoch  3/20: Val R²=0.2105 Train R²=0.2824 Gap=0.0719 ✓
[2025-10-19 14:37:06]     Epoch  4/20: Val R²=0.2290 Train R²=0.2978 Gap=0.0687 ✓
[2025-10-19 14:37:11]     Epoch  5/20: Val R²=0.2387 Train R²=0.3095 Gap=0.0708 ✓
[2025-10-19 14:37:17]     Epoch  6/20: Val R²=0.2447 Train R²=0.3168 Gap=0.0721 ✓
[2025-10-19 14:37:23]     Epoch  7/20: Val R²=0.2503 Train R²=0.3212 Gap=0.0709 ✓
[2025-10-19 14:37:29]     Epoch  8/20: Val R²=0.2516 Train R²=0.3248 Gap=0.0732 ✓
[2025-10-19 14:37:35]     Epoch  9/20: Val R²=0.2485 Train R²=0.3280 Gap=0.0795  
[2025-10-19 14:37:41]     Epoch 10/20: Val R²=0.2585 Train R²=0.3285 Gap=0.0701 ✓
[2025-10-19 14:37:47]     Epoch 11/20: Val R²=0.2559 Train R²=0.3319 Gap=0.0759  
[2025-10-19 14:37:53]     Epoch 12/20: Val R²=0.2566 Train R²=0.3322 Gap=0.0756  
[2025-10-19 14:38:00]     Epoch 13/20: Val R²=0.2650 Train R²=0.3342 Gap=0.0692 ✓
[2025-10-19 14:38:06]     Epoch 14/20: Val R²=0.2643 Train R²=0.3356 Gap=0.0713  
[2025-10-19 14:38:12]     Epoch 15/20: Val R²=0.2548 Train R²=0.3367 Gap=0.0819  
[2025-10-19 14:38:18]     Epoch 16/20: Val R²=0.2642 Train R²=0.3382 Gap=0.0740  
[2025-10-19 14:38:24]     Epoch 17/20: Val R²=0.2601 Train R²=0.3389 Gap=0.0788  
[2025-10-19 14:38:30]     Epoch 18/20: Val R²=0.2693 Train R²=0.3406 Gap=0.0713 ✓
[2025-10-19 14:38:35]     Epoch 19/20: Val R²=0.2623 Train R²=0.3422 Gap=0.0799  
[2025-10-19 14:38:41]     Epoch 20/20: Val R²=0.2657 Train R²=0.3424 Gap=0.0767  
[2025-10-19 14:38:41]     Fold 2/3: Val R²=0.2693 Train R²=0.3406 (119.9s)
[2025-10-19 14:38:47]     Epoch  1/20: Val R²=0.2478 Train R²=0.1020 Gap=-0.1458 ✓
[2025-10-19 14:38:53]     Epoch  2/20: Val R²=0.2811 Train R²=0.2451 Gap=-0.0361 ✓
[2025-10-19 14:39:00]     Epoch  3/20: Val R²=0.2978 Train R²=0.2808 Gap=-0.0170 ✓
[2025-10-19 14:39:05]     Epoch  4/20: Val R²=0.3030 Train R²=0.2969 Gap=-0.0062 ✓
[2025-10-19 14:39:11]     Epoch  5/20: Val R²=0.3073 Train R²=0.3083 Gap=0.0010 ✓
[2025-10-19 14:39:17]     Epoch  6/20: Val R²=0.3101 Train R²=0.3148 Gap=0.0047 ✓
[2025-10-19 14:39:23]     Epoch  7/20: Val R²=0.3053 Train R²=0.3198 Gap=0.0145  
[2025-10-19 14:39:29]     Epoch  8/20: Val R²=0.3125 Train R²=0.3239 Gap=0.0114 ✓
[2025-10-19 14:39:35]     Epoch  9/20: Val R²=0.3096 Train R²=0.3262 Gap=0.0166  
[2025-10-19 14:39:41]     Epoch 10/20: Val R²=0.3164 Train R²=0.3288 Gap=0.0124 ✓
[2025-10-19 14:39:47]     Epoch 11/20: Val R²=0.3156 Train R²=0.3312 Gap=0.0156  
[2025-10-19 14:39:53]     Epoch 12/20: Val R²=0.3134 Train R²=0.3331 Gap=0.0196  
[2025-10-19 14:40:00]     Epoch 13/20: Val R²=0.3148 Train R²=0.3346 Gap=0.0198  
[2025-10-19 14:40:06]     Epoch 14/20: Val R²=0.3111 Train R²=0.3359 Gap=0.0248  
[2025-10-19 14:40:12]     Epoch 15/20: Val R²=0.3174 Train R²=0.3367 Gap=0.0193 ✓
[2025-10-19 14:40:17]     Epoch 16/20: Val R²=0.3171 Train R²=0.3390 Gap=0.0218  
[2025-10-19 14:40:23]     Epoch 17/20: Val R²=0.3181 Train R²=0.3398 Gap=0.0217 ✓
[2025-10-19 14:40:29]     Epoch 18/20: Val R²=0.3113 Train R²=0.3414 Gap=0.0302  
[2025-10-19 14:40:36]     Epoch 19/20: Val R²=0.3136 Train R²=0.3417 Gap=0.0281  
[2025-10-19 14:40:41]     Epoch 20/20: Val R²=0.3185 Train R²=0.3434 Gap=0.0249 ✓
[2025-10-19 14:40:41]     Fold 3/3: Val R²=0.3185 Train R²=0.3434 (120.3s)
[2025-10-19 14:40:41]   K-Fold Results: mean=0.310033 ± 0.030413 (min=0.269280, max=0.342319)
[2025-10-19 14:40:41] 
======================================================================
[2025-10-19 14:40:41] Config 25/100 - K-Fold Complete:
[2025-10-19 14:40:41]   Mean Val R²: 0.310033 ± 0.030413
[2025-10-19 14:40:41]   Range: [0.269280, 0.342319]
[2025-10-19 14:40:41]   Best Global Mean R²: 0.340000
[2025-10-19 14:40:41]   Parameters: 356,896
[2025-10-19 14:40:41]   K-Fold mean R² not better than global best (0.340000)
[2025-10-19 14:40:41]   Skipping.
[2025-10-19 14:40:41]   Results saved to models/bruteforce_kfold_results_20251019_005926.csv
[2025-10-19 14:40:41] 
======================================================================
[2025-10-19 14:40:41] Config 26/100 - Starting Training:
[2025-10-19 14:40:41]   Architecture:
[2025-10-19 14:40:41]     Lookback: 30, Hidden: 96, Layers: 4, Dropout: 0.3
[2025-10-19 14:40:41]     Bidirectional: True, GRU: True
[2025-10-19 14:40:41]   Output Head:
[2025-10-19 14:40:41]     FC Layers: 3, FC Hidden: 64, Activation: relu
[2025-10-19 14:40:41]     FC Dropout: 0.4, Batch Norm: True
[2025-10-19 14:40:41]   Training:
[2025-10-19 14:40:41]     Batch Size: 64, LR: 0.005, Weight Decay: 0.001
[2025-10-19 14:40:41]     Optimizer: adam, Grad Clip: 5.0, LR Patience: 7
[2025-10-19 14:40:41] 
  Stage 1: Running 3-Fold CV on 10% sampled data...
[2025-10-19 14:40:41]   K-Fold CV: 3 folds on 51 sequences
[2025-10-19 14:42:06]     Epoch  1/20: Val R²=0.2463 Train R²=0.1809 Gap=-0.0654 ✓
[2025-10-19 14:43:30]     Epoch  2/20: Val R²=0.1820 Train R²=0.2088 Gap=0.0268  
[2025-10-19 14:44:57]     Epoch  3/20: Val R²=0.1853 Train R²=0.2177 Gap=0.0324  
[2025-10-19 14:46:24]     Epoch  4/20: Val R²=0.2496 Train R²=0.2180 Gap=-0.0316 ✓
[2025-10-19 14:47:51]     Epoch  5/20: Val R²=0.2468 Train R²=0.2229 Gap=-0.0239  
[2025-10-19 14:49:17]     Epoch  6/20: Val R²=0.2816 Train R²=0.2265 Gap=-0.0552 ✓
[2025-10-19 14:50:45]     Epoch  7/20: Val R²=0.2820 Train R²=0.2275 Gap=-0.0545 ✓
[2025-10-19 14:52:14]     Epoch  8/20: Val R²=0.1768 Train R²=0.2316 Gap=0.0548  
[2025-10-19 14:53:41]     Epoch  9/20: Val R²=0.2406 Train R²=0.2321 Gap=-0.0086  
[2025-10-19 14:55:09]     Epoch 10/20: Val R²=0.2183 Train R²=0.2286 Gap=0.0104  
[2025-10-19 14:56:35]     Epoch 11/20: Val R²=0.2505 Train R²=0.2305 Gap=-0.0200  
[2025-10-19 14:58:05]     Epoch 12/20: Val R²=0.2140 Train R²=0.2328 Gap=0.0189  
[2025-10-19 14:58:05]     Early stopped at epoch 12
[2025-10-19 14:58:05]     Fold 1/3: Val R²=0.2820 Train R²=0.2275 (1043.4s)
[2025-10-19 14:59:31]     Epoch  1/20: Val R²=0.0705 Train R²=0.2199 Gap=0.1495 ✓
[2025-10-19 15:00:58]     Epoch  2/20: Val R²=0.0842 Train R²=0.2388 Gap=0.1546 ✓
[2025-10-19 15:02:25]     Epoch  3/20: Val R²=0.1120 Train R²=0.2421 Gap=0.1301 ✓
[2025-10-19 15:03:52]     Epoch  4/20: Val R²=0.1221 Train R²=0.2449 Gap=0.1228 ✓
[2025-10-19 15:05:20]     Epoch  5/20: Val R²=0.1185 Train R²=0.2486 Gap=0.1301  
[2025-10-19 15:06:47]     Epoch  6/20: Val R²=0.1196 Train R²=0.2494 Gap=0.1298  
[2025-10-19 15:08:16]     Epoch  7/20: Val R²=0.1223 Train R²=0.2503 Gap=0.1280 ✓
[2025-10-19 15:09:43]     Epoch  8/20: Val R²=0.0767 Train R²=0.2491 Gap=0.1724  
[2025-10-19 15:11:11]     Epoch  9/20: Val R²=0.1143 Train R²=0.2524 Gap=0.1381  
[2025-10-19 15:12:39]     Epoch 10/20: Val R²=0.1187 Train R²=0.2501 Gap=0.1314  
[2025-10-19 15:14:07]     Epoch 11/20: Val R²=0.0924 Train R²=0.2510 Gap=0.1586  
[2025-10-19 15:15:34]     Epoch 12/20: Val R²=0.1264 Train R²=0.2538 Gap=0.1274 ✓
[2025-10-19 15:17:02]     Epoch 13/20: Val R²=0.1259 Train R²=0.2515 Gap=0.1256  
[2025-10-19 15:18:30]     Epoch 14/20: Val R²=0.1122 Train R²=0.2560 Gap=0.1438  
[2025-10-19 15:19:57]     Epoch 15/20: Val R²=0.1135 Train R²=0.2550 Gap=0.1415  
[2025-10-19 15:21:22]     Epoch 16/20: Val R²=0.1227 Train R²=0.2552 Gap=0.1325  
[2025-10-19 15:22:50]     Epoch 17/20: Val R²=0.1269 Train R²=0.2542 Gap=0.1273 ✓
[2025-10-19 15:24:19]     Epoch 18/20: Val R²=0.1330 Train R²=0.2534 Gap=0.1204 ✓
[2025-10-19 15:25:45]     Epoch 19/20: Val R²=0.1099 Train R²=0.2534 Gap=0.1435  
[2025-10-19 15:27:14]     Epoch 20/20: Val R²=0.1254 Train R²=0.2535 Gap=0.1281  
[2025-10-19 15:27:14]     Fold 2/3: Val R²=0.1330 Train R²=0.2534 (1749.5s)
[2025-10-19 15:28:43]     Epoch  1/20: Val R²=0.2256 Train R²=0.1984 Gap=-0.0272 ✓
[2025-10-19 15:30:11]     Epoch  2/20: Val R²=0.2399 Train R²=0.2220 Gap=-0.0179 ✓
[2025-10-19 15:31:39]     Epoch  3/20: Val R²=0.2647 Train R²=0.2352 Gap=-0.0295 ✓
[2025-10-19 15:33:08]     Epoch  4/20: Val R²=0.2651 Train R²=0.2404 Gap=-0.0248 ✓
[2025-10-19 15:34:34]     Epoch  5/20: Val R²=0.2671 Train R²=0.2407 Gap=-0.0264 ✓
[2025-10-19 15:36:03]     Epoch  6/20: Val R²=0.2658 Train R²=0.2433 Gap=-0.0225  
[2025-10-19 15:37:30]     Epoch  7/20: Val R²=0.2495 Train R²=0.2456 Gap=-0.0039  
[2025-10-19 15:38:58]     Epoch  8/20: Val R²=0.2487 Train R²=0.2432 Gap=-0.0055  
[2025-10-19 15:40:25]     Epoch  9/20: Val R²=0.2547 Train R²=0.2479 Gap=-0.0068  
[2025-10-19 15:41:53]     Epoch 10/20: Val R²=0.2112 Train R²=0.2457 Gap=0.0345  
[2025-10-19 15:41:53]     Early stopped at epoch 10
[2025-10-19 15:41:53]     Fold 3/3: Val R²=0.2671 Train R²=0.2407 (878.6s)
[2025-10-19 15:41:53]   K-Fold Results: mean=0.227344 ± 0.067006 (min=0.132977, max=0.281998)
[2025-10-19 15:41:53] 
======================================================================
[2025-10-19 15:41:53] Config 26/100 - K-Fold Complete:
[2025-10-19 15:41:53]   Mean Val R²: 0.227344 ± 0.067006
[2025-10-19 15:41:53]   Range: [0.132977, 0.281998]
[2025-10-19 15:41:53]   Best Global Mean R²: 0.340000
[2025-10-19 15:41:53]   Parameters: 594,848
[2025-10-19 15:41:53]   K-Fold mean R² not better than global best (0.340000)
[2025-10-19 15:41:53]   Skipping.
[2025-10-19 15:41:53]   Results saved to models/bruteforce_kfold_results_20251019_005926.csv
[2025-10-19 15:41:53] 
======================================================================
[2025-10-19 15:41:53] Config 27/100 - Starting Training:
[2025-10-19 15:41:53]   Architecture:
[2025-10-19 15:41:53]     Lookback: 15, Hidden: 64, Layers: 4, Dropout: 0.5
[2025-10-19 15:41:53]     Bidirectional: True, GRU: True
[2025-10-19 15:41:53]   Output Head:
[2025-10-19 15:41:53]     FC Layers: 2, FC Hidden: 128, Activation: gelu
[2025-10-19 15:41:53]     FC Dropout: 0.2, Batch Norm: True
[2025-10-19 15:41:53]   Training:
[2025-10-19 15:41:53]     Batch Size: 64, LR: 0.0001, Weight Decay: 0.001
[2025-10-19 15:41:53]     Optimizer: adam, Grad Clip: 1.0, LR Patience: 5
[2025-10-19 15:41:53] 
  Stage 1: Running 3-Fold CV on 10% sampled data...
[2025-10-19 15:41:53]   K-Fold CV: 3 folds on 51 sequences
[2025-10-19 15:42:42]     Epoch  1/20: Val R²=0.3015 Train R²=0.1318 Gap=-0.1697 ✓
[2025-10-19 15:43:30]     Epoch  2/20: Val R²=0.3072 Train R²=0.2153 Gap=-0.0919 ✓
[2025-10-19 15:44:16]     Epoch  3/20: Val R²=0.3147 Train R²=0.2434 Gap=-0.0713 ✓
[2025-10-19 15:45:04]     Epoch  4/20: Val R²=0.3170 Train R²=0.2610 Gap=-0.0560 ✓
[2025-10-19 15:45:50]     Epoch  5/20: Val R²=0.3252 Train R²=0.2718 Gap=-0.0534 ✓
[2025-10-19 15:46:36]     Epoch  6/20: Val R²=0.3319 Train R²=0.2810 Gap=-0.0509 ✓
[2025-10-19 15:47:23]     Epoch  7/20: Val R²=0.3355 Train R²=0.2879 Gap=-0.0477 ✓
[2025-10-19 15:48:11]     Epoch  8/20: Val R²=0.3374 Train R²=0.2903 Gap=-0.0471 ✓
[2025-10-19 15:48:58]     Epoch  9/20: Val R²=0.3387 Train R²=0.2914 Gap=-0.0473 ✓
[2025-10-19 15:49:44]     Epoch 10/20: Val R²=0.3389 Train R²=0.2950 Gap=-0.0439 ✓
[2025-10-19 15:50:31]     Epoch 11/20: Val R²=0.3401 Train R²=0.2979 Gap=-0.0421 ✓
[2025-10-19 15:51:18]     Epoch 12/20: Val R²=0.3393 Train R²=0.2987 Gap=-0.0405  
[2025-10-19 15:52:05]     Epoch 13/20: Val R²=0.3435 Train R²=0.2997 Gap=-0.0438 ✓
[2025-10-19 15:52:51]     Epoch 14/20: Val R²=0.3453 Train R²=0.3011 Gap=-0.0442 ✓
[2025-10-19 15:53:38]     Epoch 15/20: Val R²=0.3449 Train R²=0.3028 Gap=-0.0421  
[2025-10-19 15:54:24]     Epoch 16/20: Val R²=0.3470 Train R²=0.3031 Gap=-0.0439 ✓
[2025-10-19 15:55:11]     Epoch 17/20: Val R²=0.3416 Train R²=0.3040 Gap=-0.0375  
[2025-10-19 15:55:58]     Epoch 18/20: Val R²=0.3423 Train R²=0.3044 Gap=-0.0380  
[2025-10-19 15:56:45]     Epoch 19/20: Val R²=0.3424 Train R²=0.3043 Gap=-0.0381  
[2025-10-19 15:57:32]     Epoch 20/20: Val R²=0.3460 Train R²=0.3069 Gap=-0.0391  
[2025-10-19 15:57:32]     Fold 1/3: Val R²=0.3470 Train R²=0.3031 (939.0s)
[2025-10-19 15:58:19]     Epoch  1/20: Val R²=0.1566 Train R²=0.1827 Gap=0.0261 ✓
[2025-10-19 15:59:06]     Epoch  2/20: Val R²=0.1808 Train R²=0.2591 Gap=0.0783 ✓
[2025-10-19 15:59:52]     Epoch  3/20: Val R²=0.1909 Train R²=0.2768 Gap=0.0859 ✓
[2025-10-19 16:00:39]     Epoch  4/20: Val R²=0.2010 Train R²=0.2902 Gap=0.0893 ✓
[2025-10-19 16:01:26]     Epoch  5/20: Val R²=0.2063 Train R²=0.2978 Gap=0.0915 ✓
[2025-10-19 16:02:13]     Epoch  6/20: Val R²=0.2107 Train R²=0.3024 Gap=0.0917 ✓
[2025-10-19 16:02:59]     Epoch  7/20: Val R²=0.2151 Train R²=0.3078 Gap=0.0927 ✓
[2025-10-19 16:03:45]     Epoch  8/20: Val R²=0.2186 Train R²=0.3115 Gap=0.0929 ✓
[2025-10-19 16:04:31]     Epoch  9/20: Val R²=0.2280 Train R²=0.3142 Gap=0.0863 ✓
[2025-10-19 16:05:18]     Epoch 10/20: Val R²=0.2284 Train R²=0.3163 Gap=0.0879 ✓
[2025-10-19 16:06:05]     Epoch 11/20: Val R²=0.2278 Train R²=0.3187 Gap=0.0908  
[2025-10-19 16:06:51]     Epoch 12/20: Val R²=0.2339 Train R²=0.3219 Gap=0.0880 ✓
[2025-10-19 16:07:38]     Epoch 13/20: Val R²=0.2407 Train R²=0.3244 Gap=0.0837 ✓
[2025-10-19 16:08:25]     Epoch 14/20: Val R²=0.2435 Train R²=0.3258 Gap=0.0824 ✓
[2025-10-19 16:09:12]     Epoch 15/20: Val R²=0.2495 Train R²=0.3260 Gap=0.0765 ✓
[2025-10-19 16:09:58]     Epoch 16/20: Val R²=0.2532 Train R²=0.3267 Gap=0.0735 ✓
[2025-10-19 16:10:45]     Epoch 17/20: Val R²=0.2485 Train R²=0.3281 Gap=0.0797  
[2025-10-19 16:11:32]     Epoch 18/20: Val R²=0.2541 Train R²=0.3270 Gap=0.0729 ✓
[2025-10-19 16:12:19]     Epoch 19/20: Val R²=0.2532 Train R²=0.3287 Gap=0.0755  
[2025-10-19 16:13:07]     Epoch 20/20: Val R²=0.2570 Train R²=0.3300 Gap=0.0730 ✓
[2025-10-19 16:13:07]     Fold 2/3: Val R²=0.2570 Train R²=0.3300 (935.3s)
[2025-10-19 16:13:55]     Epoch  1/20: Val R²=0.2687 Train R²=0.1499 Gap=-0.1188 ✓
[2025-10-19 16:14:42]     Epoch  2/20: Val R²=0.2836 Train R²=0.2390 Gap=-0.0446 ✓
[2025-10-19 16:15:30]     Epoch  3/20: Val R²=0.2900 Train R²=0.2621 Gap=-0.0280 ✓
[2025-10-19 16:16:17]     Epoch  4/20: Val R²=0.2982 Train R²=0.2769 Gap=-0.0213 ✓
[2025-10-19 16:17:05]     Epoch  5/20: Val R²=0.3059 Train R²=0.2903 Gap=-0.0157 ✓
[2025-10-19 16:17:51]     Epoch  6/20: Val R²=0.3110 Train R²=0.2986 Gap=-0.0124 ✓
[2025-10-19 16:18:38]     Epoch  7/20: Val R²=0.3126 Train R²=0.3048 Gap=-0.0078 ✓
[2025-10-19 16:19:26]     Epoch  8/20: Val R²=0.3130 Train R²=0.3101 Gap=-0.0030 ✓
[2025-10-19 16:20:13]     Epoch  9/20: Val R²=0.3150 Train R²=0.3110 Gap=-0.0040 ✓
[2025-10-19 16:21:02]     Epoch 10/20: Val R²=0.3174 Train R²=0.3147 Gap=-0.0027 ✓
[2025-10-19 16:21:48]     Epoch 11/20: Val R²=0.3179 Train R²=0.3165 Gap=-0.0015 ✓
[2025-10-19 16:22:35]     Epoch 12/20: Val R²=0.3164 Train R²=0.3171 Gap=0.0007  
[2025-10-19 16:23:23]     Epoch 13/20: Val R²=0.3171 Train R²=0.3198 Gap=0.0027  
[2025-10-19 16:24:09]     Epoch 14/20: Val R²=0.3191 Train R²=0.3215 Gap=0.0025 ✓
[2025-10-19 16:24:57]     Epoch 15/20: Val R²=0.3168 Train R²=0.3215 Gap=0.0047  
[2025-10-19 16:25:42]     Epoch 16/20: Val R²=0.3150 Train R²=0.3216 Gap=0.0066  
[2025-10-19 16:26:29]     Epoch 17/20: Val R²=0.3178 Train R²=0.3223 Gap=0.0044  
[2025-10-19 16:27:17]     Epoch 18/20: Val R²=0.3204 Train R²=0.3236 Gap=0.0032 ✓
[2025-10-19 16:28:05]     Epoch 19/20: Val R²=0.3185 Train R²=0.3243 Gap=0.0059  
[2025-10-19 16:28:51]     Epoch 20/20: Val R²=0.3197 Train R²=0.3249 Gap=0.0052  
[2025-10-19 16:28:51]     Fold 3/3: Val R²=0.3204 Train R²=0.3236 (943.8s)
[2025-10-19 16:28:51]   K-Fold Results: mean=0.308110 ± 0.037767 (min=0.256965, max=0.347008)
[2025-10-19 16:28:51] 
======================================================================
[2025-10-19 16:28:51] Config 27/100 - K-Fold Complete:
[2025-10-19 16:28:51]   Mean Val R²: 0.308110 ± 0.037767
[2025-10-19 16:28:51]   Range: [0.256965, 0.347008]
[2025-10-19 16:28:51]   Best Global Mean R²: 0.340000
[2025-10-19 16:28:51]   Parameters: 282,016
[2025-10-19 16:28:51]   K-Fold mean R² not better than global best (0.340000)
[2025-10-19 16:28:51]   Skipping.
[2025-10-19 16:28:51]   Results saved to models/bruteforce_kfold_results_20251019_005926.csv
[2025-10-19 16:28:51] 
======================================================================
[2025-10-19 16:28:51] Config 28/100 - Starting Training:
[2025-10-19 16:28:51]   Architecture:
[2025-10-19 16:28:51]     Lookback: 50, Hidden: 96, Layers: 2, Dropout: 0.2
[2025-10-19 16:28:51]     Bidirectional: False, GRU: False
[2025-10-19 16:28:51]   Output Head:
[2025-10-19 16:28:51]     FC Layers: 1, FC Hidden: 64, Activation: tanh
[2025-10-19 16:28:51]     FC Dropout: 0.0, Batch Norm: True
[2025-10-19 16:28:51]   Training:
[2025-10-19 16:28:51]     Batch Size: 256, LR: 0.005, Weight Decay: 0.0001
[2025-10-19 16:28:51]     Optimizer: adamw, Grad Clip: 5.0, LR Patience: 10
[2025-10-19 16:28:51] 
  Stage 1: Running 3-Fold CV on 10% sampled data...
[2025-10-19 16:28:51]   K-Fold CV: 3 folds on 51 sequences
[2025-10-19 16:28:58]     Epoch  1/20: Val R²=0.2985 Train R²=0.2982 Gap=-0.0003 ✓
[2025-10-19 16:29:03]     Epoch  2/20: Val R²=0.3073 Train R²=0.3437 Gap=0.0364 ✓
[2025-10-19 16:29:07]     Epoch  3/20: Val R²=0.3139 Train R²=0.3570 Gap=0.0431 ✓
[2025-10-19 16:29:11]     Epoch  4/20: Val R²=0.3131 Train R²=0.3660 Gap=0.0529  
[2025-10-19 16:29:16]     Epoch  5/20: Val R²=0.3229 Train R²=0.3731 Gap=0.0502 ✓
[2025-10-19 16:29:20]     Epoch  6/20: Val R²=0.3095 Train R²=0.3790 Gap=0.0695  
[2025-10-19 16:29:24]     Epoch  7/20: Val R²=0.3105 Train R²=0.3841 Gap=0.0736  
[2025-10-19 16:29:28]     Epoch  8/20: Val R²=0.3109 Train R²=0.3887 Gap=0.0778  
[2025-10-19 16:29:33]     Epoch  9/20: Val R²=0.3101 Train R²=0.3945 Gap=0.0844  
[2025-10-19 16:29:38]     Epoch 10/20: Val R²=0.3018 Train R²=0.3990 Gap=0.0972  
[2025-10-19 16:29:38]     Early stopped at epoch 10
[2025-10-19 16:29:38]     Fold 1/3: Val R²=0.3229 Train R²=0.3731 (46.7s)
[2025-10-19 16:29:43]     Epoch  1/20: Val R²=0.2544 Train R²=0.3221 Gap=0.0677 ✓
[2025-10-19 16:29:48]     Epoch  2/20: Val R²=0.2721 Train R²=0.3648 Gap=0.0927 ✓
[2025-10-19 16:29:52]     Epoch  3/20: Val R²=0.2750 Train R²=0.3756 Gap=0.1006 ✓
[2025-10-19 16:29:58]     Epoch  4/20: Val R²=0.2810 Train R²=0.3834 Gap=0.1024 ✓
[2025-10-19 16:30:03]     Epoch  5/20: Val R²=0.2669 Train R²=0.3890 Gap=0.1221  
[2025-10-19 16:30:08]     Epoch  6/20: Val R²=0.2789 Train R²=0.3950 Gap=0.1161  
[2025-10-19 16:30:13]     Epoch  7/20: Val R²=0.2695 Train R²=0.4016 Gap=0.1321  
[2025-10-19 16:30:17]     Epoch  8/20: Val R²=0.2749 Train R²=0.4052 Gap=0.1304  
[2025-10-19 16:30:22]     Epoch  9/20: Val R²=0.2662 Train R²=0.4105 Gap=0.1443  
[2025-10-19 16:30:22]     Early stopped at epoch 9
[2025-10-19 16:30:22]     Fold 2/3: Val R²=0.2810 Train R²=0.3834 (44.1s)
[2025-10-19 16:30:27]     Epoch  1/20: Val R²=0.2874 Train R²=0.3177 Gap=0.0302 ✓
[2025-10-19 16:30:32]     Epoch  2/20: Val R²=0.3021 Train R²=0.3688 Gap=0.0667 ✓
[2025-10-19 16:30:37]     Epoch  3/20: Val R²=0.2954 Train R²=0.3805 Gap=0.0851  
[2025-10-19 16:30:42]     Epoch  4/20: Val R²=0.2939 Train R²=0.3890 Gap=0.0951  
[2025-10-19 16:30:47]     Epoch  5/20: Val R²=0.3043 Train R²=0.3955 Gap=0.0912 ✓
[2025-10-19 16:30:51]     Epoch  6/20: Val R²=0.2942 Train R²=0.4015 Gap=0.1073  
[2025-10-19 16:30:57]     Epoch  7/20: Val R²=0.2876 Train R²=0.4084 Gap=0.1208  
[2025-10-19 16:31:01]     Epoch  8/20: Val R²=0.2814 Train R²=0.4138 Gap=0.1324  
[2025-10-19 16:31:06]     Epoch  9/20: Val R²=0.2831 Train R²=0.4187 Gap=0.1356  
[2025-10-19 16:31:11]     Epoch 10/20: Val R²=0.2853 Train R²=0.4226 Gap=0.1373  
[2025-10-19 16:31:11]     Early stopped at epoch 10
[2025-10-19 16:31:11]     Fold 3/3: Val R²=0.3043 Train R²=0.3955 (49.1s)
[2025-10-19 16:31:11]   K-Fold Results: mean=0.302762 ± 0.017146 (min=0.281013, max=0.322922)
[2025-10-19 16:31:11] 
======================================================================
[2025-10-19 16:31:11] Config 28/100 - K-Fold Complete:
[2025-10-19 16:31:11]   Mean Val R²: 0.302762 ± 0.017146
[2025-10-19 16:31:11]   Range: [0.281013, 0.322922]
[2025-10-19 16:31:11]   Best Global Mean R²: 0.340000
[2025-10-19 16:31:11]   Parameters: 127,520
[2025-10-19 16:31:11]   K-Fold mean R² not better than global best (0.340000)
[2025-10-19 16:31:11]   Skipping.
[2025-10-19 16:31:11]   Results saved to models/bruteforce_kfold_results_20251019_005926.csv
[2025-10-19 16:31:11] 
======================================================================
[2025-10-19 16:31:11] Config 29/100 - Starting Training:
[2025-10-19 16:31:11]   Architecture:
[2025-10-19 16:31:11]     Lookback: 10, Hidden: 64, Layers: 1, Dropout: 0.1
[2025-10-19 16:31:11]     Bidirectional: True, GRU: False
[2025-10-19 16:31:11]   Output Head:
[2025-10-19 16:31:11]     FC Layers: 1, FC Hidden: 256, Activation: gelu
[2025-10-19 16:31:11]     FC Dropout: 0.4, Batch Norm: False
[2025-10-19 16:31:11]   Training:
[2025-10-19 16:31:11]     Batch Size: 64, LR: 0.0001, Weight Decay: 0.01
[2025-10-19 16:31:11]     Optimizer: adamw, Grad Clip: 0.5, LR Patience: 7
[2025-10-19 16:31:11] 
  Stage 1: Running 3-Fold CV on 10% sampled data...
[2025-10-19 16:31:11]   K-Fold CV: 3 folds on 51 sequences
[2025-10-19 16:31:17]     Epoch  1/20: Val R²=0.2837 Train R²=0.1518 Gap=-0.1319 ✓
[2025-10-19 16:31:22]     Epoch  2/20: Val R²=0.3024 Train R²=0.2744 Gap=-0.0280 ✓
[2025-10-19 16:31:27]     Epoch  3/20: Val R²=0.3084 Train R²=0.3007 Gap=-0.0076 ✓
[2025-10-19 16:31:32]     Epoch  4/20: Val R²=0.3140 Train R²=0.3119 Gap=-0.0021 ✓
[2025-10-19 16:31:37]     Epoch  5/20: Val R²=0.3173 Train R²=0.3188 Gap=0.0015 ✓
[2025-10-19 16:31:42]     Epoch  6/20: Val R²=0.3190 Train R²=0.3242 Gap=0.0052 ✓
[2025-10-19 16:31:47]     Epoch  7/20: Val R²=0.3204 Train R²=0.3283 Gap=0.0079 ✓
[2025-10-19 16:31:52]     Epoch  8/20: Val R²=0.3220 Train R²=0.3317 Gap=0.0097 ✓
[2025-10-19 16:31:58]     Epoch  9/20: Val R²=0.3235 Train R²=0.3345 Gap=0.0110 ✓
[2025-10-19 16:32:03]     Epoch 10/20: Val R²=0.3243 Train R²=0.3369 Gap=0.0125 ✓
[2025-10-19 16:32:09]     Epoch 11/20: Val R²=0.3260 Train R²=0.3390 Gap=0.0129 ✓
[2025-10-19 16:32:13]     Epoch 12/20: Val R²=0.3280 Train R²=0.3409 Gap=0.0129 ✓
[2025-10-19 16:32:19]     Epoch 13/20: Val R²=0.3273 Train R²=0.3425 Gap=0.0152  
[2025-10-19 16:32:24]     Epoch 14/20: Val R²=0.3288 Train R²=0.3441 Gap=0.0153 ✓
[2025-10-19 16:32:29]     Epoch 15/20: Val R²=0.3286 Train R²=0.3455 Gap=0.0169  
[2025-10-19 16:32:34]     Epoch 16/20: Val R²=0.3312 Train R²=0.3469 Gap=0.0157 ✓
[2025-10-19 16:32:39]     Epoch 17/20: Val R²=0.3313 Train R²=0.3481 Gap=0.0168 ✓
[2025-10-19 16:32:45]     Epoch 18/20: Val R²=0.3316 Train R²=0.3493 Gap=0.0177 ✓
[2025-10-19 16:32:50]     Epoch 19/20: Val R²=0.3327 Train R²=0.3505 Gap=0.0178 ✓
[2025-10-19 16:32:56]     Epoch 20/20: Val R²=0.3324 Train R²=0.3518 Gap=0.0194  
[2025-10-19 16:32:56]     Fold 1/3: Val R²=0.3327 Train R²=0.3505 (105.0s)
[2025-10-19 16:33:02]     Epoch  1/20: Val R²=0.1349 Train R²=0.2110 Gap=0.0762 ✓
[2025-10-19 16:33:07]     Epoch  2/20: Val R²=0.1721 Train R²=0.3105 Gap=0.1384 ✓
[2025-10-19 16:33:12]     Epoch  3/20: Val R²=0.1966 Train R²=0.3247 Gap=0.1281 ✓
[2025-10-19 16:33:17]     Epoch  4/20: Val R²=0.2128 Train R²=0.3340 Gap=0.1211 ✓
[2025-10-19 16:33:22]     Epoch  5/20: Val R²=0.2243 Train R²=0.3404 Gap=0.1162 ✓
[2025-10-19 16:33:28]     Epoch  6/20: Val R²=0.2342 Train R²=0.3450 Gap=0.1108 ✓
[2025-10-19 16:33:33]     Epoch  7/20: Val R²=0.2387 Train R²=0.3484 Gap=0.1097 ✓
[2025-10-19 16:33:38]     Epoch  8/20: Val R²=0.2432 Train R²=0.3511 Gap=0.1079 ✓
[2025-10-19 16:33:44]     Epoch  9/20: Val R²=0.2473 Train R²=0.3534 Gap=0.1061 ✓
[2025-10-19 16:33:49]     Epoch 10/20: Val R²=0.2506 Train R²=0.3555 Gap=0.1049 ✓
[2025-10-19 16:33:55]     Epoch 11/20: Val R²=0.2547 Train R²=0.3573 Gap=0.1026 ✓
[2025-10-19 16:34:00]     Epoch 12/20: Val R²=0.2585 Train R²=0.3590 Gap=0.1005 ✓
[2025-10-19 16:34:05]     Epoch 13/20: Val R²=0.2606 Train R²=0.3608 Gap=0.1002 ✓
[2025-10-19 16:34:10]     Epoch 14/20: Val R²=0.2633 Train R²=0.3623 Gap=0.0990 ✓
[2025-10-19 16:34:15]     Epoch 15/20: Val R²=0.2651 Train R²=0.3637 Gap=0.0985 ✓
[2025-10-19 16:34:20]     Epoch 16/20: Val R²=0.2684 Train R²=0.3650 Gap=0.0967 ✓
[2025-10-19 16:34:25]     Epoch 17/20: Val R²=0.2701 Train R²=0.3662 Gap=0.0961 ✓
[2025-10-19 16:34:30]     Epoch 18/20: Val R²=0.2721 Train R²=0.3675 Gap=0.0954 ✓
[2025-10-19 16:34:35]     Epoch 19/20: Val R²=0.2725 Train R²=0.3687 Gap=0.0961 ✓
[2025-10-19 16:34:41]     Epoch 20/20: Val R²=0.2730 Train R²=0.3697 Gap=0.0967 ✓
[2025-10-19 16:34:41]     Fold 2/3: Val R²=0.2730 Train R²=0.3697 (104.9s)
[2025-10-19 16:34:46]     Epoch  1/20: Val R²=0.2736 Train R²=0.1659 Gap=-0.1076 ✓
[2025-10-19 16:34:52]     Epoch  2/20: Val R²=0.2872 Train R²=0.2943 Gap=0.0071 ✓
[2025-10-19 16:34:58]     Epoch  3/20: Val R²=0.2946 Train R²=0.3187 Gap=0.0241 ✓
[2025-10-19 16:35:03]     Epoch  4/20: Val R²=0.2977 Train R²=0.3293 Gap=0.0316 ✓
[2025-10-19 16:35:08]     Epoch  5/20: Val R²=0.3012 Train R²=0.3362 Gap=0.0349 ✓
[2025-10-19 16:35:13]     Epoch  6/20: Val R²=0.3038 Train R²=0.3412 Gap=0.0375 ✓
[2025-10-19 16:35:18]     Epoch  7/20: Val R²=0.3061 Train R²=0.3457 Gap=0.0396 ✓
[2025-10-19 16:35:23]     Epoch  8/20: Val R²=0.3084 Train R²=0.3497 Gap=0.0413 ✓
[2025-10-19 16:35:29]     Epoch  9/20: Val R²=0.3109 Train R²=0.3534 Gap=0.0425 ✓
[2025-10-19 16:35:34]     Epoch 10/20: Val R²=0.3132 Train R²=0.3567 Gap=0.0435 ✓
[2025-10-19 16:35:39]     Epoch 11/20: Val R²=0.3140 Train R²=0.3594 Gap=0.0454 ✓
[2025-10-19 16:35:44]     Epoch 12/20: Val R²=0.3149 Train R²=0.3620 Gap=0.0471 ✓
[2025-10-19 16:35:49]     Epoch 13/20: Val R²=0.3154 Train R²=0.3643 Gap=0.0488 ✓
[2025-10-19 16:35:55]     Epoch 14/20: Val R²=0.3145 Train R²=0.3661 Gap=0.0516  
[2025-10-19 16:36:01]     Epoch 15/20: Val R²=0.3177 Train R²=0.3680 Gap=0.0502 ✓
[2025-10-19 16:36:06]     Epoch 16/20: Val R²=0.3155 Train R²=0.3695 Gap=0.0540  
[2025-10-19 16:36:11]     Epoch 17/20: Val R²=0.3172 Train R²=0.3712 Gap=0.0540  
[2025-10-19 16:36:16]     Epoch 18/20: Val R²=0.3173 Train R²=0.3727 Gap=0.0554  
[2025-10-19 16:36:21]     Epoch 19/20: Val R²=0.3168 Train R²=0.3741 Gap=0.0573  
[2025-10-19 16:36:26]     Epoch 20/20: Val R²=0.3186 Train R²=0.3756 Gap=0.0570 ✓
[2025-10-19 16:36:26]     Fold 3/3: Val R²=0.3186 Train R²=0.3756 (105.1s)
[2025-10-19 16:36:26]   K-Fold Results: mean=0.308097 ± 0.025457 (min=0.273025, max=0.332672)
[2025-10-19 16:36:26] 
======================================================================
[2025-10-19 16:36:26] Config 29/100 - K-Fold Complete:
[2025-10-19 16:36:26]   Mean Val R²: 0.308097 ± 0.025457
[2025-10-19 16:36:26]   Range: [0.273025, 0.332672]
[2025-10-19 16:36:26]   Best Global Mean R²: 0.340000
[2025-10-19 16:36:26]   Parameters: 54,304
[2025-10-19 16:36:26]   K-Fold mean R² not better than global best (0.340000)
[2025-10-19 16:36:26]   Skipping.
[2025-10-19 16:36:26]   Results saved to models/bruteforce_kfold_results_20251019_005926.csv
[2025-10-19 16:36:26] 
======================================================================
[2025-10-19 16:36:26] Config 30/100 - Starting Training:
[2025-10-19 16:36:26]   Architecture:
[2025-10-19 16:36:26]     Lookback: 20, Hidden: 192, Layers: 4, Dropout: 0.5
[2025-10-19 16:36:26]     Bidirectional: True, GRU: False
[2025-10-19 16:36:26]   Output Head:
[2025-10-19 16:36:26]     FC Layers: 3, FC Hidden: 128, Activation: tanh
[2025-10-19 16:36:26]     FC Dropout: 0.3, Batch Norm: False
[2025-10-19 16:36:26]   Training:
[2025-10-19 16:36:26]     Batch Size: 128, LR: 0.005, Weight Decay: 0.01
[2025-10-19 16:36:26]     Optimizer: adamw, Grad Clip: 0.5, LR Patience: 10
[2025-10-19 16:36:26] 
  Stage 1: Running 3-Fold CV on 10% sampled data...
[2025-10-19 16:36:26]   K-Fold CV: 3 folds on 51 sequences
[2025-10-19 16:36:48]     Epoch  1/20: Val R²=0.2578 Train R²=0.2400 Gap=-0.0178 ✓
[2025-10-19 16:37:07]     Epoch  2/20: Val R²=0.2816 Train R²=0.2873 Gap=0.0058 ✓
[2025-10-19 16:37:26]     Epoch  3/20: Val R²=0.2846 Train R²=0.3003 Gap=0.0157 ✓
[2025-10-19 16:37:46]     Epoch  4/20: Val R²=0.2870 Train R²=0.3074 Gap=0.0204 ✓
[2025-10-19 16:38:06]     Epoch  5/20: Val R²=0.2812 Train R²=0.3128 Gap=0.0316  
[2025-10-19 16:38:27]     Epoch  6/20: Val R²=0.2787 Train R²=0.3169 Gap=0.0382  
[2025-10-19 16:38:47]     Epoch  7/20: Val R²=0.2792 Train R²=0.3175 Gap=0.0384  
[2025-10-19 16:39:07]     Epoch  8/20: Val R²=0.2667 Train R²=0.3181 Gap=0.0514  
[2025-10-19 16:39:27]     Epoch  9/20: Val R²=0.2845 Train R²=0.3234 Gap=0.0389  
[2025-10-19 16:39:27]     Early stopped at epoch 9
[2025-10-19 16:39:27]     Fold 1/3: Val R²=0.2870 Train R²=0.3074 (181.2s)
[2025-10-19 16:39:49]     Epoch  1/20: Val R²=0.2040 Train R²=0.2689 Gap=0.0649 ✓
[2025-10-19 16:40:10]     Epoch  2/20: Val R²=0.2290 Train R²=0.3167 Gap=0.0877 ✓
[2025-10-19 16:40:30]     Epoch  3/20: Val R²=0.2253 Train R²=0.3260 Gap=0.1007  
[2025-10-19 16:40:51]     Epoch  4/20: Val R²=0.2090 Train R²=0.3332 Gap=0.1243  
[2025-10-19 16:41:11]     Epoch  5/20: Val R²=0.2246 Train R²=0.3356 Gap=0.1110  
[2025-10-19 16:41:32]     Epoch  6/20: Val R²=0.2149 Train R²=0.3381 Gap=0.1232  
[2025-10-19 16:41:53]     Epoch  7/20: Val R²=0.2202 Train R²=0.3445 Gap=0.1243  
[2025-10-19 16:41:53]     Early stopped at epoch 7
[2025-10-19 16:41:53]     Fold 2/3: Val R²=0.2290 Train R²=0.3167 (145.1s)
[2025-10-19 16:42:14]     Epoch  1/20: Val R²=0.2538 Train R²=0.2614 Gap=0.0076 ✓
[2025-10-19 16:42:32]     Epoch  2/20: Val R²=0.2505 Train R²=0.3160 Gap=0.0655  
[2025-10-19 16:42:51]     Epoch  3/20: Val R²=0.2405 Train R²=0.3255 Gap=0.0850  
[2025-10-19 16:43:12]     Epoch  4/20: Val R²=0.2592 Train R²=0.3296 Gap=0.0704 ✓
[2025-10-19 16:43:32]     Epoch  5/20: Val R²=0.2493 Train R²=0.3335 Gap=0.0842  
[2025-10-19 16:43:52]     Epoch  6/20: Val R²=0.2399 Train R²=0.3377 Gap=0.0978  
[2025-10-19 16:44:13]     Epoch  7/20: Val R²=0.2622 Train R²=0.3400 Gap=0.0778 ✓
[2025-10-19 16:44:33]     Epoch  8/20: Val R²=0.2534 Train R²=0.3424 Gap=0.0890  
[2025-10-19 16:44:54]     Epoch  9/20: Val R²=0.2513 Train R²=0.3416 Gap=0.0903  
[2025-10-19 16:45:14]     Epoch 10/20: Val R²=0.2576 Train R²=0.3424 Gap=0.0848  
[2025-10-19 16:45:35]     Epoch 11/20: Val R²=0.2648 Train R²=0.3433 Gap=0.0785 ✓
[2025-10-19 16:45:56]     Epoch 12/20: Val R²=0.2623 Train R²=0.3457 Gap=0.0834  
[2025-10-19 16:46:17]     Epoch 13/20: Val R²=0.2577 Train R²=0.3462 Gap=0.0885  
[2025-10-19 16:46:37]     Epoch 14/20: Val R²=0.2644 Train R²=0.3473 Gap=0.0829  
[2025-10-19 16:46:59]     Epoch 15/20: Val R²=0.2594 Train R²=0.3458 Gap=0.0864  
[2025-10-19 16:47:19]     Epoch 16/20: Val R²=0.2570 Train R²=0.3459 Gap=0.0889  
[2025-10-19 16:47:19]     Early stopped at epoch 16
[2025-10-19 16:47:19]     Fold 3/3: Val R²=0.2648 Train R²=0.3433 (327.0s)
[2025-10-19 16:47:20]   K-Fold Results: mean=0.260283 ± 0.023894 (min=0.229022, max=0.287025)
[2025-10-19 16:47:20] 
======================================================================
[2025-10-19 16:47:20] Config 30/100 - K-Fold Complete:
[2025-10-19 16:47:20]   Mean Val R²: 0.260283 ± 0.023894
[2025-10-19 16:47:20]   Range: [0.229022, 0.287025]
[2025-10-19 16:47:20]   Best Global Mean R²: 0.340000
[2025-10-19 16:47:20]   Parameters: 3,080,480
[2025-10-19 16:47:20]   K-Fold mean R² not better than global best (0.340000)
[2025-10-19 16:47:20]   Skipping.
[2025-10-19 16:47:20]   Results saved to models/bruteforce_kfold_results_20251019_005926.csv
[2025-10-19 16:47:20] 
======================================================================
[2025-10-19 16:47:20] Config 31/100 - Starting Training:
[2025-10-19 16:47:20]   Architecture:
[2025-10-19 16:47:20]     Lookback: 5, Hidden: 256, Layers: 3, Dropout: 0.2
[2025-10-19 16:47:20]     Bidirectional: True, GRU: True
[2025-10-19 16:47:20]   Output Head:
[2025-10-19 16:47:20]     FC Layers: 2, FC Hidden: 256, Activation: relu
[2025-10-19 16:47:20]     FC Dropout: 0.2, Batch Norm: False
[2025-10-19 16:47:20]   Training:
[2025-10-19 16:47:20]     Batch Size: 64, LR: 0.002, Weight Decay: 0.0001
[2025-10-19 16:47:20]     Optimizer: adam, Grad Clip: 0.5, LR Patience: 10
[2025-10-19 16:47:20] 
  Stage 1: Running 3-Fold CV on 10% sampled data...
[2025-10-19 16:47:20]   K-Fold CV: 3 folds on 51 sequences
[2025-10-19 16:47:40]     Epoch  1/20: Val R²=0.2910 Train R²=0.2612 Gap=-0.0299 ✓
[2025-10-19 16:48:00]     Epoch  2/20: Val R²=0.2982 Train R²=0.2938 Gap=-0.0044 ✓
[2025-10-19 16:48:19]     Epoch  3/20: Val R²=0.2810 Train R²=0.3022 Gap=0.0212  
[2025-10-19 16:48:39]     Epoch  4/20: Val R²=0.3129 Train R²=0.3095 Gap=-0.0034 ✓
[2025-10-19 16:48:59]     Epoch  5/20: Val R²=0.2810 Train R²=0.3133 Gap=0.0323  
[2025-10-19 16:49:19]     Epoch  6/20: Val R²=0.3083 Train R²=0.3151 Gap=0.0068  
[2025-10-19 16:49:39]     Epoch  7/20: Val R²=0.3126 Train R²=0.3187 Gap=0.0061  
[2025-10-19 16:50:00]     Epoch  8/20: Val R²=0.2949 Train R²=0.3220 Gap=0.0272  
[2025-10-19 16:50:20]     Epoch  9/20: Val R²=0.3053 Train R²=0.3251 Gap=0.0198  
[2025-10-19 16:50:20]     Early stopped at epoch 9
[2025-10-19 16:50:20]     Fold 1/3: Val R²=0.3129 Train R²=0.3095 (180.5s)
[2025-10-19 16:50:41]     Epoch  1/20: Val R²=0.2200 Train R²=0.2927 Gap=0.0727 ✓
[2025-10-19 16:51:01]     Epoch  2/20: Val R²=0.2435 Train R²=0.3161 Gap=0.0725 ✓
[2025-10-19 16:51:21]     Epoch  3/20: Val R²=0.2339 Train R²=0.3243 Gap=0.0904  
[2025-10-19 16:51:41]     Epoch  4/20: Val R²=0.2490 Train R²=0.3265 Gap=0.0775 ✓
[2025-10-19 16:52:01]     Epoch  5/20: Val R²=0.2320 Train R²=0.3309 Gap=0.0990  
[2025-10-19 16:52:20]     Epoch  6/20: Val R²=0.2421 Train R²=0.3312 Gap=0.0891  
[2025-10-19 16:52:39]     Epoch  7/20: Val R²=0.2473 Train R²=0.3341 Gap=0.0867  
[2025-10-19 16:53:00]     Epoch  8/20: Val R²=0.2571 Train R²=0.3364 Gap=0.0793 ✓
[2025-10-19 16:53:20]     Epoch  9/20: Val R²=0.2493 Train R²=0.3382 Gap=0.0889  
[2025-10-19 16:53:40]     Epoch 10/20: Val R²=0.2537 Train R²=0.3389 Gap=0.0853  
[2025-10-19 16:54:00]     Epoch 11/20: Val R²=0.2489 Train R²=0.3412 Gap=0.0922  
[2025-10-19 16:54:20]     Epoch 12/20: Val R²=0.2577 Train R²=0.3436 Gap=0.0858 ✓
[2025-10-19 16:54:40]     Epoch 13/20: Val R²=0.2479 Train R²=0.3440 Gap=0.0961  
[2025-10-19 16:55:01]     Epoch 14/20: Val R²=0.2639 Train R²=0.3459 Gap=0.0819 ✓
[2025-10-19 16:55:21]     Epoch 15/20: Val R²=0.2556 Train R²=0.3457 Gap=0.0900  
[2025-10-19 16:55:41]     Epoch 16/20: Val R²=0.2368 Train R²=0.3462 Gap=0.1095  
[2025-10-19 16:56:01]     Epoch 17/20: Val R²=0.2574 Train R²=0.3443 Gap=0.0869  
[2025-10-19 16:56:21]     Epoch 18/20: Val R²=0.2483 Train R²=0.3489 Gap=0.1006  
[2025-10-19 16:56:40]     Epoch 19/20: Val R²=0.2538 Train R²=0.3478 Gap=0.0939  
[2025-10-19 16:56:40]     Early stopped at epoch 19
[2025-10-19 16:56:40]     Fold 2/3: Val R²=0.2639 Train R²=0.3459 (379.7s)
[2025-10-19 16:57:00]     Epoch  1/20: Val R²=0.2650 Train R²=0.2829 Gap=0.0180 ✓
[2025-10-19 16:57:20]     Epoch  2/20: Val R²=0.2763 Train R²=0.3205 Gap=0.0443 ✓
[2025-10-19 16:57:39]     Epoch  3/20: Val R²=0.2868 Train R²=0.3297 Gap=0.0429 ✓
[2025-10-19 16:58:01]     Epoch  4/20: Val R²=0.2895 Train R²=0.3363 Gap=0.0468 ✓
[2025-10-19 16:58:20]     Epoch  5/20: Val R²=0.2885 Train R²=0.3407 Gap=0.0521  
[2025-10-19 16:58:40]     Epoch  6/20: Val R²=0.2742 Train R²=0.3424 Gap=0.0682  
[2025-10-19 16:59:01]     Epoch  7/20: Val R²=0.2789 Train R²=0.3458 Gap=0.0669  
[2025-10-19 16:59:20]     Epoch  8/20: Val R²=0.2852 Train R²=0.3479 Gap=0.0627  
[2025-10-19 16:59:40]     Epoch  9/20: Val R²=0.2796 Train R²=0.3516 Gap=0.0720  
[2025-10-19 16:59:40]     Early stopped at epoch 9
[2025-10-19 16:59:40]     Fold 3/3: Val R²=0.2895 Train R²=0.3363 (180.6s)
[2025-10-19 16:59:40]   K-Fold Results: mean=0.288796 ± 0.019994 (min=0.263947, max=0.312907)
[2025-10-19 16:59:40] 
======================================================================
[2025-10-19 16:59:40] Config 31/100 - K-Fold Complete:
[2025-10-19 16:59:40]   Mean Val R²: 0.288796 ± 0.019994
[2025-10-19 16:59:40]   Range: [0.263947, 0.312907]
[2025-10-19 16:59:40]   Best Global Mean R²: 0.340000
[2025-10-19 16:59:40]   Parameters: 2,950,432
[2025-10-19 16:59:40]   K-Fold mean R² not better than global best (0.340000)
[2025-10-19 16:59:40]   Skipping.
[2025-10-19 16:59:40]   Results saved to models/bruteforce_kfold_results_20251019_005926.csv
[2025-10-19 16:59:40] 
======================================================================
[2025-10-19 16:59:40] Config 32/100 - Starting Training:
[2025-10-19 16:59:40]   Architecture:
[2025-10-19 16:59:40]     Lookback: 20, Hidden: 96, Layers: 4, Dropout: 0.4
[2025-10-19 16:59:40]     Bidirectional: False, GRU: False
[2025-10-19 16:59:40]   Output Head:
[2025-10-19 16:59:40]     FC Layers: 2, FC Hidden: 128, Activation: gelu
[2025-10-19 16:59:40]     FC Dropout: 0.0, Batch Norm: True
[2025-10-19 16:59:40]   Training:
[2025-10-19 16:59:40]     Batch Size: 256, LR: 0.0001, Weight Decay: 0.001
[2025-10-19 16:59:40]     Optimizer: adamw, Grad Clip: 1.0, LR Patience: 10
[2025-10-19 16:59:40] 
  Stage 1: Running 3-Fold CV on 10% sampled data...
[2025-10-19 16:59:40]   K-Fold CV: 3 folds on 51 sequences
[2025-10-19 16:59:47]     Epoch  1/20: Val R²=0.2335 Train R²=0.1106 Gap=-0.1229 ✓
[2025-10-19 16:59:53]     Epoch  2/20: Val R²=0.2426 Train R²=0.2013 Gap=-0.0414 ✓
[2025-10-19 16:59:58]     Epoch  3/20: Val R²=0.2464 Train R²=0.2096 Gap=-0.0368 ✓
[2025-10-19 17:00:03]     Epoch  4/20: Val R²=0.2496 Train R²=0.2158 Gap=-0.0338 ✓
[2025-10-19 17:00:08]     Epoch  5/20: Val R²=0.2529 Train R²=0.2205 Gap=-0.0324 ✓
[2025-10-19 17:00:12]     Epoch  6/20: Val R²=0.2581 Train R²=0.2246 Gap=-0.0335 ✓
[2025-10-19 17:00:17]     Epoch  7/20: Val R²=0.2619 Train R²=0.2292 Gap=-0.0327 ✓
[2025-10-19 17:00:22]     Epoch  8/20: Val R²=0.2669 Train R²=0.2381 Gap=-0.0288 ✓
[2025-10-19 17:00:27]     Epoch  9/20: Val R²=0.2709 Train R²=0.2579 Gap=-0.0130 ✓
[2025-10-19 17:00:32]     Epoch 10/20: Val R²=0.2752 Train R²=0.2819 Gap=0.0068 ✓
[2025-10-19 17:00:37]     Epoch 11/20: Val R²=0.2800 Train R²=0.2939 Gap=0.0139 ✓
[2025-10-19 17:00:42]     Epoch 12/20: Val R²=0.2814 Train R²=0.2999 Gap=0.0185 ✓
[2025-10-19 17:00:47]     Epoch 13/20: Val R²=0.2834 Train R²=0.3039 Gap=0.0204 ✓
[2025-10-19 17:00:52]     Epoch 14/20: Val R²=0.2888 Train R²=0.3075 Gap=0.0187 ✓
[2025-10-19 17:00:57]     Epoch 15/20: Val R²=0.2846 Train R²=0.3091 Gap=0.0245  
[2025-10-19 17:01:01]     Epoch 16/20: Val R²=0.2873 Train R²=0.3106 Gap=0.0233  
[2025-10-19 17:01:06]     Epoch 17/20: Val R²=0.2871 Train R²=0.3121 Gap=0.0250  
[2025-10-19 17:01:10]     Epoch 18/20: Val R²=0.2943 Train R²=0.3151 Gap=0.0208 ✓
[2025-10-19 17:01:15]     Epoch 19/20: Val R²=0.2915 Train R²=0.3147 Gap=0.0233  
[2025-10-19 17:01:19]     Epoch 20/20: Val R²=0.2947 Train R²=0.3173 Gap=0.0227 ✓
[2025-10-19 17:01:19]     Fold 1/3: Val R²=0.2947 Train R²=0.3173 (98.7s)
[2025-10-19 17:01:24]     Epoch  1/20: Val R²=0.1177 Train R²=0.1542 Gap=0.0365 ✓
[2025-10-19 17:01:29]     Epoch  2/20: Val R²=0.1326 Train R²=0.2541 Gap=0.1214 ✓
[2025-10-19 17:01:33]     Epoch  3/20: Val R²=0.1421 Train R²=0.2681 Gap=0.1260 ✓
[2025-10-19 17:01:38]     Epoch  4/20: Val R²=0.1471 Train R²=0.2760 Gap=0.1289 ✓
[2025-10-19 17:01:43]     Epoch  5/20: Val R²=0.1442 Train R²=0.2815 Gap=0.1373  
[2025-10-19 17:01:48]     Epoch  6/20: Val R²=0.1462 Train R²=0.2903 Gap=0.1441  
[2025-10-19 17:01:53]     Epoch  7/20: Val R²=0.1514 Train R²=0.2959 Gap=0.1445 ✓
[2025-10-19 17:01:58]     Epoch  8/20: Val R²=0.1606 Train R²=0.3020 Gap=0.1413 ✓
[2025-10-19 17:02:03]     Epoch  9/20: Val R²=0.1664 Train R²=0.3080 Gap=0.1416 ✓
[2025-10-19 17:02:07]     Epoch 10/20: Val R²=0.1757 Train R²=0.3149 Gap=0.1392 ✓
[2025-10-19 17:02:12]     Epoch 11/20: Val R²=0.1858 Train R²=0.3200 Gap=0.1342 ✓
[2025-10-19 17:02:17]     Epoch 12/20: Val R²=0.1963 Train R²=0.3252 Gap=0.1290 ✓
[2025-10-19 17:02:22]     Epoch 13/20: Val R²=0.2080 Train R²=0.3299 Gap=0.1218 ✓
[2025-10-19 17:02:26]     Epoch 14/20: Val R²=0.2166 Train R²=0.3346 Gap=0.1181 ✓
[2025-10-19 17:02:31]     Epoch 15/20: Val R²=0.2211 Train R²=0.3373 Gap=0.1162 ✓
[2025-10-19 17:02:36]     Epoch 16/20: Val R²=0.2258 Train R²=0.3412 Gap=0.1155 ✓
[2025-10-19 17:02:41]     Epoch 17/20: Val R²=0.2296 Train R²=0.3415 Gap=0.1119 ✓
[2025-10-19 17:02:46]     Epoch 18/20: Val R²=0.2320 Train R²=0.3432 Gap=0.1112 ✓
[2025-10-19 17:02:51]     Epoch 19/20: Val R²=0.2323 Train R²=0.3445 Gap=0.1123 ✓
[2025-10-19 17:02:56]     Epoch 20/20: Val R²=0.2344 Train R²=0.3468 Gap=0.1124 ✓
[2025-10-19 17:02:56]     Fold 2/3: Val R²=0.2344 Train R²=0.3468 (97.3s)
[2025-10-19 17:03:01]     Epoch  1/20: Val R²=0.2143 Train R²=0.1313 Gap=-0.0831 ✓
[2025-10-19 17:03:06]     Epoch  2/20: Val R²=0.2164 Train R²=0.2290 Gap=0.0127 ✓
[2025-10-19 17:03:11]     Epoch  3/20: Val R²=0.2301 Train R²=0.2372 Gap=0.0071 ✓
[2025-10-19 17:03:16]     Epoch  4/20: Val R²=0.2325 Train R²=0.2416 Gap=0.0091 ✓
[2025-10-19 17:03:20]     Epoch  5/20: Val R²=0.2401 Train R²=0.2464 Gap=0.0062 ✓
[2025-10-19 17:03:25]     Epoch  6/20: Val R²=0.2420 Train R²=0.2506 Gap=0.0086 ✓
[2025-10-19 17:03:30]     Epoch  7/20: Val R²=0.2477 Train R²=0.2564 Gap=0.0087 ✓
[2025-10-19 17:03:35]     Epoch  8/20: Val R²=0.2489 Train R²=0.2659 Gap=0.0170 ✓
[2025-10-19 17:03:40]     Epoch  9/20: Val R²=0.2536 Train R²=0.2822 Gap=0.0287 ✓
[2025-10-19 17:03:45]     Epoch 10/20: Val R²=0.2659 Train R²=0.3014 Gap=0.0355 ✓
[2025-10-19 17:03:50]     Epoch 11/20: Val R²=0.2710 Train R²=0.3122 Gap=0.0412 ✓
[2025-10-19 17:03:55]     Epoch 12/20: Val R²=0.2723 Train R²=0.3178 Gap=0.0455 ✓
[2025-10-19 17:04:00]     Epoch 13/20: Val R²=0.2724 Train R²=0.3219 Gap=0.0496 ✓
[2025-10-19 17:04:05]     Epoch 14/20: Val R²=0.2723 Train R²=0.3241 Gap=0.0518  
[2025-10-19 17:04:09]     Epoch 15/20: Val R²=0.2749 Train R²=0.3279 Gap=0.0530 ✓
[2025-10-19 17:04:14]     Epoch 16/20: Val R²=0.2794 Train R²=0.3304 Gap=0.0510 ✓
[2025-10-19 17:04:19]     Epoch 17/20: Val R²=0.2771 Train R²=0.3329 Gap=0.0557  
[2025-10-19 17:04:24]     Epoch 18/20: Val R²=0.2745 Train R²=0.3327 Gap=0.0582  
[2025-10-19 17:04:29]     Epoch 19/20: Val R²=0.2840 Train R²=0.3346 Gap=0.0505 ✓
[2025-10-19 17:04:33]     Epoch 20/20: Val R²=0.2839 Train R²=0.3370 Gap=0.0531  
[2025-10-19 17:04:33]     Fold 3/3: Val R²=0.2840 Train R²=0.3346 (96.6s)
[2025-10-19 17:04:33]   K-Fold Results: mean=0.271055 ± 0.026248 (min=0.234447, max=0.294684)
[2025-10-19 17:04:33] 
======================================================================
[2025-10-19 17:04:33] Config 32/100 - K-Fold Complete:
[2025-10-19 17:04:33]   Mean Val R²: 0.271055 ± 0.026248
[2025-10-19 17:04:33]   Range: [0.234447, 0.294684]
[2025-10-19 17:04:33]   Best Global Mean R²: 0.340000
[2025-10-19 17:04:33]   Parameters: 290,208
[2025-10-19 17:04:33]   K-Fold mean R² not better than global best (0.340000)
[2025-10-19 17:04:33]   Skipping.
[2025-10-19 17:04:33]   Results saved to models/bruteforce_kfold_results_20251019_005926.csv
[2025-10-19 17:04:33] 
======================================================================
[2025-10-19 17:04:33] Config 33/100 - Starting Training:
[2025-10-19 17:04:33]   Architecture:
[2025-10-19 17:04:33]     Lookback: 30, Hidden: 256, Layers: 2, Dropout: 0.4
[2025-10-19 17:04:33]     Bidirectional: False, GRU: True
[2025-10-19 17:04:33]   Output Head:
[2025-10-19 17:04:33]     FC Layers: 2, FC Hidden: 128, Activation: relu
[2025-10-19 17:04:33]     FC Dropout: 0.4, Batch Norm: True
[2025-10-19 17:04:33]   Training:
[2025-10-19 17:04:33]     Batch Size: 256, LR: 0.0005, Weight Decay: 0.01
[2025-10-19 17:04:33]     Optimizer: adam, Grad Clip: 0.5, LR Patience: 10
[2025-10-19 17:04:33] 
  Stage 1: Running 3-Fold CV on 10% sampled data...
[2025-10-19 17:04:33]   K-Fold CV: 3 folds on 51 sequences
[2025-10-19 17:04:47]     Epoch  1/20: Val R²=0.3075 Train R²=0.1645 Gap=-0.1430 ✓
[2025-10-19 17:04:59]     Epoch  2/20: Val R²=0.3215 Train R²=0.2491 Gap=-0.0724 ✓
[2025-10-19 17:05:11]     Epoch  3/20: Val R²=0.3268 Train R²=0.2686 Gap=-0.0583 ✓
[2025-10-19 17:05:23]     Epoch  4/20: Val R²=0.3258 Train R²=0.2757 Gap=-0.0501  
[2025-10-19 17:05:35]     Epoch  5/20: Val R²=0.3249 Train R²=0.2785 Gap=-0.0463  
[2025-10-19 17:05:44]     Epoch  6/20: Val R²=0.3290 Train R²=0.2801 Gap=-0.0489 ✓
[2025-10-19 17:05:55]     Epoch  7/20: Val R²=0.3165 Train R²=0.2808 Gap=-0.0357  
[2025-10-19 17:06:06]     Epoch  8/20: Val R²=0.3207 Train R²=0.2815 Gap=-0.0392  
[2025-10-19 17:06:18]     Epoch  9/20: Val R²=0.3251 Train R²=0.2823 Gap=-0.0427  
[2025-10-19 17:06:29]     Epoch 10/20: Val R²=0.3309 Train R²=0.2843 Gap=-0.0466 ✓
[2025-10-19 17:06:41]     Epoch 11/20: Val R²=0.3190 Train R²=0.2831 Gap=-0.0359  
[2025-10-19 17:06:53]     Epoch 12/20: Val R²=0.3235 Train R²=0.2843 Gap=-0.0392  
[2025-10-19 17:07:05]     Epoch 13/20: Val R²=0.3200 Train R²=0.2824 Gap=-0.0376  
[2025-10-19 17:07:16]     Epoch 14/20: Val R²=0.3177 Train R²=0.2831 Gap=-0.0347  
[2025-10-19 17:07:28]     Epoch 15/20: Val R²=0.3206 Train R²=0.2805 Gap=-0.0400  
[2025-10-19 17:07:28]     Early stopped at epoch 15
[2025-10-19 17:07:28]     Fold 1/3: Val R²=0.3309 Train R²=0.2843 (175.4s)
[2025-10-19 17:07:40]     Epoch  1/20: Val R²=0.1788 Train R²=0.2023 Gap=0.0235 ✓
[2025-10-19 17:07:53]     Epoch  2/20: Val R²=0.1948 Train R²=0.2789 Gap=0.0841 ✓
[2025-10-19 17:08:05]     Epoch  3/20: Val R²=0.2042 Train R²=0.2978 Gap=0.0936 ✓
[2025-10-19 17:08:17]     Epoch  4/20: Val R²=0.1961 Train R²=0.3047 Gap=0.1086  
[2025-10-19 17:08:29]     Epoch  5/20: Val R²=0.2027 Train R²=0.3056 Gap=0.1028  
[2025-10-19 17:08:41]     Epoch  6/20: Val R²=0.2022 Train R²=0.3061 Gap=0.1039  
[2025-10-19 17:08:53]     Epoch  7/20: Val R²=0.1934 Train R²=0.3068 Gap=0.1134  
[2025-10-19 17:09:05]     Epoch  8/20: Val R²=0.1965 Train R²=0.3071 Gap=0.1106  
[2025-10-19 17:09:05]     Early stopped at epoch 8
[2025-10-19 17:09:05]     Fold 2/3: Val R²=0.2042 Train R²=0.2978 (96.4s)
[2025-10-19 17:09:17]     Epoch  1/20: Val R²=0.2744 Train R²=0.1851 Gap=-0.0893 ✓
[2025-10-19 17:09:29]     Epoch  2/20: Val R²=0.2951 Train R²=0.2675 Gap=-0.0276 ✓
[2025-10-19 17:09:40]     Epoch  3/20: Val R²=0.2960 Train R²=0.2889 Gap=-0.0071 ✓
[2025-10-19 17:09:52]     Epoch  4/20: Val R²=0.2979 Train R²=0.2975 Gap=-0.0004 ✓
[2025-10-19 17:10:05]     Epoch  5/20: Val R²=0.2944 Train R²=0.2981 Gap=0.0037  
[2025-10-19 17:10:17]     Epoch  6/20: Val R²=0.2934 Train R²=0.2999 Gap=0.0065  
[2025-10-19 17:10:28]     Epoch  7/20: Val R²=0.3010 Train R²=0.3041 Gap=0.0031 ✓
[2025-10-19 17:10:39]     Epoch  8/20: Val R²=0.2988 Train R²=0.3050 Gap=0.0062  
[2025-10-19 17:10:50]     Epoch  9/20: Val R²=0.2996 Train R²=0.3048 Gap=0.0053  
[2025-10-19 17:11:01]     Epoch 10/20: Val R²=0.2985 Train R²=0.3042 Gap=0.0057  
[2025-10-19 17:11:12]     Epoch 11/20: Val R²=0.2989 Train R²=0.3055 Gap=0.0066  
[2025-10-19 17:11:24]     Epoch 12/20: Val R²=0.3000 Train R²=0.3038 Gap=0.0038  
[2025-10-19 17:11:24]     Early stopped at epoch 12
[2025-10-19 17:11:24]     Fold 3/3: Val R²=0.3010 Train R²=0.3041 (139.0s)
[2025-10-19 17:11:24]   K-Fold Results: mean=0.278715 ± 0.054068 (min=0.204234, max=0.330936)
[2025-10-19 17:11:24] 
======================================================================
[2025-10-19 17:11:24] Config 33/100 - K-Fold Complete:
[2025-10-19 17:11:24]   Mean Val R²: 0.278715 ± 0.054068
[2025-10-19 17:11:24]   Range: [0.204234, 0.330936]
[2025-10-19 17:11:24]   Best Global Mean R²: 0.340000
[2025-10-19 17:11:24]   Parameters: 654,752
[2025-10-19 17:11:24]   K-Fold mean R² not better than global best (0.340000)
[2025-10-19 17:11:24]   Skipping.
[2025-10-19 17:11:24]   Results saved to models/bruteforce_kfold_results_20251019_005926.csv
[2025-10-19 17:11:24] 
======================================================================
[2025-10-19 17:11:24] Config 34/100 - Starting Training:
[2025-10-19 17:11:24]   Architecture:
[2025-10-19 17:11:24]     Lookback: 30, Hidden: 192, Layers: 1, Dropout: 0.1
[2025-10-19 17:11:24]     Bidirectional: True, GRU: False
[2025-10-19 17:11:24]   Output Head:
[2025-10-19 17:11:24]     FC Layers: 2, FC Hidden: 64, Activation: relu
[2025-10-19 17:11:24]     FC Dropout: 0.3, Batch Norm: True
[2025-10-19 17:11:24]   Training:
[2025-10-19 17:11:24]     Batch Size: 128, LR: 0.0005, Weight Decay: 0.01
[2025-10-19 17:11:24]     Optimizer: adamw, Grad Clip: 1.0, LR Patience: 10
[2025-10-19 17:11:24] 
  Stage 1: Running 3-Fold CV on 10% sampled data...
[2025-10-19 17:11:24]   K-Fold CV: 3 folds on 51 sequences
[2025-10-19 17:11:32]     Epoch  1/20: Val R²=0.3129 Train R²=0.2171 Gap=-0.0957 ✓
[2025-10-19 17:11:39]     Epoch  2/20: Val R²=0.3266 Train R²=0.2929 Gap=-0.0337 ✓
[2025-10-19 17:11:45]     Epoch  3/20: Val R²=0.3322 Train R²=0.3108 Gap=-0.0214 ✓
[2025-10-19 17:11:52]     Epoch  4/20: Val R²=0.3353 Train R²=0.3228 Gap=-0.0125 ✓
[2025-10-19 17:12:00]     Epoch  5/20: Val R²=0.3353 Train R²=0.3288 Gap=-0.0064 ✓
[2025-10-19 17:12:06]     Epoch  6/20: Val R²=0.3451 Train R²=0.3330 Gap=-0.0121 ✓
[2025-10-19 17:12:13]     Epoch  7/20: Val R²=0.3269 Train R²=0.3383 Gap=0.0114  
[2025-10-19 17:12:20]     Epoch  8/20: Val R²=0.3339 Train R²=0.3411 Gap=0.0072  
[2025-10-19 17:12:26]     Epoch  9/20: Val R²=0.3413 Train R²=0.3451 Gap=0.0037  
[2025-10-19 17:12:33]     Epoch 10/20: Val R²=0.3369 Train R²=0.3462 Gap=0.0093  
[2025-10-19 17:12:40]     Epoch 11/20: Val R²=0.3298 Train R²=0.3507 Gap=0.0209  
[2025-10-19 17:12:40]     Early stopped at epoch 11
[2025-10-19 17:12:40]     Fold 1/3: Val R²=0.3451 Train R²=0.3330 (76.3s)
[2025-10-19 17:12:48]     Epoch  1/20: Val R²=0.2263 Train R²=0.2392 Gap=0.0128 ✓
[2025-10-19 17:12:56]     Epoch  2/20: Val R²=0.2609 Train R²=0.3096 Gap=0.0486 ✓
[2025-10-19 17:13:02]     Epoch  3/20: Val R²=0.2887 Train R²=0.3313 Gap=0.0427 ✓
[2025-10-19 17:13:09]     Epoch  4/20: Val R²=0.2939 Train R²=0.3420 Gap=0.0481 ✓
[2025-10-19 17:13:16]     Epoch  5/20: Val R²=0.2799 Train R²=0.3500 Gap=0.0701  
[2025-10-19 17:13:23]     Epoch  6/20: Val R²=0.2991 Train R²=0.3528 Gap=0.0537 ✓
[2025-10-19 17:13:30]     Epoch  7/20: Val R²=0.2998 Train R²=0.3572 Gap=0.0573 ✓
[2025-10-19 17:13:37]     Epoch  8/20: Val R²=0.3041 Train R²=0.3581 Gap=0.0541 ✓
[2025-10-19 17:13:44]     Epoch  9/20: Val R²=0.3034 Train R²=0.3614 Gap=0.0580  
[2025-10-19 17:13:51]     Epoch 10/20: Val R²=0.3019 Train R²=0.3652 Gap=0.0634  
[2025-10-19 17:13:58]     Epoch 11/20: Val R²=0.3029 Train R²=0.3673 Gap=0.0644  
[2025-10-19 17:14:05]     Epoch 12/20: Val R²=0.3012 Train R²=0.3709 Gap=0.0698  
[2025-10-19 17:14:12]     Epoch 13/20: Val R²=0.3043 Train R²=0.3723 Gap=0.0680 ✓
[2025-10-19 17:14:19]     Epoch 14/20: Val R²=0.3065 Train R²=0.3740 Gap=0.0674 ✓
[2025-10-19 17:14:26]     Epoch 15/20: Val R²=0.3009 Train R²=0.3767 Gap=0.0759  
[2025-10-19 17:14:33]     Epoch 16/20: Val R²=0.3040 Train R²=0.3782 Gap=0.0741  
[2025-10-19 17:14:39]     Epoch 17/20: Val R²=0.3062 Train R²=0.3812 Gap=0.0750  
[2025-10-19 17:14:46]     Epoch 18/20: Val R²=0.2941 Train R²=0.3858 Gap=0.0917  
[2025-10-19 17:14:54]     Epoch 19/20: Val R²=0.2974 Train R²=0.3894 Gap=0.0920  
[2025-10-19 17:14:54]     Early stopped at epoch 19
[2025-10-19 17:14:54]     Fold 2/3: Val R²=0.3065 Train R²=0.3740 (134.1s)
[2025-10-19 17:15:02]     Epoch  1/20: Val R²=0.3027 Train R²=0.2294 Gap=-0.0733 ✓
[2025-10-19 17:15:08]     Epoch  2/20: Val R²=0.3243 Train R²=0.3075 Gap=-0.0167 ✓
[2025-10-19 17:15:14]     Epoch  3/20: Val R²=0.3209 Train R²=0.3321 Gap=0.0112  
[2025-10-19 17:15:21]     Epoch  4/20: Val R²=0.3207 Train R²=0.3462 Gap=0.0255  
[2025-10-19 17:15:27]     Epoch  5/20: Val R²=0.3272 Train R²=0.3514 Gap=0.0241 ✓
[2025-10-19 17:15:33]     Epoch  6/20: Val R²=0.3317 Train R²=0.3573 Gap=0.0256 ✓
[2025-10-19 17:15:40]     Epoch  7/20: Val R²=0.3290 Train R²=0.3593 Gap=0.0303  
[2025-10-19 17:15:47]     Epoch  8/20: Val R²=0.3262 Train R²=0.3620 Gap=0.0357  
[2025-10-19 17:15:54]     Epoch  9/20: Val R²=0.3266 Train R²=0.3663 Gap=0.0397  
[2025-10-19 17:16:01]     Epoch 10/20: Val R²=0.3217 Train R²=0.3678 Gap=0.0461  
[2025-10-19 17:16:08]     Epoch 11/20: Val R²=0.3260 Train R²=0.3711 Gap=0.0451  
[2025-10-19 17:16:08]     Early stopped at epoch 11
[2025-10-19 17:16:08]     Fold 3/3: Val R²=0.3317 Train R²=0.3573 (74.1s)
[2025-10-19 17:16:08]   K-Fold Results: mean=0.327761 ± 0.015988 (min=0.306522, max=0.345097)
[2025-10-19 17:16:08] 
======================================================================
[2025-10-19 17:16:08] Config 34/100 - K-Fold Complete:
[2025-10-19 17:16:08]   Mean Val R²: 0.327761 ± 0.015988
[2025-10-19 17:16:08]   Range: [0.306522, 0.345097]
[2025-10-19 17:16:08]   Best Global Mean R²: 0.340000
[2025-10-19 17:16:08]   Parameters: 373,984
[2025-10-19 17:16:08]   K-Fold mean R² not better than global best (0.340000)
[2025-10-19 17:16:08]   Skipping.
[2025-10-19 17:16:08]   Results saved to models/bruteforce_kfold_results_20251019_005926.csv
[2025-10-19 17:16:08] 
======================================================================
[2025-10-19 17:16:08] Config 35/100 - Starting Training:
[2025-10-19 17:16:08]   Architecture:
[2025-10-19 17:16:08]     Lookback: 15, Hidden: 128, Layers: 3, Dropout: 0.1
[2025-10-19 17:16:08]     Bidirectional: True, GRU: False
[2025-10-19 17:16:08]   Output Head:
[2025-10-19 17:16:08]     FC Layers: 3, FC Hidden: 256, Activation: relu
[2025-10-19 17:16:08]     FC Dropout: 0.3, Batch Norm: False
[2025-10-19 17:16:08]   Training:
[2025-10-19 17:16:08]     Batch Size: 32, LR: 0.0001, Weight Decay: 0
[2025-10-19 17:16:08]     Optimizer: adam, Grad Clip: 0.5, LR Patience: 3
[2025-10-19 17:16:08] 
  Stage 1: Running 3-Fold CV on 10% sampled data...
[2025-10-19 17:16:08]   K-Fold CV: 3 folds on 51 sequences
[2025-10-19 17:16:34]     Epoch  1/20: Val R²=0.2944 Train R²=0.2488 Gap=-0.0456 ✓
[2025-10-19 17:16:59]     Epoch  2/20: Val R²=0.3102 Train R²=0.3151 Gap=0.0049 ✓
[2025-10-19 17:17:22]     Epoch  3/20: Val R²=0.3153 Train R²=0.3296 Gap=0.0143 ✓
[2025-10-19 17:17:47]     Epoch  4/20: Val R²=0.3143 Train R²=0.3389 Gap=0.0246  
[2025-10-19 17:18:12]     Epoch  5/20: Val R²=0.3149 Train R²=0.3464 Gap=0.0315  
[2025-10-19 17:18:36]     Epoch  6/20: Val R²=0.3162 Train R²=0.3516 Gap=0.0354 ✓
[2025-10-19 17:19:01]     Epoch  7/20: Val R²=0.3254 Train R²=0.3591 Gap=0.0337 ✓
[2025-10-19 17:19:25]     Epoch  8/20: Val R²=0.3173 Train R²=0.3627 Gap=0.0454  
[2025-10-19 17:19:49]     Epoch  9/20: Val R²=0.3146 Train R²=0.3668 Gap=0.0522  
[2025-10-19 17:20:14]     Epoch 10/20: Val R²=0.3196 Train R²=0.3730 Gap=0.0533  
[2025-10-19 17:20:38]     Epoch 11/20: Val R²=0.3178 Train R²=0.3778 Gap=0.0600  
[2025-10-19 17:21:04]     Epoch 12/20: Val R²=0.3184 Train R²=0.3919 Gap=0.0734  
[2025-10-19 17:21:04]     Early stopped at epoch 12
[2025-10-19 17:21:04]     Fold 1/3: Val R²=0.3254 Train R²=0.3591 (295.3s)
[2025-10-19 17:21:28]     Epoch  1/20: Val R²=0.2035 Train R²=0.2742 Gap=0.0707 ✓
[2025-10-19 17:21:53]     Epoch  2/20: Val R²=0.2411 Train R²=0.3315 Gap=0.0905 ✓
[2025-10-19 17:22:18]     Epoch  3/20: Val R²=0.2508 Train R²=0.3456 Gap=0.0948 ✓
[2025-10-19 17:22:43]     Epoch  4/20: Val R²=0.2630 Train R²=0.3550 Gap=0.0919 ✓
[2025-10-19 17:23:08]     Epoch  5/20: Val R²=0.2647 Train R²=0.3605 Gap=0.0958 ✓
[2025-10-19 17:23:32]     Epoch  6/20: Val R²=0.2608 Train R²=0.3667 Gap=0.1059  
[2025-10-19 17:23:57]     Epoch  7/20: Val R²=0.2684 Train R²=0.3711 Gap=0.1027 ✓
[2025-10-19 17:24:20]     Epoch  8/20: Val R²=0.2744 Train R²=0.3758 Gap=0.1014 ✓
[2025-10-19 17:24:45]     Epoch  9/20: Val R²=0.2698 Train R²=0.3804 Gap=0.1106  
[2025-10-19 17:25:10]     Epoch 10/20: Val R²=0.2704 Train R²=0.3840 Gap=0.1136  
[2025-10-19 17:25:34]     Epoch 11/20: Val R²=0.2759 Train R²=0.3887 Gap=0.1128 ✓
[2025-10-19 17:25:59]     Epoch 12/20: Val R²=0.2693 Train R²=0.3934 Gap=0.1241  
[2025-10-19 17:26:23]     Epoch 13/20: Val R²=0.2661 Train R²=0.3986 Gap=0.1325  
[2025-10-19 17:26:48]     Epoch 14/20: Val R²=0.2695 Train R²=0.4022 Gap=0.1327  
[2025-10-19 17:27:13]     Epoch 15/20: Val R²=0.2635 Train R²=0.4077 Gap=0.1442  
[2025-10-19 17:27:37]     Epoch 16/20: Val R²=0.2638 Train R²=0.4222 Gap=0.1584  
[2025-10-19 17:27:37]     Early stopped at epoch 16
[2025-10-19 17:27:37]     Fold 2/3: Val R²=0.2759 Train R²=0.3887 (393.2s)
[2025-10-19 17:28:02]     Epoch  1/20: Val R²=0.3042 Train R²=0.2658 Gap=-0.0384 ✓
[2025-10-19 17:28:27]     Epoch  2/20: Val R²=0.3094 Train R²=0.3348 Gap=0.0254 ✓
[2025-10-19 17:28:51]     Epoch  3/20: Val R²=0.3101 Train R²=0.3514 Gap=0.0413 ✓
[2025-10-19 17:29:15]     Epoch  4/20: Val R²=0.3033 Train R²=0.3615 Gap=0.0582  
[2025-10-19 17:29:39]     Epoch  5/20: Val R²=0.3027 Train R²=0.3678 Gap=0.0651  
[2025-10-19 17:30:04]     Epoch  6/20: Val R²=0.3035 Train R²=0.3731 Gap=0.0696  
[2025-10-19 17:30:28]     Epoch  7/20: Val R²=0.3100 Train R²=0.3788 Gap=0.0688  
[2025-10-19 17:30:53]     Epoch  8/20: Val R²=0.3075 Train R²=0.3901 Gap=0.0826  
[2025-10-19 17:30:53]     Early stopped at epoch 8
[2025-10-19 17:30:53]     Fold 3/3: Val R²=0.3101 Train R²=0.3514 (195.8s)
[2025-10-19 17:30:53]   K-Fold Results: mean=0.303827 ± 0.020686 (min=0.275938, max=0.325420)
[2025-10-19 17:30:53] 
======================================================================
[2025-10-19 17:30:53] Config 35/100 - K-Fold Complete:
[2025-10-19 17:30:53]   Mean Val R²: 0.303827 ± 0.020686
[2025-10-19 17:30:53]   Range: [0.275938, 0.325420]
[2025-10-19 17:30:53]   Best Global Mean R²: 0.340000
[2025-10-19 17:30:53]   Parameters: 1,096,224
[2025-10-19 17:30:53]   K-Fold mean R² not better than global best (0.340000)
[2025-10-19 17:30:53]   Skipping.
[2025-10-19 17:30:53]   Results saved to models/bruteforce_kfold_results_20251019_005926.csv
[2025-10-19 17:30:53] 
======================================================================
[2025-10-19 17:30:53] Config 36/100 - Starting Training:
[2025-10-19 17:30:53]   Architecture:
[2025-10-19 17:30:53]     Lookback: 30, Hidden: 64, Layers: 2, Dropout: 0.2
[2025-10-19 17:30:53]     Bidirectional: True, GRU: False
[2025-10-19 17:30:53]   Output Head:
[2025-10-19 17:30:53]     FC Layers: 3, FC Hidden: 64, Activation: tanh
[2025-10-19 17:30:53]     FC Dropout: 0.3, Batch Norm: True
[2025-10-19 17:30:53]   Training:
[2025-10-19 17:30:53]     Batch Size: 64, LR: 0.005, Weight Decay: 0
[2025-10-19 17:30:53]     Optimizer: adamw, Grad Clip: 0.5, LR Patience: 3
[2025-10-19 17:30:53] 
  Stage 1: Running 3-Fold CV on 10% sampled data...
[2025-10-19 17:30:53]   K-Fold CV: 3 folds on 51 sequences
[2025-10-19 17:31:06]     Epoch  1/20: Val R²=0.2809 Train R²=0.2543 Gap=-0.0266 ✓
[2025-10-19 17:31:17]     Epoch  2/20: Val R²=0.2933 Train R²=0.2942 Gap=0.0009 ✓
[2025-10-19 17:31:28]     Epoch  3/20: Val R²=0.2936 Train R²=0.3031 Gap=0.0095 ✓
[2025-10-19 17:31:39]     Epoch  4/20: Val R²=0.2929 Train R²=0.3101 Gap=0.0172  
[2025-10-19 17:31:50]     Epoch  5/20: Val R²=0.2996 Train R²=0.3141 Gap=0.0144 ✓
[2025-10-19 17:32:02]     Epoch  6/20: Val R²=0.3034 Train R²=0.3133 Gap=0.0099 ✓
[2025-10-19 17:32:14]     Epoch  7/20: Val R²=0.3067 Train R²=0.3152 Gap=0.0085 ✓
[2025-10-19 17:32:25]     Epoch  8/20: Val R²=0.2891 Train R²=0.3195 Gap=0.0304  
[2025-10-19 17:32:36]     Epoch  9/20: Val R²=0.3020 Train R²=0.3206 Gap=0.0186  
[2025-10-19 17:32:48]     Epoch 10/20: Val R²=0.2979 Train R²=0.3230 Gap=0.0251  
[2025-10-19 17:33:00]     Epoch 11/20: Val R²=0.2981 Train R²=0.3239 Gap=0.0257  
[2025-10-19 17:33:11]     Epoch 12/20: Val R²=0.3016 Train R²=0.3349 Gap=0.0333  
[2025-10-19 17:33:11]     Early stopped at epoch 12
[2025-10-19 17:33:11]     Fold 1/3: Val R²=0.3067 Train R²=0.3152 (138.4s)
[2025-10-19 17:33:23]     Epoch  1/20: Val R²=0.2112 Train R²=0.2738 Gap=0.0627 ✓
[2025-10-19 17:33:34]     Epoch  2/20: Val R²=0.2167 Train R²=0.3132 Gap=0.0966 ✓
[2025-10-19 17:33:46]     Epoch  3/20: Val R²=0.2205 Train R²=0.3246 Gap=0.1041 ✓
[2025-10-19 17:33:58]     Epoch  4/20: Val R²=0.2192 Train R²=0.3262 Gap=0.1071  
[2025-10-19 17:34:10]     Epoch  5/20: Val R²=0.2417 Train R²=0.3300 Gap=0.0883 ✓
[2025-10-19 17:34:21]     Epoch  6/20: Val R²=0.2396 Train R²=0.3335 Gap=0.0939  
[2025-10-19 17:34:33]     Epoch  7/20: Val R²=0.2400 Train R²=0.3381 Gap=0.0981  
[2025-10-19 17:34:45]     Epoch  8/20: Val R²=0.2428 Train R²=0.3386 Gap=0.0958 ✓
[2025-10-19 17:34:58]     Epoch  9/20: Val R²=0.2340 Train R²=0.3423 Gap=0.1084  
[2025-10-19 17:35:10]     Epoch 10/20: Val R²=0.2357 Train R²=0.3418 Gap=0.1061  
[2025-10-19 17:35:21]     Epoch 11/20: Val R²=0.2380 Train R²=0.3432 Gap=0.1053  
[2025-10-19 17:35:33]     Epoch 12/20: Val R²=0.2398 Train R²=0.3434 Gap=0.1035  
[2025-10-19 17:35:45]     Epoch 13/20: Val R²=0.2518 Train R²=0.3525 Gap=0.1008 ✓
[2025-10-19 17:35:58]     Epoch 14/20: Val R²=0.2497 Train R²=0.3598 Gap=0.1101  
[2025-10-19 17:36:09]     Epoch 15/20: Val R²=0.2514 Train R²=0.3627 Gap=0.1113  
[2025-10-19 17:36:21]     Epoch 16/20: Val R²=0.2511 Train R²=0.3650 Gap=0.1139  
[2025-10-19 17:36:33]     Epoch 17/20: Val R²=0.2492 Train R²=0.3682 Gap=0.1190  
[2025-10-19 17:36:44]     Epoch 18/20: Val R²=0.2518 Train R²=0.3741 Gap=0.1223 ✓
[2025-10-19 17:36:57]     Epoch 19/20: Val R²=0.2506 Train R²=0.3782 Gap=0.1277  
[2025-10-19 17:37:09]     Epoch 20/20: Val R²=0.2515 Train R²=0.3807 Gap=0.1292  
[2025-10-19 17:37:09]     Fold 2/3: Val R²=0.2518 Train R²=0.3741 (238.2s)
[2025-10-19 17:37:21]     Epoch  1/20: Val R²=0.2692 Train R²=0.2716 Gap=0.0024 ✓
[2025-10-19 17:37:33]     Epoch  2/20: Val R²=0.2717 Train R²=0.3156 Gap=0.0439 ✓
[2025-10-19 17:37:45]     Epoch  3/20: Val R²=0.2864 Train R²=0.3267 Gap=0.0403 ✓
[2025-10-19 17:37:58]     Epoch  4/20: Val R²=0.2849 Train R²=0.3326 Gap=0.0476  
[2025-10-19 17:38:10]     Epoch  5/20: Val R²=0.2871 Train R²=0.3356 Gap=0.0485 ✓
[2025-10-19 17:38:21]     Epoch  6/20: Val R²=0.2811 Train R²=0.3390 Gap=0.0579  
[2025-10-19 17:38:33]     Epoch  7/20: Val R²=0.2750 Train R²=0.3424 Gap=0.0674  
[2025-10-19 17:38:45]     Epoch  8/20: Val R²=0.2939 Train R²=0.3424 Gap=0.0485 ✓
[2025-10-19 17:38:57]     Epoch  9/20: Val R²=0.2813 Train R²=0.3474 Gap=0.0660  
[2025-10-19 17:39:09]     Epoch 10/20: Val R²=0.2842 Train R²=0.3473 Gap=0.0631  
[2025-10-19 17:39:20]     Epoch 11/20: Val R²=0.2860 Train R²=0.3470 Gap=0.0610  
[2025-10-19 17:39:32]     Epoch 12/20: Val R²=0.2658 Train R²=0.3485 Gap=0.0827  
[2025-10-19 17:39:44]     Epoch 13/20: Val R²=0.2854 Train R²=0.3604 Gap=0.0750  
[2025-10-19 17:39:44]     Early stopped at epoch 13
[2025-10-19 17:39:44]     Fold 3/3: Val R²=0.2939 Train R²=0.3424 (154.9s)
[2025-10-19 17:39:44]   K-Fold Results: mean=0.284157 ± 0.023460 (min=0.251817, max=0.306742)
[2025-10-19 17:39:44] 
======================================================================
[2025-10-19 17:39:44] Config 36/100 - K-Fold Complete:
[2025-10-19 17:39:44]   Mean Val R²: 0.284157 ± 0.023460
[2025-10-19 17:39:44]   Range: [0.251817, 0.306742]
[2025-10-19 17:39:44]   Best Global Mean R²: 0.340000
[2025-10-19 17:39:44]   Parameters: 164,256
[2025-10-19 17:39:44]   K-Fold mean R² not better than global best (0.340000)
[2025-10-19 17:39:44]   Skipping.
[2025-10-19 17:39:44]   Results saved to models/bruteforce_kfold_results_20251019_005926.csv
[2025-10-19 17:39:44] 
======================================================================
[2025-10-19 17:39:44] Config 37/100 - Starting Training:
[2025-10-19 17:39:44]   Architecture:
[2025-10-19 17:39:44]     Lookback: 30, Hidden: 32, Layers: 3, Dropout: 0.5
[2025-10-19 17:39:44]     Bidirectional: True, GRU: True
[2025-10-19 17:39:44]   Output Head:
[2025-10-19 17:39:44]     FC Layers: 3, FC Hidden: 64, Activation: relu
[2025-10-19 17:39:44]     FC Dropout: 0.2, Batch Norm: False
[2025-10-19 17:39:44]   Training:
[2025-10-19 17:39:44]     Batch Size: 128, LR: 0.005, Weight Decay: 0
[2025-10-19 17:39:44]     Optimizer: adamw, Grad Clip: None, LR Patience: 10
[2025-10-19 17:39:44] 
  Stage 1: Running 3-Fold CV on 10% sampled data...
[2025-10-19 17:39:44]   K-Fold CV: 3 folds on 51 sequences
[2025-10-19 17:40:17]     Epoch  1/20: Val R²=0.2973 Train R²=0.2374 Gap=-0.0599 ✓
[2025-10-19 17:40:48]     Epoch  2/20: Val R²=0.3064 Train R²=0.2911 Gap=-0.0153 ✓
[2025-10-19 17:41:20]     Epoch  3/20: Val R²=0.3110 Train R²=0.2989 Gap=-0.0121 ✓
[2025-10-19 17:41:51]     Epoch  4/20: Val R²=0.2868 Train R²=0.3040 Gap=0.0173  
[2025-10-19 17:42:23]     Epoch  5/20: Val R²=0.2996 Train R²=0.3082 Gap=0.0086  
[2025-10-19 17:42:55]     Epoch  6/20: Val R²=0.3032 Train R²=0.3094 Gap=0.0062  
[2025-10-19 17:43:26]     Epoch  7/20: Val R²=0.2950 Train R²=0.3120 Gap=0.0170  
[2025-10-19 17:43:58]     Epoch  8/20: Val R²=0.2987 Train R²=0.3137 Gap=0.0150  
[2025-10-19 17:43:58]     Early stopped at epoch 8
[2025-10-19 17:43:58]     Fold 1/3: Val R²=0.3110 Train R²=0.2989 (253.4s)
[2025-10-19 17:44:29]     Epoch  1/20: Val R²=0.2101 Train R²=0.2665 Gap=0.0564 ✓
[2025-10-19 17:45:01]     Epoch  2/20: Val R²=0.2208 Train R²=0.3102 Gap=0.0894 ✓
[2025-10-19 17:45:32]     Epoch  3/20: Val R²=0.2224 Train R²=0.3188 Gap=0.0964 ✓
[2025-10-19 17:46:04]     Epoch  4/20: Val R²=0.2356 Train R²=0.3236 Gap=0.0880 ✓
[2025-10-19 17:46:35]     Epoch  5/20: Val R²=0.2255 Train R²=0.3259 Gap=0.1004  
[2025-10-19 17:47:07]     Epoch  6/20: Val R²=0.2292 Train R²=0.3275 Gap=0.0984  
[2025-10-19 17:47:38]     Epoch  7/20: Val R²=0.2423 Train R²=0.3347 Gap=0.0923 ✓
[2025-10-19 17:48:11]     Epoch  8/20: Val R²=0.2443 Train R²=0.3335 Gap=0.0892 ✓
[2025-10-19 17:48:42]     Epoch  9/20: Val R²=0.2432 Train R²=0.3364 Gap=0.0933  
[2025-10-19 17:49:13]     Epoch 10/20: Val R²=0.2408 Train R²=0.3356 Gap=0.0947  
[2025-10-19 17:49:45]     Epoch 11/20: Val R²=0.2362 Train R²=0.3360 Gap=0.0998  
[2025-10-19 17:50:17]     Epoch 12/20: Val R²=0.2244 Train R²=0.3395 Gap=0.1151  
[2025-10-19 17:50:48]     Epoch 13/20: Val R²=0.2248 Train R²=0.3393 Gap=0.1145  
[2025-10-19 17:50:48]     Early stopped at epoch 13
[2025-10-19 17:50:48]     Fold 2/3: Val R²=0.2443 Train R²=0.3335 (410.4s)
[2025-10-19 17:51:20]     Epoch  1/20: Val R²=0.2936 Train R²=0.2530 Gap=-0.0406 ✓
[2025-10-19 17:51:51]     Epoch  2/20: Val R²=0.3032 Train R²=0.3057 Gap=0.0025 ✓
[2025-10-19 17:52:23]     Epoch  3/20: Val R²=0.2971 Train R²=0.3170 Gap=0.0199  
[2025-10-19 17:52:55]     Epoch  4/20: Val R²=0.2915 Train R²=0.3250 Gap=0.0334  
[2025-10-19 17:53:26]     Epoch  5/20: Val R²=0.2941 Train R²=0.3297 Gap=0.0356  
[2025-10-19 17:53:58]     Epoch  6/20: Val R²=0.2956 Train R²=0.3321 Gap=0.0365  
[2025-10-19 17:54:28]     Epoch  7/20: Val R²=0.2905 Train R²=0.3332 Gap=0.0427  
[2025-10-19 17:54:28]     Early stopped at epoch 7
[2025-10-19 17:54:28]     Fold 3/3: Val R²=0.3032 Train R²=0.3057 (220.2s)
[2025-10-19 17:54:28]   K-Fold Results: mean=0.286139 ± 0.029793 (min=0.244250, max=0.311006)
[2025-10-19 17:54:28] 
======================================================================
[2025-10-19 17:54:28] Config 37/100 - K-Fold Complete:
[2025-10-19 17:54:28]   Mean Val R²: 0.286139 ± 0.029793
[2025-10-19 17:54:28]   Range: [0.244250, 0.311006]
[2025-10-19 17:54:28]   Best Global Mean R²: 0.340000
[2025-10-19 17:54:28]   Parameters: 60,704
[2025-10-19 17:54:28]   K-Fold mean R² not better than global best (0.340000)
[2025-10-19 17:54:28]   Skipping.
[2025-10-19 17:54:28]   Results saved to models/bruteforce_kfold_results_20251019_005926.csv
[2025-10-19 17:54:28] 
======================================================================
[2025-10-19 17:54:28] Config 38/100 - Starting Training:
[2025-10-19 17:54:28]   Architecture:
[2025-10-19 17:54:28]     Lookback: 50, Hidden: 96, Layers: 1, Dropout: 0.5
[2025-10-19 17:54:28]     Bidirectional: True, GRU: False
[2025-10-19 17:54:28]   Output Head:
[2025-10-19 17:54:28]     FC Layers: 2, FC Hidden: 128, Activation: relu
[2025-10-19 17:54:28]     FC Dropout: 0.4, Batch Norm: True
[2025-10-19 17:54:28]   Training:
[2025-10-19 17:54:28]     Batch Size: 256, LR: 0.0005, Weight Decay: 0.01
[2025-10-19 17:54:28]     Optimizer: adamw, Grad Clip: 0.5, LR Patience: 10
[2025-10-19 17:54:28] 
  Stage 1: Running 3-Fold CV on 10% sampled data...
[2025-10-19 17:54:28]   K-Fold CV: 3 folds on 51 sequences
[2025-10-19 17:54:35]     Epoch  1/20: Val R²=0.3075 Train R²=0.1787 Gap=-0.1288 ✓
[2025-10-19 17:54:41]     Epoch  2/20: Val R²=0.3172 Train R²=0.2753 Gap=-0.0419 ✓
[2025-10-19 17:54:46]     Epoch  3/20: Val R²=0.3238 Train R²=0.3040 Gap=-0.0198 ✓
[2025-10-19 17:54:51]     Epoch  4/20: Val R²=0.3264 Train R²=0.3184 Gap=-0.0079 ✓
[2025-10-19 17:54:57]     Epoch  5/20: Val R²=0.3305 Train R²=0.3282 Gap=-0.0023 ✓
[2025-10-19 17:55:03]     Epoch  6/20: Val R²=0.3387 Train R²=0.3335 Gap=-0.0052 ✓
[2025-10-19 17:55:08]     Epoch  7/20: Val R²=0.3381 Train R²=0.3368 Gap=-0.0012  
[2025-10-19 17:55:13]     Epoch  8/20: Val R²=0.3377 Train R²=0.3414 Gap=0.0037  
[2025-10-19 17:55:18]     Epoch  9/20: Val R²=0.3373 Train R²=0.3455 Gap=0.0082  
[2025-10-19 17:55:23]     Epoch 10/20: Val R²=0.3403 Train R²=0.3484 Gap=0.0082 ✓
[2025-10-19 17:55:29]     Epoch 11/20: Val R²=0.3375 Train R²=0.3498 Gap=0.0122  
[2025-10-19 17:55:34]     Epoch 12/20: Val R²=0.3401 Train R²=0.3515 Gap=0.0113  
[2025-10-19 17:55:39]     Epoch 13/20: Val R²=0.3423 Train R²=0.3538 Gap=0.0115 ✓
[2025-10-19 17:55:45]     Epoch 14/20: Val R²=0.3432 Train R²=0.3553 Gap=0.0121 ✓
[2025-10-19 17:55:50]     Epoch 15/20: Val R²=0.3434 Train R²=0.3550 Gap=0.0117 ✓
[2025-10-19 17:55:56]     Epoch 16/20: Val R²=0.3430 Train R²=0.3588 Gap=0.0158  
[2025-10-19 17:56:02]     Epoch 17/20: Val R²=0.3385 Train R²=0.3599 Gap=0.0215  
[2025-10-19 17:56:07]     Epoch 18/20: Val R²=0.3416 Train R²=0.3596 Gap=0.0180  
[2025-10-19 17:56:12]     Epoch 19/20: Val R²=0.3374 Train R²=0.3637 Gap=0.0263  
[2025-10-19 17:56:18]     Epoch 20/20: Val R²=0.3336 Train R²=0.3643 Gap=0.0308  
[2025-10-19 17:56:18]     Early stopped at epoch 20
[2025-10-19 17:56:18]     Fold 1/3: Val R²=0.3434 Train R²=0.3550 (109.6s)
[2025-10-19 17:56:23]     Epoch  1/20: Val R²=0.2248 Train R²=0.2003 Gap=-0.0245 ✓
[2025-10-19 17:56:28]     Epoch  2/20: Val R²=0.2410 Train R²=0.2969 Gap=0.0560 ✓
[2025-10-19 17:56:33]     Epoch  3/20: Val R²=0.2534 Train R²=0.3213 Gap=0.0679 ✓
[2025-10-19 17:56:38]     Epoch  4/20: Val R²=0.2710 Train R²=0.3366 Gap=0.0655 ✓
[2025-10-19 17:56:44]     Epoch  5/20: Val R²=0.2853 Train R²=0.3442 Gap=0.0589 ✓
[2025-10-19 17:56:49]     Epoch  6/20: Val R²=0.2923 Train R²=0.3516 Gap=0.0592 ✓
[2025-10-19 17:56:55]     Epoch  7/20: Val R²=0.2965 Train R²=0.3547 Gap=0.0582 ✓
[2025-10-19 17:57:00]     Epoch  8/20: Val R²=0.2982 Train R²=0.3596 Gap=0.0614 ✓
[2025-10-19 17:57:05]     Epoch  9/20: Val R²=0.3009 Train R²=0.3607 Gap=0.0597 ✓
[2025-10-19 17:57:10]     Epoch 10/20: Val R²=0.2959 Train R²=0.3632 Gap=0.0672  
[2025-10-19 17:57:15]     Epoch 11/20: Val R²=0.2963 Train R²=0.3650 Gap=0.0687  
[2025-10-19 17:57:20]     Epoch 12/20: Val R²=0.3028 Train R²=0.3666 Gap=0.0638 ✓
[2025-10-19 17:57:25]     Epoch 13/20: Val R²=0.3088 Train R²=0.3693 Gap=0.0605 ✓
[2025-10-19 17:57:30]     Epoch 14/20: Val R²=0.3050 Train R²=0.3698 Gap=0.0649  
[2025-10-19 17:57:35]     Epoch 15/20: Val R²=0.3063 Train R²=0.3726 Gap=0.0663  
[2025-10-19 17:57:41]     Epoch 16/20: Val R²=0.3127 Train R²=0.3731 Gap=0.0605 ✓
[2025-10-19 17:57:46]     Epoch 17/20: Val R²=0.3148 Train R²=0.3746 Gap=0.0598 ✓
[2025-10-19 17:57:51]     Epoch 18/20: Val R²=0.3078 Train R²=0.3756 Gap=0.0679  
[2025-10-19 17:57:58]     Epoch 19/20: Val R²=0.3134 Train R²=0.3777 Gap=0.0643  
[2025-10-19 17:58:03]     Epoch 20/20: Val R²=0.3133 Train R²=0.3786 Gap=0.0653  
[2025-10-19 17:58:03]     Fold 2/3: Val R²=0.3148 Train R²=0.3746 (105.3s)
[2025-10-19 17:58:08]     Epoch  1/20: Val R²=0.3017 Train R²=0.1960 Gap=-0.1057 ✓
[2025-10-19 17:58:13]     Epoch  2/20: Val R²=0.3144 Train R²=0.2962 Gap=-0.0182 ✓
[2025-10-19 17:58:18]     Epoch  3/20: Val R²=0.3166 Train R²=0.3246 Gap=0.0080 ✓
[2025-10-19 17:58:23]     Epoch  4/20: Val R²=0.3194 Train R²=0.3409 Gap=0.0216 ✓
[2025-10-19 17:58:28]     Epoch  5/20: Val R²=0.3343 Train R²=0.3503 Gap=0.0161 ✓
[2025-10-19 17:58:33]     Epoch  6/20: Val R²=0.3296 Train R²=0.3557 Gap=0.0261  
[2025-10-19 17:58:38]     Epoch  7/20: Val R²=0.3296 Train R²=0.3602 Gap=0.0306  
[2025-10-19 17:58:44]     Epoch  8/20: Val R²=0.3272 Train R²=0.3645 Gap=0.0372  
[2025-10-19 17:58:49]     Epoch  9/20: Val R²=0.3215 Train R²=0.3655 Gap=0.0439  
[2025-10-19 17:58:54]     Epoch 10/20: Val R²=0.3333 Train R²=0.3683 Gap=0.0350  
[2025-10-19 17:58:54]     Early stopped at epoch 10
[2025-10-19 17:58:54]     Fold 3/3: Val R²=0.3343 Train R²=0.3503 (50.9s)
[2025-10-19 17:58:54]   K-Fold Results: mean=0.330787 ± 0.011928 (min=0.314757, max=0.343352)
[2025-10-19 17:58:54] 
======================================================================
[2025-10-19 17:58:54] Config 38/100 - K-Fold Complete:
[2025-10-19 17:58:54]   Mean Val R²: 0.330787 ± 0.011928
[2025-10-19 17:58:54]   Range: [0.314757, 0.343352]
[2025-10-19 17:58:54]   Best Global Mean R²: 0.340000
[2025-10-19 17:58:54]   Parameters: 128,928
[2025-10-19 17:58:54]   K-Fold mean R² not better than global best (0.340000)
[2025-10-19 17:58:54]   Skipping.
[2025-10-19 17:58:54]   Results saved to models/bruteforce_kfold_results_20251019_005926.csv
[2025-10-19 17:58:54] 
======================================================================
[2025-10-19 17:58:54] Config 39/100 - Starting Training:
[2025-10-19 17:58:54]   Architecture:
[2025-10-19 17:58:54]     Lookback: 20, Hidden: 128, Layers: 3, Dropout: 0.3
[2025-10-19 17:58:54]     Bidirectional: False, GRU: False
[2025-10-19 17:58:54]   Output Head:
[2025-10-19 17:58:54]     FC Layers: 2, FC Hidden: 128, Activation: relu
[2025-10-19 17:58:54]     FC Dropout: 0.4, Batch Norm: True
[2025-10-19 17:58:54]   Training:
[2025-10-19 17:58:54]     Batch Size: 128, LR: 0.0001, Weight Decay: 0.01
[2025-10-19 17:58:54]     Optimizer: adam, Grad Clip: 1.0, LR Patience: 10
[2025-10-19 17:58:54] 
  Stage 1: Running 3-Fold CV on 10% sampled data...
[2025-10-19 17:58:54]   K-Fold CV: 3 folds on 51 sequences
[2025-10-19 17:59:00]     Epoch  1/20: Val R²=0.2724 Train R²=0.0519 Gap=-0.2204 ✓
[2025-10-19 17:59:06]     Epoch  2/20: Val R²=0.2885 Train R²=0.1472 Gap=-0.1413 ✓
[2025-10-19 17:59:12]     Epoch  3/20: Val R²=0.2907 Train R²=0.1791 Gap=-0.1116 ✓
[2025-10-19 17:59:17]     Epoch  4/20: Val R²=0.2994 Train R²=0.2010 Gap=-0.0985 ✓
[2025-10-19 17:59:23]     Epoch  5/20: Val R²=0.3041 Train R²=0.2089 Gap=-0.0951 ✓
[2025-10-19 17:59:28]     Epoch  6/20: Val R²=0.3010 Train R²=0.2142 Gap=-0.0868  
[2025-10-19 17:59:34]     Epoch  7/20: Val R²=0.3005 Train R²=0.2142 Gap=-0.0862  
[2025-10-19 17:59:40]     Epoch  8/20: Val R²=0.3041 Train R²=0.2157 Gap=-0.0884 ✓
[2025-10-19 17:59:46]     Epoch  9/20: Val R²=0.3035 Train R²=0.2187 Gap=-0.0849  
[2025-10-19 17:59:51]     Epoch 10/20: Val R²=0.3020 Train R²=0.2178 Gap=-0.0841  
[2025-10-19 17:59:58]     Epoch 11/20: Val R²=0.3019 Train R²=0.2205 Gap=-0.0814  
[2025-10-19 18:00:03]     Epoch 12/20: Val R²=0.3003 Train R²=0.2200 Gap=-0.0803  
[2025-10-19 18:00:09]     Epoch 13/20: Val R²=0.2994 Train R²=0.2205 Gap=-0.0789  
[2025-10-19 18:00:09]     Early stopped at epoch 13
[2025-10-19 18:00:09]     Fold 1/3: Val R²=0.3041 Train R²=0.2157 (74.6s)
[2025-10-19 18:00:15]     Epoch  1/20: Val R²=0.1322 Train R²=0.0925 Gap=-0.0397 ✓
[2025-10-19 18:00:20]     Epoch  2/20: Val R²=0.1445 Train R²=0.1976 Gap=0.0531 ✓
[2025-10-19 18:00:26]     Epoch  3/20: Val R²=0.1514 Train R²=0.2374 Gap=0.0860 ✓
[2025-10-19 18:00:31]     Epoch  4/20: Val R²=0.1556 Train R²=0.2601 Gap=0.1045 ✓
[2025-10-19 18:00:37]     Epoch  5/20: Val R²=0.1554 Train R²=0.2672 Gap=0.1117  
[2025-10-19 18:00:42]     Epoch  6/20: Val R²=0.1569 Train R²=0.2725 Gap=0.1156 ✓
[2025-10-19 18:00:48]     Epoch  7/20: Val R²=0.1615 Train R²=0.2758 Gap=0.1142 ✓
[2025-10-19 18:00:54]     Epoch  8/20: Val R²=0.1624 Train R²=0.2785 Gap=0.1161 ✓
[2025-10-19 18:01:00]     Epoch  9/20: Val R²=0.1654 Train R²=0.2793 Gap=0.1139 ✓
[2025-10-19 18:01:06]     Epoch 10/20: Val R²=0.1638 Train R²=0.2796 Gap=0.1158  
[2025-10-19 18:01:11]     Epoch 11/20: Val R²=0.1650 Train R²=0.2819 Gap=0.1170  
[2025-10-19 18:01:17]     Epoch 12/20: Val R²=0.1607 Train R²=0.2824 Gap=0.1217  
[2025-10-19 18:01:22]     Epoch 13/20: Val R²=0.1605 Train R²=0.2826 Gap=0.1220  
[2025-10-19 18:01:28]     Epoch 14/20: Val R²=0.1629 Train R²=0.2811 Gap=0.1182  
[2025-10-19 18:01:28]     Early stopped at epoch 14
[2025-10-19 18:01:28]     Fold 2/3: Val R²=0.1654 Train R²=0.2793 (79.3s)
[2025-10-19 18:01:34]     Epoch  1/20: Val R²=0.2423 Train R²=0.0720 Gap=-0.1702 ✓
[2025-10-19 18:01:40]     Epoch  2/20: Val R²=0.2541 Train R²=0.1749 Gap=-0.0792 ✓
[2025-10-19 18:01:46]     Epoch  3/20: Val R²=0.2551 Train R²=0.2062 Gap=-0.0489 ✓
[2025-10-19 18:01:52]     Epoch  4/20: Val R²=0.2608 Train R²=0.2265 Gap=-0.0343 ✓
[2025-10-19 18:01:58]     Epoch  5/20: Val R²=0.2619 Train R²=0.2349 Gap=-0.0270 ✓
[2025-10-19 18:02:04]     Epoch  6/20: Val R²=0.2623 Train R²=0.2394 Gap=-0.0230 ✓
[2025-10-19 18:02:09]     Epoch  7/20: Val R²=0.2646 Train R²=0.2416 Gap=-0.0230 ✓
[2025-10-19 18:02:15]     Epoch  8/20: Val R²=0.2628 Train R²=0.2425 Gap=-0.0202  
[2025-10-19 18:02:20]     Epoch  9/20: Val R²=0.2632 Train R²=0.2448 Gap=-0.0183  
[2025-10-19 18:02:26]     Epoch 10/20: Val R²=0.2638 Train R²=0.2456 Gap=-0.0182  
[2025-10-19 18:02:31]     Epoch 11/20: Val R²=0.2630 Train R²=0.2456 Gap=-0.0174  
[2025-10-19 18:02:37]     Epoch 12/20: Val R²=0.2625 Train R²=0.2459 Gap=-0.0165  
[2025-10-19 18:02:37]     Early stopped at epoch 12
[2025-10-19 18:02:37]     Fold 3/3: Val R²=0.2646 Train R²=0.2416 (69.2s)
[2025-10-19 18:02:37]   K-Fold Results: mean=0.244704 ± 0.058346 (min=0.165404, max=0.304105)
[2025-10-19 18:02:37] 
======================================================================
[2025-10-19 18:02:37] Config 39/100 - K-Fold Complete:
[2025-10-19 18:02:37]   Mean Val R²: 0.244704 ± 0.058346
[2025-10-19 18:02:37]   Range: [0.165404, 0.304105]
[2025-10-19 18:02:37]   Best Global Mean R²: 0.340000
[2025-10-19 18:02:37]   Parameters: 368,032
[2025-10-19 18:02:37]   K-Fold mean R² not better than global best (0.340000)
[2025-10-19 18:02:37]   Skipping.
[2025-10-19 18:02:37]   Results saved to models/bruteforce_kfold_results_20251019_005926.csv
[2025-10-19 18:02:37] 
======================================================================
[2025-10-19 18:02:37] Config 40/100 - Starting Training:
[2025-10-19 18:02:37]   Architecture:
[2025-10-19 18:02:37]     Lookback: 10, Hidden: 96, Layers: 3, Dropout: 0.3
[2025-10-19 18:02:37]     Bidirectional: True, GRU: True
[2025-10-19 18:02:37]   Output Head:
[2025-10-19 18:02:37]     FC Layers: 3, FC Hidden: 64, Activation: gelu
[2025-10-19 18:02:37]     FC Dropout: 0.2, Batch Norm: False
[2025-10-19 18:02:37]   Training:
[2025-10-19 18:02:37]     Batch Size: 64, LR: 0.002, Weight Decay: 0.01
[2025-10-19 18:02:37]     Optimizer: adamw, Grad Clip: 0.5, LR Patience: 10
[2025-10-19 18:02:37] 
  Stage 1: Running 3-Fold CV on 10% sampled data...
[2025-10-19 18:02:37]   K-Fold CV: 3 folds on 51 sequences
[2025-10-19 18:03:07]     Epoch  1/20: Val R²=0.2931 Train R²=0.2605 Gap=-0.0326 ✓
[2025-10-19 18:03:34]     Epoch  2/20: Val R²=0.3185 Train R²=0.3065 Gap=-0.0120 ✓
[2025-10-19 18:04:02]     Epoch  3/20: Val R²=0.3143 Train R²=0.3212 Gap=0.0069  
[2025-10-19 18:04:29]     Epoch  4/20: Val R²=0.2946 Train R²=0.3304 Gap=0.0358  
[2025-10-19 18:04:57]     Epoch  5/20: Val R²=0.3140 Train R²=0.3368 Gap=0.0228  
[2025-10-19 18:05:25]     Epoch  6/20: Val R²=0.3074 Train R²=0.3432 Gap=0.0358  
[2025-10-19 18:05:52]     Epoch  7/20: Val R²=0.3065 Train R²=0.3467 Gap=0.0402  
[2025-10-19 18:05:52]     Early stopped at epoch 7
[2025-10-19 18:05:52]     Fold 1/3: Val R²=0.3185 Train R²=0.3065 (194.9s)
[2025-10-19 18:06:21]     Epoch  1/20: Val R²=0.2122 Train R²=0.2820 Gap=0.0699 ✓
[2025-10-19 18:06:48]     Epoch  2/20: Val R²=0.2477 Train R²=0.3254 Gap=0.0777 ✓
[2025-10-19 18:07:17]     Epoch  3/20: Val R²=0.2484 Train R²=0.3404 Gap=0.0921 ✓
[2025-10-19 18:07:44]     Epoch  4/20: Val R²=0.2384 Train R²=0.3472 Gap=0.1089  
[2025-10-19 18:08:13]     Epoch  5/20: Val R²=0.2524 Train R²=0.3533 Gap=0.1009 ✓
[2025-10-19 18:08:41]     Epoch  6/20: Val R²=0.2605 Train R²=0.3586 Gap=0.0981 ✓
[2025-10-19 18:09:09]     Epoch  7/20: Val R²=0.2668 Train R²=0.3636 Gap=0.0968 ✓
[2025-10-19 18:09:37]     Epoch  8/20: Val R²=0.2688 Train R²=0.3674 Gap=0.0986 ✓
[2025-10-19 18:10:06]     Epoch  9/20: Val R²=0.2680 Train R²=0.3745 Gap=0.1065  
[2025-10-19 18:10:33]     Epoch 10/20: Val R²=0.2581 Train R²=0.3797 Gap=0.1215  
[2025-10-19 18:11:01]     Epoch 11/20: Val R²=0.2556 Train R²=0.3826 Gap=0.1269  
[2025-10-19 18:11:29]     Epoch 12/20: Val R²=0.2628 Train R²=0.3868 Gap=0.1240  
[2025-10-19 18:11:57]     Epoch 13/20: Val R²=0.2511 Train R²=0.3936 Gap=0.1425  
[2025-10-19 18:11:57]     Early stopped at epoch 13
[2025-10-19 18:11:57]     Fold 2/3: Val R²=0.2688 Train R²=0.3674 (365.0s)
[2025-10-19 18:12:25]     Epoch  1/20: Val R²=0.2952 Train R²=0.2840 Gap=-0.0112 ✓
[2025-10-19 18:12:53]     Epoch  2/20: Val R²=0.2903 Train R²=0.3287 Gap=0.0384  
[2025-10-19 18:13:21]     Epoch  3/20: Val R²=0.3061 Train R²=0.3444 Gap=0.0384 ✓
[2025-10-19 18:13:49]     Epoch  4/20: Val R²=0.2923 Train R²=0.3515 Gap=0.0592  
[2025-10-19 18:14:17]     Epoch  5/20: Val R²=0.2808 Train R²=0.3579 Gap=0.0771  
[2025-10-19 18:14:45]     Epoch  6/20: Val R²=0.2778 Train R²=0.3621 Gap=0.0843  
[2025-10-19 18:15:13]     Epoch  7/20: Val R²=0.2962 Train R²=0.3684 Gap=0.0721  
[2025-10-19 18:15:40]     Epoch  8/20: Val R²=0.2908 Train R²=0.3734 Gap=0.0825  
[2025-10-19 18:15:40]     Early stopped at epoch 8
[2025-10-19 18:15:40]     Fold 3/3: Val R²=0.3061 Train R²=0.3444 (223.2s)
[2025-10-19 18:15:40]   K-Fold Results: mean=0.297786 ± 0.021099 (min=0.268816, max=0.318461)
[2025-10-19 18:15:40] 
======================================================================
[2025-10-19 18:15:40] Config 40/100 - K-Fold Complete:
[2025-10-19 18:15:40]   Mean Val R²: 0.297786 ± 0.021099
[2025-10-19 18:15:40]   Range: [0.268816, 0.318461]
[2025-10-19 18:15:40]   Best Global Mean R²: 0.340000
[2025-10-19 18:15:40]   Parameters: 427,552
[2025-10-19 18:15:40]   K-Fold mean R² not better than global best (0.340000)
[2025-10-19 18:15:40]   Skipping.
[2025-10-19 18:15:40]   Results saved to models/bruteforce_kfold_results_20251019_005926.csv
[2025-10-19 18:15:40] 
======================================================================
[2025-10-19 18:15:40] Config 41/100 - Starting Training:
[2025-10-19 18:15:40]   Architecture:
[2025-10-19 18:15:40]     Lookback: 20, Hidden: 32, Layers: 1, Dropout: 0.3
[2025-10-19 18:15:40]     Bidirectional: False, GRU: True
[2025-10-19 18:15:40]   Output Head:
[2025-10-19 18:15:40]     FC Layers: 3, FC Hidden: 64, Activation: tanh
[2025-10-19 18:15:40]     FC Dropout: 0.3, Batch Norm: True
[2025-10-19 18:15:40]   Training:
[2025-10-19 18:15:40]     Batch Size: 128, LR: 0.002, Weight Decay: 0.001
[2025-10-19 18:15:40]     Optimizer: adamw, Grad Clip: 1.0, LR Patience: 7
[2025-10-19 18:15:40] 
  Stage 1: Running 3-Fold CV on 10% sampled data...
[2025-10-19 18:15:40]   K-Fold CV: 3 folds on 51 sequences
[2025-10-19 18:15:48]     Epoch  1/20: Val R²=0.2829 Train R²=0.2246 Gap=-0.0583 ✓
[2025-10-19 18:15:55]     Epoch  2/20: Val R²=0.2950 Train R²=0.2874 Gap=-0.0076 ✓
[2025-10-19 18:16:02]     Epoch  3/20: Val R²=0.3039 Train R²=0.3009 Gap=-0.0030 ✓
[2025-10-19 18:16:08]     Epoch  4/20: Val R²=0.3054 Train R²=0.3076 Gap=0.0022 ✓
[2025-10-19 18:16:13]     Epoch  5/20: Val R²=0.3088 Train R²=0.3138 Gap=0.0050 ✓
[2025-10-19 18:16:18]     Epoch  6/20: Val R²=0.3193 Train R²=0.3170 Gap=-0.0023 ✓
[2025-10-19 18:16:23]     Epoch  7/20: Val R²=0.3208 Train R²=0.3214 Gap=0.0006 ✓
[2025-10-19 18:16:28]     Epoch  8/20: Val R²=0.3275 Train R²=0.3249 Gap=-0.0026 ✓
[2025-10-19 18:16:33]     Epoch  9/20: Val R²=0.3224 Train R²=0.3269 Gap=0.0046  
[2025-10-19 18:16:38]     Epoch 10/20: Val R²=0.3270 Train R²=0.3286 Gap=0.0016  
[2025-10-19 18:16:44]     Epoch 11/20: Val R²=0.3202 Train R²=0.3315 Gap=0.0113  
[2025-10-19 18:16:49]     Epoch 12/20: Val R²=0.3344 Train R²=0.3312 Gap=-0.0033 ✓
[2025-10-19 18:16:54]     Epoch 13/20: Val R²=0.3216 Train R²=0.3327 Gap=0.0111  
[2025-10-19 18:17:00]     Epoch 14/20: Val R²=0.3298 Train R²=0.3362 Gap=0.0064  
[2025-10-19 18:17:05]     Epoch 15/20: Val R²=0.3218 Train R²=0.3365 Gap=0.0147  
[2025-10-19 18:17:10]     Epoch 16/20: Val R²=0.3241 Train R²=0.3387 Gap=0.0145  
[2025-10-19 18:17:15]     Epoch 17/20: Val R²=0.3263 Train R²=0.3399 Gap=0.0137  
[2025-10-19 18:17:15]     Early stopped at epoch 17
[2025-10-19 18:17:15]     Fold 1/3: Val R²=0.3344 Train R²=0.3312 (94.0s)
[2025-10-19 18:17:20]     Epoch  1/20: Val R²=0.2053 Train R²=0.2507 Gap=0.0454 ✓
[2025-10-19 18:17:25]     Epoch  2/20: Val R²=0.2207 Train R²=0.3104 Gap=0.0897 ✓
[2025-10-19 18:17:30]     Epoch  3/20: Val R²=0.2198 Train R²=0.3200 Gap=0.1002  
[2025-10-19 18:17:35]     Epoch  4/20: Val R²=0.2389 Train R²=0.3274 Gap=0.0885 ✓
[2025-10-19 18:17:40]     Epoch  5/20: Val R²=0.2412 Train R²=0.3301 Gap=0.0889 ✓
[2025-10-19 18:17:45]     Epoch  6/20: Val R²=0.2538 Train R²=0.3361 Gap=0.0824 ✓
[2025-10-19 18:17:50]     Epoch  7/20: Val R²=0.2535 Train R²=0.3398 Gap=0.0863  
[2025-10-19 18:17:57]     Epoch  8/20: Val R²=0.2576 Train R²=0.3426 Gap=0.0849 ✓
[2025-10-19 18:18:03]     Epoch  9/20: Val R²=0.2628 Train R²=0.3458 Gap=0.0830 ✓
[2025-10-19 18:18:08]     Epoch 10/20: Val R²=0.2633 Train R²=0.3464 Gap=0.0831 ✓
[2025-10-19 18:18:13]     Epoch 11/20: Val R²=0.2667 Train R²=0.3492 Gap=0.0824 ✓
[2025-10-19 18:18:18]     Epoch 12/20: Val R²=0.2608 Train R²=0.3505 Gap=0.0896  
[2025-10-19 18:18:23]     Epoch 13/20: Val R²=0.2660 Train R²=0.3513 Gap=0.0853  
[2025-10-19 18:18:28]     Epoch 14/20: Val R²=0.2640 Train R²=0.3545 Gap=0.0905  
[2025-10-19 18:18:33]     Epoch 15/20: Val R²=0.2570 Train R²=0.3528 Gap=0.0958  
[2025-10-19 18:18:38]     Epoch 16/20: Val R²=0.2657 Train R²=0.3552 Gap=0.0895  
[2025-10-19 18:18:38]     Early stopped at epoch 16
[2025-10-19 18:18:38]     Fold 2/3: Val R²=0.2667 Train R²=0.3492 (83.6s)
[2025-10-19 18:18:44]     Epoch  1/20: Val R²=0.2920 Train R²=0.2386 Gap=-0.0535 ✓
[2025-10-19 18:18:49]     Epoch  2/20: Val R²=0.3016 Train R²=0.2990 Gap=-0.0026 ✓
[2025-10-19 18:18:54]     Epoch  3/20: Val R²=0.3124 Train R²=0.3186 Gap=0.0061 ✓
[2025-10-19 18:18:59]     Epoch  4/20: Val R²=0.3075 Train R²=0.3282 Gap=0.0208  
[2025-10-19 18:19:05]     Epoch  5/20: Val R²=0.3121 Train R²=0.3348 Gap=0.0227  
[2025-10-19 18:19:10]     Epoch  6/20: Val R²=0.3163 Train R²=0.3399 Gap=0.0236 ✓
[2025-10-19 18:19:15]     Epoch  7/20: Val R²=0.3126 Train R²=0.3433 Gap=0.0307  
[2025-10-19 18:19:20]     Epoch  8/20: Val R²=0.3088 Train R²=0.3455 Gap=0.0367  
[2025-10-19 18:19:25]     Epoch  9/20: Val R²=0.3094 Train R²=0.3488 Gap=0.0394  
[2025-10-19 18:19:31]     Epoch 10/20: Val R²=0.3115 Train R²=0.3519 Gap=0.0403  
[2025-10-19 18:19:36]     Epoch 11/20: Val R²=0.3055 Train R²=0.3506 Gap=0.0451  
[2025-10-19 18:19:36]     Early stopped at epoch 11
[2025-10-19 18:19:36]     Fold 3/3: Val R²=0.3163 Train R²=0.3399 (57.7s)
[2025-10-19 18:19:36]   K-Fold Results: mean=0.305811 ± 0.028620 (min=0.266718, max=0.334440)
[2025-10-19 18:19:36] 
======================================================================
[2025-10-19 18:19:36] Config 41/100 - K-Fold Complete:
[2025-10-19 18:19:36]   Mean Val R²: 0.305811 ± 0.028620
[2025-10-19 18:19:36]   Range: [0.266718, 0.334440]
[2025-10-19 18:19:36]   Best Global Mean R²: 0.340000
[2025-10-19 18:19:36]   Parameters: 14,944
[2025-10-19 18:19:36]   K-Fold mean R² not better than global best (0.340000)
[2025-10-19 18:19:36]   Skipping.
[2025-10-19 18:19:36]   Results saved to models/bruteforce_kfold_results_20251019_005926.csv
[2025-10-19 18:19:36] 
======================================================================
[2025-10-19 18:19:36] Config 42/100 - Starting Training:
[2025-10-19 18:19:36]   Architecture:
[2025-10-19 18:19:36]     Lookback: 15, Hidden: 96, Layers: 2, Dropout: 0.1
[2025-10-19 18:19:36]     Bidirectional: False, GRU: True
[2025-10-19 18:19:36]   Output Head:
[2025-10-19 18:19:36]     FC Layers: 1, FC Hidden: 256, Activation: gelu
[2025-10-19 18:19:36]     FC Dropout: 0.2, Batch Norm: False
[2025-10-19 18:19:36]   Training:
[2025-10-19 18:19:36]     Batch Size: 64, LR: 0.002, Weight Decay: 0.001
[2025-10-19 18:19:36]     Optimizer: adam, Grad Clip: 1.0, LR Patience: 5
[2025-10-19 18:19:36] 
  Stage 1: Running 3-Fold CV on 10% sampled data...
[2025-10-19 18:19:36]   K-Fold CV: 3 folds on 51 sequences
[2025-10-19 18:19:49]     Epoch  1/20: Val R²=0.3160 Train R²=0.2845 Gap=-0.0315 ✓
[2025-10-19 18:20:02]     Epoch  2/20: Val R²=0.3208 Train R²=0.3154 Gap=-0.0054 ✓
[2025-10-19 18:20:15]     Epoch  3/20: Val R²=0.3188 Train R²=0.3196 Gap=0.0008  
[2025-10-19 18:20:27]     Epoch  4/20: Val R²=0.3186 Train R²=0.3212 Gap=0.0026  
[2025-10-19 18:20:40]     Epoch  5/20: Val R²=0.3123 Train R²=0.3231 Gap=0.0108  
[2025-10-19 18:20:53]     Epoch  6/20: Val R²=0.3149 Train R²=0.3266 Gap=0.0117  
[2025-10-19 18:21:06]     Epoch  7/20: Val R²=0.3262 Train R²=0.3261 Gap=-0.0002 ✓
[2025-10-19 18:21:19]     Epoch  8/20: Val R²=0.3233 Train R²=0.3271 Gap=0.0038  
[2025-10-19 18:21:31]     Epoch  9/20: Val R²=0.3212 Train R²=0.3276 Gap=0.0065  
[2025-10-19 18:21:44]     Epoch 10/20: Val R²=0.3233 Train R²=0.3293 Gap=0.0060  
[2025-10-19 18:21:58]     Epoch 11/20: Val R²=0.3164 Train R²=0.3291 Gap=0.0128  
[2025-10-19 18:22:10]     Epoch 12/20: Val R²=0.3190 Train R²=0.3294 Gap=0.0104  
[2025-10-19 18:22:10]     Early stopped at epoch 12
[2025-10-19 18:22:10]     Fold 1/3: Val R²=0.3262 Train R²=0.3261 (154.5s)
[2025-10-19 18:22:23]     Epoch  1/20: Val R²=0.2112 Train R²=0.3128 Gap=0.1016 ✓
[2025-10-19 18:22:36]     Epoch  2/20: Val R²=0.2312 Train R²=0.3305 Gap=0.0993 ✓
[2025-10-19 18:22:49]     Epoch  3/20: Val R²=0.2335 Train R²=0.3346 Gap=0.1011 ✓
[2025-10-19 18:23:02]     Epoch  4/20: Val R²=0.2429 Train R²=0.3377 Gap=0.0948 ✓
[2025-10-19 18:23:15]     Epoch  5/20: Val R²=0.2437 Train R²=0.3385 Gap=0.0948 ✓
[2025-10-19 18:23:27]     Epoch  6/20: Val R²=0.2418 Train R²=0.3388 Gap=0.0971  
[2025-10-19 18:23:40]     Epoch  7/20: Val R²=0.2388 Train R²=0.3401 Gap=0.1014  
[2025-10-19 18:23:53]     Epoch  8/20: Val R²=0.2398 Train R²=0.3412 Gap=0.1015  
[2025-10-19 18:24:06]     Epoch  9/20: Val R²=0.2499 Train R²=0.3418 Gap=0.0919 ✓
[2025-10-19 18:24:18]     Epoch 10/20: Val R²=0.2498 Train R²=0.3424 Gap=0.0926  
[2025-10-19 18:24:32]     Epoch 11/20: Val R²=0.2441 Train R²=0.3437 Gap=0.0996  
[2025-10-19 18:24:44]     Epoch 12/20: Val R²=0.2459 Train R²=0.3426 Gap=0.0967  
[2025-10-19 18:24:58]     Epoch 13/20: Val R²=0.2466 Train R²=0.3438 Gap=0.0972  
[2025-10-19 18:25:11]     Epoch 14/20: Val R²=0.2424 Train R²=0.3440 Gap=0.1016  
[2025-10-19 18:25:11]     Early stopped at epoch 14
[2025-10-19 18:25:11]     Fold 2/3: Val R²=0.2499 Train R²=0.3418 (180.6s)
[2025-10-19 18:25:24]     Epoch  1/20: Val R²=0.2982 Train R²=0.3022 Gap=0.0040 ✓
[2025-10-19 18:25:36]     Epoch  2/20: Val R²=0.3041 Train R²=0.3328 Gap=0.0288 ✓
[2025-10-19 18:25:50]     Epoch  3/20: Val R²=0.3110 Train R²=0.3380 Gap=0.0270 ✓
[2025-10-19 18:26:03]     Epoch  4/20: Val R²=0.3067 Train R²=0.3414 Gap=0.0348  
[2025-10-19 18:26:15]     Epoch  5/20: Val R²=0.3121 Train R²=0.3425 Gap=0.0304 ✓
[2025-10-19 18:26:28]     Epoch  6/20: Val R²=0.3084 Train R²=0.3453 Gap=0.0369  
[2025-10-19 18:26:41]     Epoch  7/20: Val R²=0.3099 Train R²=0.3465 Gap=0.0365  
[2025-10-19 18:26:54]     Epoch  8/20: Val R²=0.3130 Train R²=0.3488 Gap=0.0358 ✓
[2025-10-19 18:27:08]     Epoch  9/20: Val R²=0.3160 Train R²=0.3478 Gap=0.0318 ✓
[2025-10-19 18:27:20]     Epoch 10/20: Val R²=0.3217 Train R²=0.3490 Gap=0.0273 ✓
[2025-10-19 18:27:33]     Epoch 11/20: Val R²=0.3127 Train R²=0.3494 Gap=0.0367  
[2025-10-19 18:27:46]     Epoch 12/20: Val R²=0.3137 Train R²=0.3501 Gap=0.0364  
[2025-10-19 18:28:00]     Epoch 13/20: Val R²=0.3187 Train R²=0.3501 Gap=0.0314  
[2025-10-19 18:28:13]     Epoch 14/20: Val R²=0.3161 Train R²=0.3513 Gap=0.0352  
[2025-10-19 18:28:27]     Epoch 15/20: Val R²=0.3188 Train R²=0.3529 Gap=0.0340  
[2025-10-19 18:28:27]     Early stopped at epoch 15
[2025-10-19 18:28:27]     Fold 3/3: Val R²=0.3217 Train R²=0.3490 (195.7s)
[2025-10-19 18:28:27]   K-Fold Results: mean=0.299283 ± 0.034984 (min=0.249875, max=0.326224)
[2025-10-19 18:28:27] 
======================================================================
[2025-10-19 18:28:27] Config 42/100 - K-Fold Complete:
[2025-10-19 18:28:27]   Mean Val R²: 0.299283 ± 0.034984
[2025-10-19 18:28:27]   Range: [0.249875, 0.326224]
[2025-10-19 18:28:27]   Best Global Mean R²: 0.340000
[2025-10-19 18:28:27]   Parameters: 96,416
[2025-10-19 18:28:27]   K-Fold mean R² not better than global best (0.340000)
[2025-10-19 18:28:27]   Skipping.
[2025-10-19 18:28:27]   Results saved to models/bruteforce_kfold_results_20251019_005926.csv
[2025-10-19 18:28:27] 
======================================================================
[2025-10-19 18:28:27] Config 43/100 - Starting Training:
[2025-10-19 18:28:27]   Architecture:
[2025-10-19 18:28:27]     Lookback: 15, Hidden: 64, Layers: 3, Dropout: 0.2
[2025-10-19 18:28:27]     Bidirectional: True, GRU: False
[2025-10-19 18:28:27]   Output Head:
[2025-10-19 18:28:27]     FC Layers: 3, FC Hidden: 256, Activation: relu
[2025-10-19 18:28:27]     FC Dropout: 0.3, Batch Norm: False
[2025-10-19 18:28:27]   Training:
[2025-10-19 18:28:27]     Batch Size: 32, LR: 0.005, Weight Decay: 0.001
[2025-10-19 18:28:27]     Optimizer: adamw, Grad Clip: 0.5, LR Patience: 3
[2025-10-19 18:28:27] 
  Stage 1: Running 3-Fold CV on 10% sampled data...
[2025-10-19 18:28:27]   K-Fold CV: 3 folds on 51 sequences
[2025-10-19 18:28:46]     Epoch  1/20: Val R²=0.2331 Train R²=0.2202 Gap=-0.0129 ✓
[2025-10-19 18:29:06]     Epoch  2/20: Val R²=0.2571 Train R²=0.2445 Gap=-0.0126 ✓
[2025-10-19 18:29:24]     Epoch  3/20: Val R²=0.2224 Train R²=0.2423 Gap=0.0199  
[2025-10-19 18:29:43]     Epoch  4/20: Val R²=0.2233 Train R²=0.2448 Gap=0.0215  
[2025-10-19 18:30:02]     Epoch  5/20: Val R²=0.2195 Train R²=0.2438 Gap=0.0243  
[2025-10-19 18:30:21]     Epoch  6/20: Val R²=0.2357 Train R²=0.2495 Gap=0.0138  
[2025-10-19 18:30:39]     Epoch  7/20: Val R²=0.2435 Train R²=0.2684 Gap=0.0250  
[2025-10-19 18:30:39]     Early stopped at epoch 7
[2025-10-19 18:30:39]     Fold 1/3: Val R²=0.2571 Train R²=0.2445 (132.6s)
[2025-10-19 18:30:59]     Epoch  1/20: Val R²=0.1392 Train R²=0.2431 Gap=0.1039 ✓
[2025-10-19 18:31:17]     Epoch  2/20: Val R²=0.1589 Train R²=0.2697 Gap=0.1108 ✓
[2025-10-19 18:31:35]     Epoch  3/20: Val R²=0.1330 Train R²=0.2689 Gap=0.1360  
[2025-10-19 18:31:55]     Epoch  4/20: Val R²=0.1472 Train R²=0.2664 Gap=0.1192  
[2025-10-19 18:32:14]     Epoch  5/20: Val R²=0.1457 Train R²=0.2704 Gap=0.1248  
[2025-10-19 18:32:32]     Epoch  6/20: Val R²=0.1433 Train R²=0.2767 Gap=0.1333  
[2025-10-19 18:32:51]     Epoch  7/20: Val R²=0.1777 Train R²=0.2926 Gap=0.1149 ✓
[2025-10-19 18:33:10]     Epoch  8/20: Val R²=0.1875 Train R²=0.3020 Gap=0.1144 ✓
[2025-10-19 18:33:29]     Epoch  9/20: Val R²=0.1794 Train R²=0.3053 Gap=0.1259  
[2025-10-19 18:33:48]     Epoch 10/20: Val R²=0.1851 Train R²=0.3094 Gap=0.1243  
[2025-10-19 18:34:07]     Epoch 11/20: Val R²=0.1871 Train R²=0.3104 Gap=0.1232  
[2025-10-19 18:34:26]     Epoch 12/20: Val R²=0.1924 Train R²=0.3128 Gap=0.1204 ✓
[2025-10-19 18:34:45]     Epoch 13/20: Val R²=0.1902 Train R²=0.3108 Gap=0.1206  
[2025-10-19 18:35:05]     Epoch 14/20: Val R²=0.1847 Train R²=0.3131 Gap=0.1284  
[2025-10-19 18:35:23]     Epoch 15/20: Val R²=0.1903 Train R²=0.3147 Gap=0.1244  
[2025-10-19 18:35:42]     Epoch 16/20: Val R²=0.1915 Train R²=0.3178 Gap=0.1263  
[2025-10-19 18:36:01]     Epoch 17/20: Val R²=0.2004 Train R²=0.3251 Gap=0.1246 ✓
[2025-10-19 18:36:20]     Epoch 18/20: Val R²=0.2012 Train R²=0.3306 Gap=0.1294 ✓
[2025-10-19 18:36:38]     Epoch 19/20: Val R²=0.1996 Train R²=0.3333 Gap=0.1337  
[2025-10-19 18:36:58]     Epoch 20/20: Val R²=0.2012 Train R²=0.3341 Gap=0.1328 ✓
[2025-10-19 18:36:58]     Fold 2/3: Val R²=0.2012 Train R²=0.3341 (378.9s)
[2025-10-19 18:37:17]     Epoch  1/20: Val R²=0.2418 Train R²=0.2442 Gap=0.0024 ✓
[2025-10-19 18:37:35]     Epoch  2/20: Val R²=0.2512 Train R²=0.2707 Gap=0.0195 ✓
[2025-10-19 18:37:55]     Epoch  3/20: Val R²=0.2530 Train R²=0.2744 Gap=0.0214 ✓
[2025-10-19 18:38:14]     Epoch  4/20: Val R²=0.2131 Train R²=0.2746 Gap=0.0615  
[2025-10-19 18:38:32]     Epoch  5/20: Val R²=0.2413 Train R²=0.2799 Gap=0.0386  
[2025-10-19 18:38:51]     Epoch  6/20: Val R²=0.2445 Train R²=0.2825 Gap=0.0380  
[2025-10-19 18:39:10]     Epoch  7/20: Val R²=0.2368 Train R²=0.2894 Gap=0.0526  
[2025-10-19 18:39:29]     Epoch  8/20: Val R²=0.2518 Train R²=0.3048 Gap=0.0530  
[2025-10-19 18:39:29]     Early stopped at epoch 8
[2025-10-19 18:39:29]     Fold 3/3: Val R²=0.2530 Train R²=0.2744 (150.5s)
[2025-10-19 18:39:29]   K-Fold Results: mean=0.237088 ± 0.025403 (min=0.201240, max=0.257056)
[2025-10-19 18:39:29] 
======================================================================
[2025-10-19 18:39:29] Config 43/100 - K-Fold Complete:
[2025-10-19 18:39:29]   Mean Val R²: 0.237088 ± 0.025403
[2025-10-19 18:39:29]   Range: [0.201240, 0.257056]
[2025-10-19 18:39:29]   Best Global Mean R²: 0.340000
[2025-10-19 18:39:29]   Parameters: 355,872
[2025-10-19 18:39:29]   K-Fold mean R² not better than global best (0.340000)
[2025-10-19 18:39:29]   Skipping.
[2025-10-19 18:39:29]   Results saved to models/bruteforce_kfold_results_20251019_005926.csv
[2025-10-19 18:39:29] 
======================================================================
[2025-10-19 18:39:29] Config 44/100 - Starting Training:
[2025-10-19 18:39:29]   Architecture:
[2025-10-19 18:39:29]     Lookback: 5, Hidden: 192, Layers: 3, Dropout: 0.4
[2025-10-19 18:39:29]     Bidirectional: True, GRU: True
[2025-10-19 18:39:29]   Output Head:
[2025-10-19 18:39:29]     FC Layers: 2, FC Hidden: 64, Activation: relu
[2025-10-19 18:39:29]     FC Dropout: 0.3, Batch Norm: True
[2025-10-19 18:39:29]   Training:
[2025-10-19 18:39:29]     Batch Size: 32, LR: 0.0001, Weight Decay: 0.01
[2025-10-19 18:39:29]     Optimizer: adam, Grad Clip: 5.0, LR Patience: 3
[2025-10-19 18:39:29] 
  Stage 1: Running 3-Fold CV on 10% sampled data...
[2025-10-19 18:39:29]   K-Fold CV: 3 folds on 51 sequences
[2025-10-19 18:40:02]     Epoch  1/20: Val R²=0.3006 Train R²=0.1484 Gap=-0.1522 ✓
[2025-10-19 18:40:33]     Epoch  2/20: Val R²=0.3062 Train R²=0.2268 Gap=-0.0794 ✓
[2025-10-19 18:41:05]     Epoch  3/20: Val R²=0.3117 Train R²=0.2480 Gap=-0.0637 ✓
[2025-10-19 18:41:36]     Epoch  4/20: Val R²=0.3054 Train R²=0.2546 Gap=-0.0508  
[2025-10-19 18:42:08]     Epoch  5/20: Val R²=0.3169 Train R²=0.2565 Gap=-0.0603 ✓
[2025-10-19 18:42:41]     Epoch  6/20: Val R²=0.3174 Train R²=0.2584 Gap=-0.0590 ✓
[2025-10-19 18:43:21]     Epoch  7/20: Val R²=0.3161 Train R²=0.2564 Gap=-0.0597  
[2025-10-19 18:43:58]     Epoch  8/20: Val R²=0.3096 Train R²=0.2548 Gap=-0.0548  
[2025-10-19 18:44:36]     Epoch  9/20: Val R²=0.3107 Train R²=0.2557 Gap=-0.0550  
[2025-10-19 18:45:14]     Epoch 10/20: Val R²=0.3116 Train R²=0.2559 Gap=-0.0557  
[2025-10-19 18:45:52]     Epoch 11/20: Val R²=0.3133 Train R²=0.2554 Gap=-0.0579  
[2025-10-19 18:45:52]     Early stopped at epoch 11
[2025-10-19 18:45:52]     Fold 1/3: Val R²=0.3174 Train R²=0.2584 (383.4s)
[2025-10-19 18:46:31]     Epoch  1/20: Val R²=0.1563 Train R²=0.1865 Gap=0.0302 ✓
[2025-10-19 18:47:09]     Epoch  2/20: Val R²=0.1757 Train R²=0.2581 Gap=0.0824 ✓
[2025-10-19 18:47:46]     Epoch  3/20: Val R²=0.1762 Train R²=0.2765 Gap=0.1003 ✓
[2025-10-19 18:48:24]     Epoch  4/20: Val R²=0.1781 Train R²=0.2842 Gap=0.1061 ✓
[2025-10-19 18:49:02]     Epoch  5/20: Val R²=0.1869 Train R²=0.2864 Gap=0.0995 ✓
[2025-10-19 18:49:39]     Epoch  6/20: Val R²=0.1759 Train R²=0.2856 Gap=0.1097  
[2025-10-19 18:50:18]     Epoch  7/20: Val R²=0.1734 Train R²=0.2849 Gap=0.1116  
[2025-10-19 18:50:55]     Epoch  8/20: Val R²=0.1662 Train R²=0.2819 Gap=0.1157  
[2025-10-19 18:51:33]     Epoch  9/20: Val R²=0.1650 Train R²=0.2809 Gap=0.1159  
[2025-10-19 18:52:11]     Epoch 10/20: Val R²=0.1629 Train R²=0.2820 Gap=0.1191  
[2025-10-19 18:52:11]     Early stopped at epoch 10
[2025-10-19 18:52:11]     Fold 2/3: Val R²=0.1869 Train R²=0.2864 (378.6s)
[2025-10-19 18:52:49]     Epoch  1/20: Val R²=0.2721 Train R²=0.1617 Gap=-0.1104 ✓
[2025-10-19 18:53:28]     Epoch  2/20: Val R²=0.2779 Train R²=0.2435 Gap=-0.0343 ✓
[2025-10-19 18:54:06]     Epoch  3/20: Val R²=0.2848 Train R²=0.2664 Gap=-0.0184 ✓
[2025-10-19 18:54:44]     Epoch  4/20: Val R²=0.2835 Train R²=0.2713 Gap=-0.0123  
[2025-10-19 18:55:22]     Epoch  5/20: Val R²=0.2888 Train R²=0.2743 Gap=-0.0145 ✓
[2025-10-19 18:56:01]     Epoch  6/20: Val R²=0.2837 Train R²=0.2753 Gap=-0.0084  
[2025-10-19 18:56:39]     Epoch  7/20: Val R²=0.2820 Train R²=0.2751 Gap=-0.0069  
[2025-10-19 18:57:18]     Epoch  8/20: Val R²=0.2862 Train R²=0.2748 Gap=-0.0113  
[2025-10-19 18:57:55]     Epoch  9/20: Val R²=0.2858 Train R²=0.2726 Gap=-0.0132  
[2025-10-19 18:58:33]     Epoch 10/20: Val R²=0.2886 Train R²=0.2756 Gap=-0.0129  
[2025-10-19 18:58:33]     Early stopped at epoch 10
[2025-10-19 18:58:33]     Fold 3/3: Val R²=0.2888 Train R²=0.2743 (382.8s)
[2025-10-19 18:58:33]   K-Fold Results: mean=0.264362 ± 0.056018 (min=0.186879, max=0.317398)
[2025-10-19 18:58:33] 
======================================================================
[2025-10-19 18:58:33] Config 44/100 - K-Fold Complete:
[2025-10-19 18:58:33]   Mean Val R²: 0.264362 ± 0.056018
[2025-10-19 18:58:33]   Range: [0.186879, 0.317398]
[2025-10-19 18:58:33]   Best Global Mean R²: 0.340000
[2025-10-19 18:58:33]   Parameters: 1,618,912
[2025-10-19 18:58:33]   K-Fold mean R² not better than global best (0.340000)
[2025-10-19 18:58:33]   Skipping.
[2025-10-19 18:58:33]   Results saved to models/bruteforce_kfold_results_20251019_005926.csv
[2025-10-19 18:58:33] 
======================================================================
[2025-10-19 18:58:33] Config 45/100 - Starting Training:
[2025-10-19 18:58:33]   Architecture:
[2025-10-19 18:58:33]     Lookback: 10, Hidden: 64, Layers: 3, Dropout: 0.1
[2025-10-19 18:58:33]     Bidirectional: False, GRU: False
[2025-10-19 18:58:33]   Output Head:
[2025-10-19 18:58:33]     FC Layers: 3, FC Hidden: 128, Activation: gelu
[2025-10-19 18:58:33]     FC Dropout: 0.2, Batch Norm: True
[2025-10-19 18:58:33]   Training:
[2025-10-19 18:58:33]     Batch Size: 256, LR: 0.002, Weight Decay: 0.001
[2025-10-19 18:58:33]     Optimizer: adamw, Grad Clip: 5.0, LR Patience: 3
[2025-10-19 18:58:33] 
  Stage 1: Running 3-Fold CV on 10% sampled data...
[2025-10-19 18:58:33]   K-Fold CV: 3 folds on 51 sequences
[2025-10-19 18:58:37]     Epoch  1/20: Val R²=0.2803 Train R²=0.2477 Gap=-0.0325 ✓
[2025-10-19 18:58:39]     Epoch  2/20: Val R²=0.3003 Train R²=0.3075 Gap=0.0071 ✓
[2025-10-19 18:58:42]     Epoch  3/20: Val R²=0.2872 Train R²=0.3231 Gap=0.0359  
[2025-10-19 18:58:45]     Epoch  4/20: Val R²=0.2950 Train R²=0.3299 Gap=0.0349  
[2025-10-19 18:58:47]     Epoch  5/20: Val R²=0.2925 Train R²=0.3374 Gap=0.0449  
[2025-10-19 18:58:50]     Epoch  6/20: Val R²=0.2996 Train R²=0.3428 Gap=0.0433  
[2025-10-19 18:58:53]     Epoch  7/20: Val R²=0.3026 Train R²=0.3529 Gap=0.0503 ✓
[2025-10-19 18:58:56]     Epoch  8/20: Val R²=0.2989 Train R²=0.3603 Gap=0.0615  
[2025-10-19 18:58:59]     Epoch  9/20: Val R²=0.3004 Train R²=0.3639 Gap=0.0634  
[2025-10-19 18:59:01]     Epoch 10/20: Val R²=0.3077 Train R²=0.3676 Gap=0.0599 ✓
[2025-10-19 18:59:04]     Epoch 11/20: Val R²=0.3067 Train R²=0.3680 Gap=0.0613  
[2025-10-19 18:59:06]     Epoch 12/20: Val R²=0.2978 Train R²=0.3725 Gap=0.0747  
[2025-10-19 18:59:09]     Epoch 13/20: Val R²=0.2924 Train R²=0.3763 Gap=0.0840  
[2025-10-19 18:59:11]     Epoch 14/20: Val R²=0.2999 Train R²=0.3769 Gap=0.0769  
[2025-10-19 18:59:14]     Epoch 15/20: Val R²=0.2957 Train R²=0.3866 Gap=0.0908  
[2025-10-19 18:59:14]     Early stopped at epoch 15
[2025-10-19 18:59:14]     Fold 1/3: Val R²=0.3077 Train R²=0.3676 (40.3s)
[2025-10-19 18:59:16]     Epoch  1/20: Val R²=0.2000 Train R²=0.2652 Gap=0.0652 ✓
[2025-10-19 18:59:19]     Epoch  2/20: Val R²=0.2307 Train R²=0.3274 Gap=0.0968 ✓
[2025-10-19 18:59:21]     Epoch  3/20: Val R²=0.2352 Train R²=0.3404 Gap=0.1051 ✓
[2025-10-19 18:59:24]     Epoch  4/20: Val R²=0.2379 Train R²=0.3503 Gap=0.1123 ✓
[2025-10-19 18:59:26]     Epoch  5/20: Val R²=0.2451 Train R²=0.3552 Gap=0.1100 ✓
[2025-10-19 18:59:29]     Epoch  6/20: Val R²=0.2468 Train R²=0.3604 Gap=0.1136 ✓
[2025-10-19 18:59:31]     Epoch  7/20: Val R²=0.2480 Train R²=0.3633 Gap=0.1153 ✓
[2025-10-19 18:59:34]     Epoch  8/20: Val R²=0.2449 Train R²=0.3670 Gap=0.1221  
[2025-10-19 18:59:36]     Epoch  9/20: Val R²=0.2461 Train R²=0.3697 Gap=0.1235  
[2025-10-19 18:59:39]     Epoch 10/20: Val R²=0.2476 Train R²=0.3719 Gap=0.1243  
[2025-10-19 18:59:42]     Epoch 11/20: Val R²=0.2433 Train R²=0.3765 Gap=0.1332  
[2025-10-19 18:59:44]     Epoch 12/20: Val R²=0.2502 Train R²=0.3854 Gap=0.1352 ✓
[2025-10-19 18:59:47]     Epoch 13/20: Val R²=0.2482 Train R²=0.3918 Gap=0.1436  
[2025-10-19 18:59:49]     Epoch 14/20: Val R²=0.2490 Train R²=0.3955 Gap=0.1465  
[2025-10-19 18:59:52]     Epoch 15/20: Val R²=0.2485 Train R²=0.3993 Gap=0.1508  
[2025-10-19 18:59:55]     Epoch 16/20: Val R²=0.2392 Train R²=0.4008 Gap=0.1616  
[2025-10-19 18:59:58]     Epoch 17/20: Val R²=0.2446 Train R²=0.4100 Gap=0.1654  
[2025-10-19 18:59:58]     Early stopped at epoch 17
[2025-10-19 18:59:58]     Fold 2/3: Val R²=0.2502 Train R²=0.3854 (44.0s)
[2025-10-19 19:00:00]     Epoch  1/20: Val R²=0.2770 Train R²=0.2645 Gap=-0.0125 ✓
[2025-10-19 19:00:03]     Epoch  2/20: Val R²=0.2943 Train R²=0.3297 Gap=0.0354 ✓
[2025-10-19 19:00:06]     Epoch  3/20: Val R²=0.2754 Train R²=0.3461 Gap=0.0707  
[2025-10-19 19:00:08]     Epoch  4/20: Val R²=0.2806 Train R²=0.3561 Gap=0.0755  
[2025-10-19 19:00:11]     Epoch  5/20: Val R²=0.2811 Train R²=0.3624 Gap=0.0814  
[2025-10-19 19:00:14]     Epoch  6/20: Val R²=0.2862 Train R²=0.3656 Gap=0.0794  
[2025-10-19 19:00:17]     Epoch  7/20: Val R²=0.2869 Train R²=0.3796 Gap=0.0927  
[2025-10-19 19:00:17]     Early stopped at epoch 7
[2025-10-19 19:00:17]     Fold 3/3: Val R²=0.2943 Train R²=0.3297 (19.0s)
[2025-10-19 19:00:17]   K-Fold Results: mean=0.284075 ± 0.024572 (min=0.250204, max=0.307734)
[2025-10-19 19:00:17] 
======================================================================
[2025-10-19 19:00:17] Config 45/100 - K-Fold Complete:
[2025-10-19 19:00:17]   Mean Val R²: 0.284075 ± 0.024572
[2025-10-19 19:00:17]   Range: [0.250204, 0.307734]
[2025-10-19 19:00:17]   Best Global Mean R²: 0.340000
[2025-10-19 19:00:17]   Parameters: 121,120
[2025-10-19 19:00:17]   K-Fold mean R² not better than global best (0.340000)
[2025-10-19 19:00:17]   Skipping.
[2025-10-19 19:00:17]   Results saved to models/bruteforce_kfold_results_20251019_005926.csv
[2025-10-19 19:00:17] 
======================================================================
[2025-10-19 19:00:17] Config 46/100 - Starting Training:
[2025-10-19 19:00:17]   Architecture:
[2025-10-19 19:00:17]     Lookback: 30, Hidden: 256, Layers: 1, Dropout: 0.2
[2025-10-19 19:00:17]     Bidirectional: False, GRU: True
[2025-10-19 19:00:17]   Output Head:
[2025-10-19 19:00:17]     FC Layers: 3, FC Hidden: 64, Activation: relu
[2025-10-19 19:00:17]     FC Dropout: 0.2, Batch Norm: False
[2025-10-19 19:00:17]   Training:
[2025-10-19 19:00:17]     Batch Size: 32, LR: 0.0005, Weight Decay: 0
[2025-10-19 19:00:17]     Optimizer: adamw, Grad Clip: 5.0, LR Patience: 10
[2025-10-19 19:00:17] 
  Stage 1: Running 3-Fold CV on 10% sampled data...
[2025-10-19 19:00:17]   K-Fold CV: 3 folds on 51 sequences
[2025-10-19 19:00:50]     Epoch  1/20: Val R²=0.3310 Train R²=0.2565 Gap=-0.0745 ✓
[2025-10-19 19:01:21]     Epoch  2/20: Val R²=0.3374 Train R²=0.3175 Gap=-0.0199 ✓
[2025-10-19 19:01:51]     Epoch  3/20: Val R²=0.3574 Train R²=0.3294 Gap=-0.0280 ✓
[2025-10-19 19:02:24]     Epoch  4/20: Val R²=0.3377 Train R²=0.3381 Gap=0.0004  
[2025-10-19 19:02:56]     Epoch  5/20: Val R²=0.3423 Train R²=0.3428 Gap=0.0004  
[2025-10-19 19:03:28]     Epoch  6/20: Val R²=0.3432 Train R²=0.3509 Gap=0.0077  
[2025-10-19 19:04:01]     Epoch  7/20: Val R²=0.3456 Train R²=0.3569 Gap=0.0113  
[2025-10-19 19:04:33]     Epoch  8/20: Val R²=0.3412 Train R²=0.3623 Gap=0.0211  
[2025-10-19 19:04:33]     Early stopped at epoch 8
[2025-10-19 19:04:33]     Fold 1/3: Val R²=0.3574 Train R²=0.3294 (256.4s)
[2025-10-19 19:05:07]     Epoch  1/20: Val R²=0.2419 Train R²=0.2820 Gap=0.0402 ✓
[2025-10-19 19:05:39]     Epoch  2/20: Val R²=0.2835 Train R²=0.3340 Gap=0.0505 ✓
[2025-10-19 19:06:12]     Epoch  3/20: Val R²=0.2894 Train R²=0.3469 Gap=0.0575 ✓
[2025-10-19 19:06:45]     Epoch  4/20: Val R²=0.3022 Train R²=0.3540 Gap=0.0518 ✓
[2025-10-19 19:07:18]     Epoch  5/20: Val R²=0.2990 Train R²=0.3610 Gap=0.0620  
[2025-10-19 19:07:50]     Epoch  6/20: Val R²=0.3016 Train R²=0.3664 Gap=0.0649  
[2025-10-19 19:08:24]     Epoch  7/20: Val R²=0.2938 Train R²=0.3721 Gap=0.0783  
[2025-10-19 19:08:56]     Epoch  8/20: Val R²=0.2968 Train R²=0.3778 Gap=0.0809  
[2025-10-19 19:09:26]     Epoch  9/20: Val R²=0.2948 Train R²=0.3839 Gap=0.0891  
[2025-10-19 19:09:26]     Early stopped at epoch 9
[2025-10-19 19:09:26]     Fold 2/3: Val R²=0.3022 Train R²=0.3540 (293.2s)
[2025-10-19 19:10:00]     Epoch  1/20: Val R²=0.3216 Train R²=0.2774 Gap=-0.0442 ✓
[2025-10-19 19:10:32]     Epoch  2/20: Val R²=0.3313 Train R²=0.3376 Gap=0.0063 ✓
[2025-10-19 19:11:05]     Epoch  3/20: Val R²=0.3253 Train R²=0.3505 Gap=0.0252  
[2025-10-19 19:11:36]     Epoch  4/20: Val R²=0.3200 Train R²=0.3580 Gap=0.0380  
[2025-10-19 19:12:09]     Epoch  5/20: Val R²=0.3312 Train R²=0.3644 Gap=0.0332  
[2025-10-19 19:12:41]     Epoch  6/20: Val R²=0.3318 Train R²=0.3703 Gap=0.0385 ✓
[2025-10-19 19:13:14]     Epoch  7/20: Val R²=0.3124 Train R²=0.3763 Gap=0.0639  
[2025-10-19 19:13:47]     Epoch  8/20: Val R²=0.3168 Train R²=0.3823 Gap=0.0655  
[2025-10-19 19:14:19]     Epoch  9/20: Val R²=0.3274 Train R²=0.3902 Gap=0.0628  
[2025-10-19 19:14:51]     Epoch 10/20: Val R²=0.3218 Train R²=0.3983 Gap=0.0765  
[2025-10-19 19:15:24]     Epoch 11/20: Val R²=0.3105 Train R²=0.4090 Gap=0.0985  
[2025-10-19 19:15:24]     Early stopped at epoch 11
[2025-10-19 19:15:24]     Fold 3/3: Val R²=0.3318 Train R²=0.3703 (357.8s)
[2025-10-19 19:15:24]   K-Fold Results: mean=0.330459 ± 0.022581 (min=0.302171, max=0.357437)
[2025-10-19 19:15:24] 
======================================================================
[2025-10-19 19:15:24] Config 46/100 - K-Fold Complete:
[2025-10-19 19:15:24]   Mean Val R²: 0.330459 ± 0.022581
[2025-10-19 19:15:24]   Range: [0.302171, 0.357437]
[2025-10-19 19:15:24]   Best Global Mean R²: 0.340000
[2025-10-19 19:15:24]   Parameters: 245,408
[2025-10-19 19:15:24]   K-Fold mean R² not better than global best (0.340000)
[2025-10-19 19:15:24]   Skipping.
[2025-10-19 19:15:24]   Results saved to models/bruteforce_kfold_results_20251019_005926.csv
[2025-10-19 19:15:24] 
======================================================================
[2025-10-19 19:15:24] Config 47/100 - Starting Training:
[2025-10-19 19:15:24]   Architecture:
[2025-10-19 19:15:24]     Lookback: 15, Hidden: 32, Layers: 2, Dropout: 0.3
[2025-10-19 19:15:24]     Bidirectional: True, GRU: True
[2025-10-19 19:15:24]   Output Head:
[2025-10-19 19:15:24]     FC Layers: 1, FC Hidden: 256, Activation: relu
[2025-10-19 19:15:24]     FC Dropout: 0.3, Batch Norm: False
[2025-10-19 19:15:24]   Training:
[2025-10-19 19:15:24]     Batch Size: 256, LR: 0.0001, Weight Decay: 0.0001
[2025-10-19 19:15:24]     Optimizer: adamw, Grad Clip: 0.5, LR Patience: 5
[2025-10-19 19:15:24] 
  Stage 1: Running 3-Fold CV on 10% sampled data...
[2025-10-19 19:15:24]   K-Fold CV: 3 folds on 51 sequences
[2025-10-19 19:15:32]     Epoch  1/20: Val R²=0.1045 Train R²=0.0371 Gap=-0.0673 ✓
[2025-10-19 19:15:39]     Epoch  2/20: Val R²=0.2174 Train R²=0.1365 Gap=-0.0809 ✓
[2025-10-19 19:15:46]     Epoch  3/20: Val R²=0.2700 Train R²=0.2007 Gap=-0.0693 ✓
[2025-10-19 19:15:54]     Epoch  4/20: Val R²=0.2864 Train R²=0.2324 Gap=-0.0540 ✓
[2025-10-19 19:16:01]     Epoch  5/20: Val R²=0.2920 Train R²=0.2527 Gap=-0.0393 ✓
[2025-10-19 19:16:08]     Epoch  6/20: Val R²=0.2967 Train R²=0.2666 Gap=-0.0300 ✓
[2025-10-19 19:16:15]     Epoch  7/20: Val R²=0.2990 Train R²=0.2762 Gap=-0.0228 ✓
[2025-10-19 19:16:22]     Epoch  8/20: Val R²=0.3012 Train R²=0.2833 Gap=-0.0179 ✓
[2025-10-19 19:16:29]     Epoch  9/20: Val R²=0.3036 Train R²=0.2891 Gap=-0.0145 ✓
[2025-10-19 19:16:36]     Epoch 10/20: Val R²=0.3048 Train R²=0.2933 Gap=-0.0115 ✓
[2025-10-19 19:16:43]     Epoch 11/20: Val R²=0.3070 Train R²=0.2967 Gap=-0.0103 ✓
[2025-10-19 19:16:50]     Epoch 12/20: Val R²=0.3085 Train R²=0.3000 Gap=-0.0085 ✓
[2025-10-19 19:16:58]     Epoch 13/20: Val R²=0.3077 Train R²=0.3030 Gap=-0.0047  
[2025-10-19 19:17:05]     Epoch 14/20: Val R²=0.3105 Train R²=0.3052 Gap=-0.0054 ✓
[2025-10-19 19:17:12]     Epoch 15/20: Val R²=0.3116 Train R²=0.3081 Gap=-0.0035 ✓
[2025-10-19 19:17:19]     Epoch 16/20: Val R²=0.3112 Train R²=0.3109 Gap=-0.0003  
[2025-10-19 19:17:26]     Epoch 17/20: Val R²=0.3124 Train R²=0.3120 Gap=-0.0004 ✓
[2025-10-19 19:17:32]     Epoch 18/20: Val R²=0.3145 Train R²=0.3144 Gap=-0.0001 ✓
[2025-10-19 19:17:39]     Epoch 19/20: Val R²=0.3159 Train R²=0.3164 Gap=0.0006 ✓
[2025-10-19 19:17:46]     Epoch 20/20: Val R²=0.3159 Train R²=0.3185 Gap=0.0026 ✓
[2025-10-19 19:17:46]     Fold 1/3: Val R²=0.3159 Train R²=0.3185 (142.2s)
[2025-10-19 19:17:54]     Epoch  1/20: Val R²=0.0511 Train R²=0.0665 Gap=0.0154 ✓
[2025-10-19 19:18:01]     Epoch  2/20: Val R²=0.1055 Train R²=0.2114 Gap=0.1059 ✓
[2025-10-19 19:18:08]     Epoch  3/20: Val R²=0.1282 Train R²=0.2691 Gap=0.1409 ✓
[2025-10-19 19:18:15]     Epoch  4/20: Val R²=0.1401 Train R²=0.2871 Gap=0.1470 ✓
[2025-10-19 19:18:22]     Epoch  5/20: Val R²=0.1497 Train R²=0.2954 Gap=0.1457 ✓
[2025-10-19 19:18:29]     Epoch  6/20: Val R²=0.1585 Train R²=0.3017 Gap=0.1432 ✓
[2025-10-19 19:18:36]     Epoch  7/20: Val R²=0.1669 Train R²=0.3067 Gap=0.1399 ✓
[2025-10-19 19:18:43]     Epoch  8/20: Val R²=0.1747 Train R²=0.3113 Gap=0.1366 ✓
[2025-10-19 19:18:50]     Epoch  9/20: Val R²=0.1826 Train R²=0.3154 Gap=0.1328 ✓
[2025-10-19 19:18:58]     Epoch 10/20: Val R²=0.1907 Train R²=0.3187 Gap=0.1280 ✓
[2025-10-19 19:19:04]     Epoch 11/20: Val R²=0.1970 Train R²=0.3223 Gap=0.1253 ✓
[2025-10-19 19:19:11]     Epoch 12/20: Val R²=0.2030 Train R²=0.3245 Gap=0.1215 ✓
[2025-10-19 19:19:18]     Epoch 13/20: Val R²=0.2084 Train R²=0.3276 Gap=0.1192 ✓
[2025-10-19 19:19:25]     Epoch 14/20: Val R²=0.2136 Train R²=0.3303 Gap=0.1167 ✓
[2025-10-19 19:19:32]     Epoch 15/20: Val R²=0.2174 Train R²=0.3323 Gap=0.1149 ✓
[2025-10-19 19:19:39]     Epoch 16/20: Val R²=0.2206 Train R²=0.3338 Gap=0.1132 ✓
[2025-10-19 19:19:46]     Epoch 17/20: Val R²=0.2236 Train R²=0.3358 Gap=0.1122 ✓
[2025-10-19 19:19:54]     Epoch 18/20: Val R²=0.2256 Train R²=0.3365 Gap=0.1109 ✓
[2025-10-19 19:20:01]     Epoch 19/20: Val R²=0.2275 Train R²=0.3379 Gap=0.1104 ✓
[2025-10-19 19:20:08]     Epoch 20/20: Val R²=0.2299 Train R²=0.3391 Gap=0.1092 ✓
[2025-10-19 19:20:08]     Fold 2/3: Val R²=0.2299 Train R²=0.3391 (141.9s)
[2025-10-19 19:20:15]     Epoch  1/20: Val R²=0.1373 Train R²=0.0483 Gap=-0.0890 ✓
[2025-10-19 19:20:22]     Epoch  2/20: Val R²=0.2384 Train R²=0.1588 Gap=-0.0797 ✓
[2025-10-19 19:20:29]     Epoch  3/20: Val R²=0.2661 Train R²=0.2186 Gap=-0.0475 ✓
[2025-10-19 19:20:36]     Epoch  4/20: Val R²=0.2764 Train R²=0.2482 Gap=-0.0282 ✓
[2025-10-19 19:20:43]     Epoch  5/20: Val R²=0.2815 Train R²=0.2668 Gap=-0.0147 ✓
[2025-10-19 19:20:50]     Epoch  6/20: Val R²=0.2855 Train R²=0.2808 Gap=-0.0046 ✓
[2025-10-19 19:20:58]     Epoch  7/20: Val R²=0.2878 Train R²=0.2916 Gap=0.0037 ✓
[2025-10-19 19:21:05]     Epoch  8/20: Val R²=0.2899 Train R²=0.2990 Gap=0.0091 ✓
[2025-10-19 19:21:12]     Epoch  9/20: Val R²=0.2905 Train R²=0.3048 Gap=0.0143 ✓
[2025-10-19 19:21:19]     Epoch 10/20: Val R²=0.2932 Train R²=0.3089 Gap=0.0157 ✓
[2025-10-19 19:21:26]     Epoch 11/20: Val R²=0.2928 Train R²=0.3126 Gap=0.0199  
[2025-10-19 19:21:33]     Epoch 12/20: Val R²=0.2959 Train R²=0.3164 Gap=0.0205 ✓
[2025-10-19 19:21:40]     Epoch 13/20: Val R²=0.2967 Train R²=0.3192 Gap=0.0225 ✓
[2025-10-19 19:21:47]     Epoch 14/20: Val R²=0.2975 Train R²=0.3212 Gap=0.0238 ✓
[2025-10-19 19:21:55]     Epoch 15/20: Val R²=0.2998 Train R²=0.3246 Gap=0.0248 ✓
[2025-10-19 19:22:02]     Epoch 16/20: Val R²=0.3018 Train R²=0.3272 Gap=0.0255 ✓
[2025-10-19 19:22:09]     Epoch 17/20: Val R²=0.3029 Train R²=0.3284 Gap=0.0255 ✓
[2025-10-19 19:22:15]     Epoch 18/20: Val R²=0.3046 Train R²=0.3311 Gap=0.0264 ✓
[2025-10-19 19:22:22]     Epoch 19/20: Val R²=0.3054 Train R²=0.3329 Gap=0.0276 ✓
[2025-10-19 19:22:29]     Epoch 20/20: Val R²=0.3069 Train R²=0.3348 Gap=0.0279 ✓
[2025-10-19 19:22:29]     Fold 3/3: Val R²=0.3069 Train R²=0.3348 (141.0s)
[2025-10-19 19:22:29]   K-Fold Results: mean=0.284209 ± 0.038588 (min=0.229885, max=0.315865)
[2025-10-19 19:22:29] 
======================================================================
[2025-10-19 19:22:29] Config 47/100 - K-Fold Complete:
[2025-10-19 19:22:29]   Mean Val R²: 0.284209 ± 0.038588
[2025-10-19 19:22:29]   Range: [0.229885, 0.315865]
[2025-10-19 19:22:29]   Best Global Mean R²: 0.340000
[2025-10-19 19:22:29]   Parameters: 33,568
[2025-10-19 19:22:29]   K-Fold mean R² not better than global best (0.340000)
[2025-10-19 19:22:29]   Skipping.
[2025-10-19 19:22:29]   Results saved to models/bruteforce_kfold_results_20251019_005926.csv
[2025-10-19 19:22:29] 
======================================================================
[2025-10-19 19:22:29] Config 48/100 - Starting Training:
[2025-10-19 19:22:29]   Architecture:
[2025-10-19 19:22:29]     Lookback: 5, Hidden: 32, Layers: 2, Dropout: 0.3
[2025-10-19 19:22:29]     Bidirectional: True, GRU: True
[2025-10-19 19:22:29]   Output Head:
[2025-10-19 19:22:29]     FC Layers: 1, FC Hidden: 128, Activation: gelu
[2025-10-19 19:22:29]     FC Dropout: 0.3, Batch Norm: True
[2025-10-19 19:22:29]   Training:
[2025-10-19 19:22:29]     Batch Size: 128, LR: 0.005, Weight Decay: 0.01
[2025-10-19 19:22:29]     Optimizer: adam, Grad Clip: 5.0, LR Patience: 3
[2025-10-19 19:22:29] 
  Stage 1: Running 3-Fold CV on 10% sampled data...
[2025-10-19 19:22:29]   K-Fold CV: 3 folds on 51 sequences
[2025-10-19 19:22:37]     Epoch  1/20: Val R²=0.2867 Train R²=0.2225 Gap=-0.0642 ✓
[2025-10-19 19:22:43]     Epoch  2/20: Val R²=0.2843 Train R²=0.2370 Gap=-0.0474  
[2025-10-19 19:22:50]     Epoch  3/20: Val R²=0.2686 Train R²=0.2428 Gap=-0.0258  
[2025-10-19 19:22:57]     Epoch  4/20: Val R²=0.2715 Train R²=0.2404 Gap=-0.0311  
[2025-10-19 19:23:04]     Epoch  5/20: Val R²=0.2796 Train R²=0.2413 Gap=-0.0383  
[2025-10-19 19:23:10]     Epoch  6/20: Val R²=0.2849 Train R²=0.2474 Gap=-0.0375  
[2025-10-19 19:23:10]     Early stopped at epoch 6
[2025-10-19 19:23:10]     Fold 1/3: Val R²=0.2867 Train R²=0.2225 (40.8s)
[2025-10-19 19:23:16]     Epoch  1/20: Val R²=0.1230 Train R²=0.2700 Gap=0.1471 ✓
[2025-10-19 19:23:23]     Epoch  2/20: Val R²=0.1141 Train R²=0.2773 Gap=0.1632  
[2025-10-19 19:23:30]     Epoch  3/20: Val R²=0.1171 Train R²=0.2772 Gap=0.1601  
[2025-10-19 19:23:36]     Epoch  4/20: Val R²=0.1170 Train R²=0.2763 Gap=0.1593  
[2025-10-19 19:23:43]     Epoch  5/20: Val R²=0.1241 Train R²=0.2757 Gap=0.1516 ✓
[2025-10-19 19:23:50]     Epoch  6/20: Val R²=0.1275 Train R²=0.2764 Gap=0.1489 ✓
[2025-10-19 19:23:57]     Epoch  7/20: Val R²=0.1227 Train R²=0.2774 Gap=0.1547  
[2025-10-19 19:24:03]     Epoch  8/20: Val R²=0.1087 Train R²=0.2781 Gap=0.1694  
[2025-10-19 19:24:09]     Epoch  9/20: Val R²=0.1200 Train R²=0.2767 Gap=0.1567  
[2025-10-19 19:24:16]     Epoch 10/20: Val R²=0.1155 Train R²=0.2758 Gap=0.1603  
[2025-10-19 19:24:22]     Epoch 11/20: Val R²=0.1312 Train R²=0.2818 Gap=0.1506 ✓
[2025-10-19 19:24:29]     Epoch 12/20: Val R²=0.1231 Train R²=0.2820 Gap=0.1588  
[2025-10-19 19:24:35]     Epoch 13/20: Val R²=0.1248 Train R²=0.2808 Gap=0.1560  
[2025-10-19 19:24:42]     Epoch 14/20: Val R²=0.1219 Train R²=0.2817 Gap=0.1598  
[2025-10-19 19:24:49]     Epoch 15/20: Val R²=0.1272 Train R²=0.2819 Gap=0.1547  
[2025-10-19 19:24:56]     Epoch 16/20: Val R²=0.1250 Train R²=0.2848 Gap=0.1598  
[2025-10-19 19:24:56]     Early stopped at epoch 16
[2025-10-19 19:24:56]     Fold 2/3: Val R²=0.1312 Train R²=0.2818 (106.0s)
[2025-10-19 19:25:03]     Epoch  1/20: Val R²=0.2712 Train R²=0.2477 Gap=-0.0235 ✓
[2025-10-19 19:25:09]     Epoch  2/20: Val R²=0.2730 Train R²=0.2623 Gap=-0.0108 ✓
[2025-10-19 19:25:15]     Epoch  3/20: Val R²=0.2706 Train R²=0.2647 Gap=-0.0059  
[2025-10-19 19:25:22]     Epoch  4/20: Val R²=0.2694 Train R²=0.2638 Gap=-0.0056  
[2025-10-19 19:25:28]     Epoch  5/20: Val R²=0.2736 Train R²=0.2656 Gap=-0.0080 ✓
[2025-10-19 19:25:35]     Epoch  6/20: Val R²=0.2757 Train R²=0.2631 Gap=-0.0126 ✓
[2025-10-19 19:25:41]     Epoch  7/20: Val R²=0.2717 Train R²=0.2653 Gap=-0.0063  
[2025-10-19 19:25:48]     Epoch  8/20: Val R²=0.2682 Train R²=0.2635 Gap=-0.0047  
[2025-10-19 19:25:55]     Epoch  9/20: Val R²=0.2645 Train R²=0.2640 Gap=-0.0005  
[2025-10-19 19:26:02]     Epoch 10/20: Val R²=0.2635 Train R²=0.2631 Gap=-0.0004  
[2025-10-19 19:26:08]     Epoch 11/20: Val R²=0.2803 Train R²=0.2697 Gap=-0.0106 ✓
[2025-10-19 19:26:14]     Epoch 12/20: Val R²=0.2769 Train R²=0.2700 Gap=-0.0069  
[2025-10-19 19:26:21]     Epoch 13/20: Val R²=0.2787 Train R²=0.2701 Gap=-0.0086  
[2025-10-19 19:26:28]     Epoch 14/20: Val R²=0.2732 Train R²=0.2706 Gap=-0.0026  
[2025-10-19 19:26:34]     Epoch 15/20: Val R²=0.2791 Train R²=0.2704 Gap=-0.0088  
[2025-10-19 19:26:40]     Epoch 16/20: Val R²=0.2805 Train R²=0.2731 Gap=-0.0073 ✓
[2025-10-19 19:26:48]     Epoch 17/20: Val R²=0.2785 Train R²=0.2736 Gap=-0.0049  
[2025-10-19 19:26:55]     Epoch 18/20: Val R²=0.2788 Train R²=0.2732 Gap=-0.0056  
[2025-10-19 19:27:02]     Epoch 19/20: Val R²=0.2802 Train R²=0.2731 Gap=-0.0071  
[2025-10-19 19:27:08]     Epoch 20/20: Val R²=0.2818 Train R²=0.2733 Gap=-0.0085 ✓
[2025-10-19 19:27:08]     Fold 3/3: Val R²=0.2818 Train R²=0.2733 (132.0s)
[2025-10-19 19:27:08]   K-Fold Results: mean=0.233208 ± 0.072171 (min=0.131182, max=0.286677)
[2025-10-19 19:27:08] 
======================================================================
[2025-10-19 19:27:08] Config 48/100 - K-Fold Complete:
[2025-10-19 19:27:08]   Mean Val R²: 0.233208 ± 0.072171
[2025-10-19 19:27:08]   Range: [0.131182, 0.286677]
[2025-10-19 19:27:08]   Best Global Mean R²: 0.340000
[2025-10-19 19:27:08]   Parameters: 33,568
[2025-10-19 19:27:08]   K-Fold mean R² not better than global best (0.340000)
[2025-10-19 19:27:08]   Skipping.
[2025-10-19 19:27:08]   Results saved to models/bruteforce_kfold_results_20251019_005926.csv
[2025-10-19 19:27:08] 
======================================================================
[2025-10-19 19:27:08] Config 49/100 - Starting Training:
[2025-10-19 19:27:08]   Architecture:
[2025-10-19 19:27:08]     Lookback: 20, Hidden: 256, Layers: 3, Dropout: 0.5
[2025-10-19 19:27:08]     Bidirectional: True, GRU: False
[2025-10-19 19:27:08]   Output Head:
[2025-10-19 19:27:08]     FC Layers: 1, FC Hidden: 64, Activation: gelu
[2025-10-19 19:27:08]     FC Dropout: 0.0, Batch Norm: True
[2025-10-19 19:27:08]   Training:
[2025-10-19 19:27:08]     Batch Size: 32, LR: 0.0005, Weight Decay: 0.01
[2025-10-19 19:27:08]     Optimizer: adamw, Grad Clip: 5.0, LR Patience: 5
[2025-10-19 19:27:08] 
  Stage 1: Running 3-Fold CV on 10% sampled data...
[2025-10-19 19:27:08]   K-Fold CV: 3 folds on 51 sequences
[2025-10-19 19:27:57]     Epoch  1/20: Val R²=0.3139 Train R²=0.2986 Gap=-0.0153 ✓
[2025-10-19 19:28:43]     Epoch  2/20: Val R²=0.3219 Train R²=0.3378 Gap=0.0160 ✓
[2025-10-19 19:29:29]     Epoch  3/20: Val R²=0.3222 Train R²=0.3542 Gap=0.0319 ✓
[2025-10-19 19:30:16]     Epoch  4/20: Val R²=0.3282 Train R²=0.3614 Gap=0.0332 ✓
[2025-10-19 19:31:02]     Epoch  5/20: Val R²=0.3192 Train R²=0.3711 Gap=0.0519  
[2025-10-19 19:31:49]     Epoch  6/20: Val R²=0.3314 Train R²=0.3796 Gap=0.0481 ✓
[2025-10-19 19:32:36]     Epoch  7/20: Val R²=0.3214 Train R²=0.3883 Gap=0.0668  
[2025-10-19 19:33:24]     Epoch  8/20: Val R²=0.3200 Train R²=0.3970 Gap=0.0771  
[2025-10-19 19:34:11]     Epoch  9/20: Val R²=0.3159 Train R²=0.4081 Gap=0.0922  
[2025-10-19 19:34:59]     Epoch 10/20: Val R²=0.3126 Train R²=0.4194 Gap=0.1068  
[2025-10-19 19:35:46]     Epoch 11/20: Val R²=0.3043 Train R²=0.4359 Gap=0.1316  
[2025-10-19 19:35:46]     Early stopped at epoch 11
[2025-10-19 19:35:46]     Fold 1/3: Val R²=0.3314 Train R²=0.3796 (518.1s)
[2025-10-19 19:36:34]     Epoch  1/20: Val R²=0.2510 Train R²=0.3223 Gap=0.0713 ✓
[2025-10-19 19:37:21]     Epoch  2/20: Val R²=0.2777 Train R²=0.3560 Gap=0.0783 ✓
[2025-10-19 19:38:08]     Epoch  3/20: Val R²=0.2761 Train R²=0.3701 Gap=0.0940  
[2025-10-19 19:38:56]     Epoch  4/20: Val R²=0.2849 Train R²=0.3786 Gap=0.0937 ✓
[2025-10-19 19:39:43]     Epoch  5/20: Val R²=0.2897 Train R²=0.3854 Gap=0.0957 ✓
[2025-10-19 19:40:31]     Epoch  6/20: Val R²=0.2916 Train R²=0.3939 Gap=0.1023 ✓
[2025-10-19 19:41:19]     Epoch  7/20: Val R²=0.2771 Train R²=0.4020 Gap=0.1249  
[2025-10-19 19:42:07]     Epoch  8/20: Val R²=0.2874 Train R²=0.4120 Gap=0.1245  
[2025-10-19 19:42:55]     Epoch  9/20: Val R²=0.2838 Train R²=0.4218 Gap=0.1380  
[2025-10-19 19:43:43]     Epoch 10/20: Val R²=0.2793 Train R²=0.4344 Gap=0.1551  
[2025-10-19 19:44:31]     Epoch 11/20: Val R²=0.2664 Train R²=0.4484 Gap=0.1820  
[2025-10-19 19:44:31]     Early stopped at epoch 11
[2025-10-19 19:44:31]     Fold 2/3: Val R²=0.2916 Train R²=0.3939 (525.3s)
[2025-10-19 19:45:20]     Epoch  1/20: Val R²=0.3020 Train R²=0.3176 Gap=0.0156 ✓
[2025-10-19 19:46:07]     Epoch  2/20: Val R²=0.3008 Train R²=0.3653 Gap=0.0646  
[2025-10-19 19:46:54]     Epoch  3/20: Val R²=0.2743 Train R²=0.3767 Gap=0.1024  
[2025-10-19 19:47:41]     Epoch  4/20: Val R²=0.2981 Train R²=0.3862 Gap=0.0880  
[2025-10-19 19:48:29]     Epoch  5/20: Val R²=0.3072 Train R²=0.3935 Gap=0.0862 ✓
[2025-10-19 19:49:16]     Epoch  6/20: Val R²=0.2921 Train R²=0.4029 Gap=0.1108  
[2025-10-19 19:50:04]     Epoch  7/20: Val R²=0.2979 Train R²=0.4099 Gap=0.1120  
[2025-10-19 19:50:51]     Epoch  8/20: Val R²=0.3028 Train R²=0.4212 Gap=0.1184  
[2025-10-19 19:51:37]     Epoch  9/20: Val R²=0.2812 Train R²=0.4326 Gap=0.1514  
[2025-10-19 19:52:25]     Epoch 10/20: Val R²=0.2761 Train R²=0.4415 Gap=0.1654  
[2025-10-19 19:52:25]     Early stopped at epoch 10
[2025-10-19 19:52:25]     Fold 3/3: Val R²=0.3072 Train R²=0.3935 (473.6s)
[2025-10-19 19:52:25]   K-Fold Results: mean=0.310076 ± 0.016401 (min=0.291559, max=0.331432)
[2025-10-19 19:52:25] 
======================================================================
[2025-10-19 19:52:25] Config 49/100 - K-Fold Complete:
[2025-10-19 19:52:25]   Mean Val R²: 0.310076 ± 0.016401
[2025-10-19 19:52:25]   Range: [0.291559, 0.331432]
[2025-10-19 19:52:25]   Best Global Mean R²: 0.340000
[2025-10-19 19:52:25]   Parameters: 3,764,256
[2025-10-19 19:52:25]   K-Fold mean R² not better than global best (0.340000)
[2025-10-19 19:52:25]   Skipping.
[2025-10-19 19:52:25]   Results saved to models/bruteforce_kfold_results_20251019_005926.csv
[2025-10-19 19:52:25] 
======================================================================
[2025-10-19 19:52:25] Config 50/100 - Starting Training:
[2025-10-19 19:52:25]   Architecture:
[2025-10-19 19:52:25]     Lookback: 30, Hidden: 128, Layers: 4, Dropout: 0.1
[2025-10-19 19:52:25]     Bidirectional: True, GRU: True
[2025-10-19 19:52:25]   Output Head:
[2025-10-19 19:52:25]     FC Layers: 2, FC Hidden: 128, Activation: tanh
[2025-10-19 19:52:25]     FC Dropout: 0.0, Batch Norm: False
[2025-10-19 19:52:25]   Training:
[2025-10-19 19:52:25]     Batch Size: 128, LR: 0.002, Weight Decay: 0.01
[2025-10-19 19:52:25]     Optimizer: adamw, Grad Clip: 1.0, LR Patience: 3
[2025-10-19 19:52:25] 
  Stage 1: Running 3-Fold CV on 10% sampled data...
[2025-10-19 19:52:25]   K-Fold CV: 3 folds on 51 sequences
[2025-10-19 19:53:26]     Epoch  1/20: Val R²=0.2960 Train R²=0.2929 Gap=-0.0031 ✓
[2025-10-19 19:54:20]     Epoch  2/20: Val R²=0.3079 Train R²=0.3357 Gap=0.0278 ✓
[2025-10-19 19:55:16]     Epoch  3/20: Val R²=0.3094 Train R²=0.3516 Gap=0.0423 ✓
[2025-10-19 19:56:12]     Epoch  4/20: Val R²=0.3138 Train R²=0.3632 Gap=0.0494 ✓
[2025-10-19 19:57:09]     Epoch  5/20: Val R²=0.3279 Train R²=0.3718 Gap=0.0439 ✓
[2025-10-19 19:58:06]     Epoch  6/20: Val R²=0.3214 Train R²=0.3816 Gap=0.0602  
[2025-10-19 19:59:01]     Epoch  7/20: Val R²=0.3069 Train R²=0.3927 Gap=0.0858  
[2025-10-19 19:59:58]     Epoch  8/20: Val R²=0.2987 Train R²=0.4039 Gap=0.1052  
[2025-10-19 20:00:54]     Epoch  9/20: Val R²=0.3038 Train R²=0.4162 Gap=0.1124  
[2025-10-19 20:01:46]     Epoch 10/20: Val R²=0.2867 Train R²=0.4585 Gap=0.1718  
[2025-10-19 20:01:46]     Early stopped at epoch 10
[2025-10-19 20:01:46]     Fold 1/3: Val R²=0.3279 Train R²=0.3718 (560.9s)
[2025-10-19 20:02:34]     Epoch  1/20: Val R²=0.2434 Train R²=0.3161 Gap=0.0727 ✓
[2025-10-19 20:03:22]     Epoch  2/20: Val R²=0.2736 Train R²=0.3528 Gap=0.0791 ✓
[2025-10-19 20:04:10]     Epoch  3/20: Val R²=0.2750 Train R²=0.3687 Gap=0.0936 ✓
[2025-10-19 20:04:59]     Epoch  4/20: Val R²=0.2727 Train R²=0.3780 Gap=0.1053  
[2025-10-19 20:05:47]     Epoch  5/20: Val R²=0.2779 Train R²=0.3862 Gap=0.1083 ✓
[2025-10-19 20:06:35]     Epoch  6/20: Val R²=0.2938 Train R²=0.3970 Gap=0.1032 ✓
[2025-10-19 20:07:24]     Epoch  7/20: Val R²=0.2946 Train R²=0.4084 Gap=0.1138 ✓
[2025-10-19 20:08:13]     Epoch  8/20: Val R²=0.2797 Train R²=0.4203 Gap=0.1406  
[2025-10-19 20:09:02]     Epoch  9/20: Val R²=0.2738 Train R²=0.4345 Gap=0.1607  
[2025-10-19 20:09:49]     Epoch 10/20: Val R²=0.2745 Train R²=0.4506 Gap=0.1761  
[2025-10-19 20:10:38]     Epoch 11/20: Val R²=0.2494 Train R²=0.4631 Gap=0.2136  
[2025-10-19 20:11:26]     Epoch 12/20: Val R²=0.2267 Train R²=0.5157 Gap=0.2891  
[2025-10-19 20:11:26]     Early stopped at epoch 12
[2025-10-19 20:11:26]     Fold 2/3: Val R²=0.2946 Train R²=0.4084 (579.8s)
[2025-10-19 20:12:15]     Epoch  1/20: Val R²=0.3063 Train R²=0.3089 Gap=0.0026 ✓
[2025-10-19 20:13:05]     Epoch  2/20: Val R²=0.3001 Train R²=0.3634 Gap=0.0633  
[2025-10-19 20:13:54]     Epoch  3/20: Val R²=0.3103 Train R²=0.3756 Gap=0.0653 ✓
[2025-10-19 20:14:41]     Epoch  4/20: Val R²=0.2930 Train R²=0.3862 Gap=0.0932  
[2025-10-19 20:15:31]     Epoch  5/20: Val R²=0.2883 Train R²=0.3943 Gap=0.1060  
[2025-10-19 20:16:19]     Epoch  6/20: Val R²=0.2985 Train R²=0.4044 Gap=0.1059  
[2025-10-19 20:17:07]     Epoch  7/20: Val R²=0.2887 Train R²=0.4152 Gap=0.1265  
[2025-10-19 20:17:57]     Epoch  8/20: Val R²=0.2771 Train R²=0.4472 Gap=0.1701  
[2025-10-19 20:17:57]     Early stopped at epoch 8
[2025-10-19 20:17:57]     Fold 3/3: Val R²=0.3103 Train R²=0.3756 (391.0s)
[2025-10-19 20:17:57]   K-Fold Results: mean=0.310955 ± 0.013608 (min=0.294630, max=0.327944)
[2025-10-19 20:17:57] 
======================================================================
[2025-10-19 20:17:57] Config 50/100 - K-Fold Complete:
[2025-10-19 20:17:57]   Mean Val R²: 0.310955 ± 0.013608
[2025-10-19 20:17:57]   Range: [0.294630, 0.327944]
[2025-10-19 20:17:57]   Best Global Mean R²: 0.340000
[2025-10-19 20:17:57]   Parameters: 1,050,784
[2025-10-19 20:17:57]   K-Fold mean R² not better than global best (0.340000)
[2025-10-19 20:17:57]   Skipping.
[2025-10-19 20:17:57]   Results saved to models/bruteforce_kfold_results_20251019_005926.csv
[2025-10-19 20:17:57] 
======================================================================
[2025-10-19 20:17:57] BATCH COMPLETE: No candidates beat global best (0.340000)
[2025-10-19 20:17:57] ======================================================================
[2025-10-19 20:17:57] 
======================================================================
[2025-10-19 20:17:57] Config 51/100 - Starting Training:
[2025-10-19 20:17:57]   Architecture:
[2025-10-19 20:17:57]     Lookback: 20, Hidden: 32, Layers: 3, Dropout: 0.3
[2025-10-19 20:17:57]     Bidirectional: True, GRU: False
[2025-10-19 20:17:57]   Output Head:
[2025-10-19 20:17:57]     FC Layers: 2, FC Hidden: 256, Activation: relu
[2025-10-19 20:17:57]     FC Dropout: 0.4, Batch Norm: True
[2025-10-19 20:17:57]   Training:
[2025-10-19 20:17:57]     Batch Size: 32, LR: 0.0005, Weight Decay: 0.001
[2025-10-19 20:17:57]     Optimizer: adamw, Grad Clip: 5.0, LR Patience: 3
[2025-10-19 20:17:57] 
  Stage 1: Running 3-Fold CV on 10% sampled data...
[2025-10-19 20:17:57]   K-Fold CV: 3 folds on 51 sequences
[2025-10-19 20:18:19]     Epoch  1/20: Val R²=0.2829 Train R²=0.2152 Gap=-0.0677 ✓
[2025-10-19 20:18:40]     Epoch  2/20: Val R²=0.3002 Train R²=0.2929 Gap=-0.0073 ✓
[2025-10-19 20:19:01]     Epoch  3/20: Val R²=0.3016 Train R²=0.3061 Gap=0.0045 ✓
[2025-10-19 20:19:22]     Epoch  4/20: Val R²=0.3057 Train R²=0.3117 Gap=0.0060 ✓
[2025-10-19 20:19:43]     Epoch  5/20: Val R²=0.3016 Train R²=0.3200 Gap=0.0185  
[2025-10-19 20:20:04]     Epoch  6/20: Val R²=0.2970 Train R²=0.3228 Gap=0.0258  
[2025-10-19 20:20:25]     Epoch  7/20: Val R²=0.2990 Train R²=0.3269 Gap=0.0279  
[2025-10-19 20:20:46]     Epoch  8/20: Val R²=0.3080 Train R²=0.3302 Gap=0.0222 ✓
[2025-10-19 20:21:07]     Epoch  9/20: Val R²=0.2989 Train R²=0.3314 Gap=0.0325  
[2025-10-19 20:21:28]     Epoch 10/20: Val R²=0.2928 Train R²=0.3373 Gap=0.0445  
[2025-10-19 20:21:49]     Epoch 11/20: Val R²=0.3005 Train R²=0.3369 Gap=0.0364  
[2025-10-19 20:22:11]     Epoch 12/20: Val R²=0.2918 Train R²=0.3403 Gap=0.0485  
[2025-10-19 20:22:31]     Epoch 13/20: Val R²=0.3021 Train R²=0.3474 Gap=0.0454  
[2025-10-19 20:22:31]     Early stopped at epoch 13
[2025-10-19 20:22:31]     Fold 1/3: Val R²=0.3080 Train R²=0.3302 (274.6s)
[2025-10-19 20:22:53]     Epoch  1/20: Val R²=0.2104 Train R²=0.2410 Gap=0.0306 ✓
[2025-10-19 20:23:15]     Epoch  2/20: Val R²=0.2347 Train R²=0.3121 Gap=0.0774 ✓
[2025-10-19 20:23:36]     Epoch  3/20: Val R²=0.2419 Train R²=0.3242 Gap=0.0823 ✓
[2025-10-19 20:23:58]     Epoch  4/20: Val R²=0.2509 Train R²=0.3334 Gap=0.0825 ✓
[2025-10-19 20:24:18]     Epoch  5/20: Val R²=0.2563 Train R²=0.3357 Gap=0.0794 ✓
[2025-10-19 20:24:39]     Epoch  6/20: Val R²=0.2418 Train R²=0.3391 Gap=0.0974  
[2025-10-19 20:25:01]     Epoch  7/20: Val R²=0.2618 Train R²=0.3420 Gap=0.0802 ✓
[2025-10-19 20:25:21]     Epoch  8/20: Val R²=0.2547 Train R²=0.3479 Gap=0.0931  
[2025-10-19 20:25:42]     Epoch  9/20: Val R²=0.2579 Train R²=0.3484 Gap=0.0905  
[2025-10-19 20:26:03]     Epoch 10/20: Val R²=0.2518 Train R²=0.3488 Gap=0.0971  
[2025-10-19 20:26:24]     Epoch 11/20: Val R²=0.2573 Train R²=0.3525 Gap=0.0952  
[2025-10-19 20:26:45]     Epoch 12/20: Val R²=0.2617 Train R²=0.3591 Gap=0.0974  
[2025-10-19 20:26:45]     Early stopped at epoch 12
[2025-10-19 20:26:45]     Fold 2/3: Val R²=0.2618 Train R²=0.3420 (253.5s)
[2025-10-19 20:27:07]     Epoch  1/20: Val R²=0.2908 Train R²=0.2384 Gap=-0.0524 ✓
[2025-10-19 20:27:29]     Epoch  2/20: Val R²=0.2958 Train R²=0.3097 Gap=0.0139 ✓
[2025-10-19 20:27:50]     Epoch  3/20: Val R²=0.2912 Train R²=0.3254 Gap=0.0343  
[2025-10-19 20:28:13]     Epoch  4/20: Val R²=0.2844 Train R²=0.3325 Gap=0.0480  
[2025-10-19 20:28:34]     Epoch  5/20: Val R²=0.2951 Train R²=0.3411 Gap=0.0460  
[2025-10-19 20:28:55]     Epoch  6/20: Val R²=0.2910 Train R²=0.3439 Gap=0.0529  
[2025-10-19 20:29:17]     Epoch  7/20: Val R²=0.2934 Train R²=0.3537 Gap=0.0602  
[2025-10-19 20:29:17]     Early stopped at epoch 7
[2025-10-19 20:29:17]     Fold 3/3: Val R²=0.2958 Train R²=0.3097 (151.9s)
[2025-10-19 20:29:17]   K-Fold Results: mean=0.288546 ± 0.019567 (min=0.261782, max=0.308017)
[2025-10-19 20:29:17] 
======================================================================
[2025-10-19 20:29:17] Config 51/100 - K-Fold Complete:
[2025-10-19 20:29:17]   Mean Val R²: 0.288546 ± 0.019567
[2025-10-19 20:29:17]   Range: [0.261782, 0.308017]
[2025-10-19 20:29:17]   Best Global Mean R²: 0.340000
[2025-10-19 20:29:17]   Parameters: 92,448
[2025-10-19 20:29:17]   K-Fold mean R² not better than global best (0.340000)
[2025-10-19 20:29:17]   Skipping.
[2025-10-19 20:29:17]   Results saved to models/bruteforce_kfold_results_20251019_005926.csv
[2025-10-19 20:29:17] 
======================================================================
[2025-10-19 20:29:17] Config 52/100 - Starting Training:
[2025-10-19 20:29:17]   Architecture:
[2025-10-19 20:29:17]     Lookback: 10, Hidden: 96, Layers: 2, Dropout: 0.3
[2025-10-19 20:29:17]     Bidirectional: True, GRU: True
[2025-10-19 20:29:17]   Output Head:
[2025-10-19 20:29:17]     FC Layers: 1, FC Hidden: 64, Activation: gelu
[2025-10-19 20:29:17]     FC Dropout: 0.2, Batch Norm: False
[2025-10-19 20:29:17]   Training:
[2025-10-19 20:29:17]     Batch Size: 128, LR: 0.005, Weight Decay: 0
[2025-10-19 20:29:17]     Optimizer: adam, Grad Clip: 5.0, LR Patience: 5
[2025-10-19 20:29:17] 
  Stage 1: Running 3-Fold CV on 10% sampled data...
[2025-10-19 20:29:17]   K-Fold CV: 3 folds on 51 sequences
[2025-10-19 20:29:26]     Epoch  1/20: Val R²=0.3320 Train R²=0.2974 Gap=-0.0346 ✓
[2025-10-19 20:29:35]     Epoch  2/20: Val R²=0.3372 Train R²=0.3346 Gap=-0.0026 ✓
[2025-10-19 20:29:43]     Epoch  3/20: Val R²=0.3317 Train R²=0.3459 Gap=0.0142  
[2025-10-19 20:29:52]     Epoch  4/20: Val R²=0.3248 Train R²=0.3531 Gap=0.0283  
[2025-10-19 20:30:01]     Epoch  5/20: Val R²=0.3165 Train R²=0.3584 Gap=0.0419  
[2025-10-19 20:30:10]     Epoch  6/20: Val R²=0.3212 Train R²=0.3645 Gap=0.0433  
[2025-10-19 20:30:18]     Epoch  7/20: Val R²=0.3130 Train R²=0.3675 Gap=0.0545  
[2025-10-19 20:30:18]     Early stopped at epoch 7
[2025-10-19 20:30:18]     Fold 1/3: Val R²=0.3372 Train R²=0.3346 (61.3s)
[2025-10-19 20:30:27]     Epoch  1/20: Val R²=0.2616 Train R²=0.3239 Gap=0.0623 ✓
[2025-10-19 20:30:36]     Epoch  2/20: Val R²=0.2778 Train R²=0.3519 Gap=0.0740 ✓
[2025-10-19 20:30:45]     Epoch  3/20: Val R²=0.2702 Train R²=0.3647 Gap=0.0945  
[2025-10-19 20:30:53]     Epoch  4/20: Val R²=0.2813 Train R²=0.3709 Gap=0.0896 ✓
[2025-10-19 20:31:02]     Epoch  5/20: Val R²=0.2707 Train R²=0.3753 Gap=0.1046  
[2025-10-19 20:31:11]     Epoch  6/20: Val R²=0.2860 Train R²=0.3809 Gap=0.0949 ✓
[2025-10-19 20:31:21]     Epoch  7/20: Val R²=0.2678 Train R²=0.3850 Gap=0.1172  
[2025-10-19 20:31:29]     Epoch  8/20: Val R²=0.2713 Train R²=0.3874 Gap=0.1160  
[2025-10-19 20:31:39]     Epoch  9/20: Val R²=0.2805 Train R²=0.3922 Gap=0.1117  
[2025-10-19 20:31:49]     Epoch 10/20: Val R²=0.2734 Train R²=0.3944 Gap=0.1210  
[2025-10-19 20:31:59]     Epoch 11/20: Val R²=0.2672 Train R²=0.3972 Gap=0.1300  
[2025-10-19 20:31:59]     Early stopped at epoch 11
[2025-10-19 20:31:59]     Fold 2/3: Val R²=0.2860 Train R²=0.3809 (100.7s)
[2025-10-19 20:32:09]     Epoch  1/20: Val R²=0.3035 Train R²=0.3224 Gap=0.0189 ✓
[2025-10-19 20:32:18]     Epoch  2/20: Val R²=0.3148 Train R²=0.3607 Gap=0.0459 ✓
[2025-10-19 20:32:28]     Epoch  3/20: Val R²=0.3012 Train R²=0.3718 Gap=0.0706  
[2025-10-19 20:32:38]     Epoch  4/20: Val R²=0.3045 Train R²=0.3792 Gap=0.0747  
[2025-10-19 20:32:49]     Epoch  5/20: Val R²=0.3045 Train R²=0.3853 Gap=0.0808  
[2025-10-19 20:33:00]     Epoch  6/20: Val R²=0.3028 Train R²=0.3883 Gap=0.0855  
[2025-10-19 20:33:11]     Epoch  7/20: Val R²=0.2838 Train R²=0.3933 Gap=0.1095  
[2025-10-19 20:33:11]     Early stopped at epoch 7
[2025-10-19 20:33:11]     Fold 3/3: Val R²=0.3148 Train R²=0.3607 (71.7s)
[2025-10-19 20:33:11]   K-Fold Results: mean=0.312658 ± 0.020958 (min=0.285966, max=0.337163)
[2025-10-19 20:33:11] 
======================================================================
[2025-10-19 20:33:11] Config 52/100 - K-Fold Complete:
[2025-10-19 20:33:11]   Mean Val R²: 0.312658 ± 0.020958
[2025-10-19 20:33:11]   Range: [0.285966, 0.337163]
[2025-10-19 20:33:11]   Best Global Mean R²: 0.340000
[2025-10-19 20:33:11]   Parameters: 248,096
[2025-10-19 20:33:11]   K-Fold mean R² not better than global best (0.340000)
[2025-10-19 20:33:11]   Skipping.
[2025-10-19 20:33:11]   Results saved to models/bruteforce_kfold_results_20251019_005926.csv
[2025-10-19 20:33:11] 
======================================================================
[2025-10-19 20:33:11] Config 53/100 - Starting Training:
[2025-10-19 20:33:11]   Architecture:
[2025-10-19 20:33:11]     Lookback: 5, Hidden: 128, Layers: 1, Dropout: 0.2
[2025-10-19 20:33:11]     Bidirectional: True, GRU: True
[2025-10-19 20:33:11]   Output Head:
[2025-10-19 20:33:11]     FC Layers: 3, FC Hidden: 256, Activation: tanh
[2025-10-19 20:33:11]     FC Dropout: 0.4, Batch Norm: True
[2025-10-19 20:33:11]   Training:
[2025-10-19 20:33:11]     Batch Size: 256, LR: 0.0005, Weight Decay: 0.01
[2025-10-19 20:33:11]     Optimizer: adamw, Grad Clip: 0.5, LR Patience: 5
[2025-10-19 20:33:11] 
  Stage 1: Running 3-Fold CV on 10% sampled data...
[2025-10-19 20:33:11]   K-Fold CV: 3 folds on 51 sequences
[2025-10-19 20:33:15]     Epoch  1/20: Val R²=0.2903 Train R²=0.1796 Gap=-0.1107 ✓
[2025-10-19 20:33:19]     Epoch  2/20: Val R²=0.2893 Train R²=0.2620 Gap=-0.0273  
[2025-10-19 20:33:22]     Epoch  3/20: Val R²=0.2809 Train R²=0.2855 Gap=0.0046  
[2025-10-19 20:33:25]     Epoch  4/20: Val R²=0.2994 Train R²=0.2957 Gap=-0.0037 ✓
[2025-10-19 20:33:28]     Epoch  5/20: Val R²=0.3008 Train R²=0.3040 Gap=0.0032 ✓
[2025-10-19 20:33:31]     Epoch  6/20: Val R²=0.3020 Train R²=0.3067 Gap=0.0047 ✓
[2025-10-19 20:33:34]     Epoch  7/20: Val R²=0.3028 Train R²=0.3102 Gap=0.0074 ✓
[2025-10-19 20:33:36]     Epoch  8/20: Val R²=0.3030 Train R²=0.3149 Gap=0.0119 ✓
[2025-10-19 20:33:39]     Epoch  9/20: Val R²=0.3088 Train R²=0.3173 Gap=0.0085 ✓
[2025-10-19 20:33:42]     Epoch 10/20: Val R²=0.3046 Train R²=0.3207 Gap=0.0161  
[2025-10-19 20:33:45]     Epoch 11/20: Val R²=0.3103 Train R²=0.3225 Gap=0.0122 ✓
[2025-10-19 20:33:48]     Epoch 12/20: Val R²=0.3151 Train R²=0.3249 Gap=0.0097 ✓
[2025-10-19 20:33:51]     Epoch 13/20: Val R²=0.3103 Train R²=0.3274 Gap=0.0171  
[2025-10-19 20:33:54]     Epoch 14/20: Val R²=0.3088 Train R²=0.3283 Gap=0.0195  
[2025-10-19 20:33:57]     Epoch 15/20: Val R²=0.3149 Train R²=0.3307 Gap=0.0158  
[2025-10-19 20:34:00]     Epoch 16/20: Val R²=0.3083 Train R²=0.3314 Gap=0.0231  
[2025-10-19 20:34:03]     Epoch 17/20: Val R²=0.3020 Train R²=0.3335 Gap=0.0315  
[2025-10-19 20:34:03]     Early stopped at epoch 17
[2025-10-19 20:34:03]     Fold 1/3: Val R²=0.3151 Train R²=0.3249 (52.6s)
[2025-10-19 20:34:06]     Epoch  1/20: Val R²=0.2164 Train R²=0.1976 Gap=-0.0188 ✓
[2025-10-19 20:34:09]     Epoch  2/20: Val R²=0.2218 Train R²=0.2822 Gap=0.0604 ✓
[2025-10-19 20:34:12]     Epoch  3/20: Val R²=0.2287 Train R²=0.3075 Gap=0.0787 ✓
[2025-10-19 20:34:15]     Epoch  4/20: Val R²=0.2330 Train R²=0.3178 Gap=0.0847 ✓
[2025-10-19 20:34:18]     Epoch  5/20: Val R²=0.2324 Train R²=0.3246 Gap=0.0922  
[2025-10-19 20:34:21]     Epoch  6/20: Val R²=0.2410 Train R²=0.3280 Gap=0.0870 ✓
[2025-10-19 20:34:24]     Epoch  7/20: Val R²=0.2369 Train R²=0.3318 Gap=0.0949  
[2025-10-19 20:34:28]     Epoch  8/20: Val R²=0.2469 Train R²=0.3343 Gap=0.0875 ✓
[2025-10-19 20:34:31]     Epoch  9/20: Val R²=0.2485 Train R²=0.3367 Gap=0.0882 ✓
[2025-10-19 20:34:34]     Epoch 10/20: Val R²=0.2492 Train R²=0.3390 Gap=0.0898 ✓
[2025-10-19 20:34:37]     Epoch 11/20: Val R²=0.2542 Train R²=0.3408 Gap=0.0866 ✓
[2025-10-19 20:34:39]     Epoch 12/20: Val R²=0.2485 Train R²=0.3421 Gap=0.0936  
[2025-10-19 20:34:42]     Epoch 13/20: Val R²=0.2454 Train R²=0.3449 Gap=0.0995  
[2025-10-19 20:34:45]     Epoch 14/20: Val R²=0.2506 Train R²=0.3468 Gap=0.0963  
[2025-10-19 20:34:48]     Epoch 15/20: Val R²=0.2573 Train R²=0.3482 Gap=0.0910 ✓
[2025-10-19 20:34:51]     Epoch 16/20: Val R²=0.2540 Train R²=0.3494 Gap=0.0954  
[2025-10-19 20:34:55]     Epoch 17/20: Val R²=0.2609 Train R²=0.3507 Gap=0.0898 ✓
[2025-10-19 20:34:58]     Epoch 18/20: Val R²=0.2565 Train R²=0.3519 Gap=0.0954  
[2025-10-19 20:35:01]     Epoch 19/20: Val R²=0.2563 Train R²=0.3540 Gap=0.0977  
[2025-10-19 20:35:03]     Epoch 20/20: Val R²=0.2582 Train R²=0.3534 Gap=0.0952  
[2025-10-19 20:35:03]     Fold 2/3: Val R²=0.2609 Train R²=0.3507 (60.2s)
[2025-10-19 20:35:07]     Epoch  1/20: Val R²=0.2844 Train R²=0.1973 Gap=-0.0872 ✓
[2025-10-19 20:35:09]     Epoch  2/20: Val R²=0.2910 Train R²=0.2795 Gap=-0.0115 ✓
[2025-10-19 20:35:13]     Epoch  3/20: Val R²=0.2928 Train R²=0.3026 Gap=0.0098 ✓
[2025-10-19 20:35:16]     Epoch  4/20: Val R²=0.3008 Train R²=0.3158 Gap=0.0151 ✓
[2025-10-19 20:35:20]     Epoch  5/20: Val R²=0.3010 Train R²=0.3245 Gap=0.0235 ✓
[2025-10-19 20:35:22]     Epoch  6/20: Val R²=0.2968 Train R²=0.3306 Gap=0.0339  
[2025-10-19 20:35:25]     Epoch  7/20: Val R²=0.3026 Train R²=0.3333 Gap=0.0307 ✓
[2025-10-19 20:35:28]     Epoch  8/20: Val R²=0.2936 Train R²=0.3374 Gap=0.0438  
[2025-10-19 20:35:31]     Epoch  9/20: Val R²=0.3005 Train R²=0.3409 Gap=0.0404  
[2025-10-19 20:35:34]     Epoch 10/20: Val R²=0.2906 Train R²=0.3425 Gap=0.0519  
[2025-10-19 20:35:36]     Epoch 11/20: Val R²=0.2971 Train R²=0.3437 Gap=0.0466  
[2025-10-19 20:35:39]     Epoch 12/20: Val R²=0.3054 Train R²=0.3475 Gap=0.0422 ✓
[2025-10-19 20:35:42]     Epoch 13/20: Val R²=0.3013 Train R²=0.3490 Gap=0.0478  
[2025-10-19 20:35:46]     Epoch 14/20: Val R²=0.2980 Train R²=0.3500 Gap=0.0520  
[2025-10-19 20:35:49]     Epoch 15/20: Val R²=0.2966 Train R²=0.3517 Gap=0.0551  
[2025-10-19 20:35:52]     Epoch 16/20: Val R²=0.2958 Train R²=0.3533 Gap=0.0575  
[2025-10-19 20:35:55]     Epoch 17/20: Val R²=0.2989 Train R²=0.3553 Gap=0.0563  
[2025-10-19 20:35:55]     Early stopped at epoch 17
[2025-10-19 20:35:55]     Fold 3/3: Val R²=0.3054 Train R²=0.3475 (51.1s)
[2025-10-19 20:35:55]   K-Fold Results: mean=0.293803 ± 0.023583 (min=0.260930, max=0.315113)
[2025-10-19 20:35:55] 
======================================================================
[2025-10-19 20:35:55] Config 53/100 - K-Fold Complete:
[2025-10-19 20:35:55]   Mean Val R²: 0.293803 ± 0.023583
[2025-10-19 20:35:55]   Range: [0.260930, 0.315113]
[2025-10-19 20:35:55]   Best Global Mean R²: 0.340000
[2025-10-19 20:35:55]   Parameters: 265,248
[2025-10-19 20:35:55]   K-Fold mean R² not better than global best (0.340000)
[2025-10-19 20:35:55]   Skipping.
[2025-10-19 20:35:55]   Results saved to models/bruteforce_kfold_results_20251019_005926.csv
[2025-10-19 20:35:55] 
======================================================================
[2025-10-19 20:35:55] Config 54/100 - Starting Training:
[2025-10-19 20:35:55]   Architecture:
[2025-10-19 20:35:55]     Lookback: 30, Hidden: 192, Layers: 2, Dropout: 0.1
[2025-10-19 20:35:55]     Bidirectional: True, GRU: True
[2025-10-19 20:35:55]   Output Head:
[2025-10-19 20:35:55]     FC Layers: 2, FC Hidden: 256, Activation: tanh
[2025-10-19 20:35:55]     FC Dropout: 0.0, Batch Norm: True
[2025-10-19 20:35:55]   Training:
[2025-10-19 20:35:55]     Batch Size: 128, LR: 0.005, Weight Decay: 0.01
[2025-10-19 20:35:55]     Optimizer: adamw, Grad Clip: 0.5, LR Patience: 10
[2025-10-19 20:35:55] 
  Stage 1: Running 3-Fold CV on 10% sampled data...
[2025-10-19 20:35:55]   K-Fold CV: 3 folds on 51 sequences
[2025-10-19 20:36:20]     Epoch  1/20: Val R²=0.3164 Train R²=0.2951 Gap=-0.0214 ✓
[2025-10-19 20:36:45]     Epoch  2/20: Val R²=0.3293 Train R²=0.3378 Gap=0.0085 ✓
[2025-10-19 20:37:12]     Epoch  3/20: Val R²=0.3332 Train R²=0.3510 Gap=0.0177 ✓
[2025-10-19 20:37:38]     Epoch  4/20: Val R²=0.3094 Train R²=0.3613 Gap=0.0519  
[2025-10-19 20:38:05]     Epoch  5/20: Val R²=0.3345 Train R²=0.3669 Gap=0.0323 ✓
[2025-10-19 20:38:29]     Epoch  6/20: Val R²=0.3282 Train R²=0.3717 Gap=0.0435  
[2025-10-19 20:38:53]     Epoch  7/20: Val R²=0.3278 Train R²=0.3737 Gap=0.0459  
[2025-10-19 20:39:18]     Epoch  8/20: Val R²=0.3242 Train R²=0.3790 Gap=0.0548  
[2025-10-19 20:39:43]     Epoch  9/20: Val R²=0.3267 Train R²=0.3771 Gap=0.0504  
[2025-10-19 20:40:10]     Epoch 10/20: Val R²=0.3154 Train R²=0.3770 Gap=0.0616  
[2025-10-19 20:40:10]     Early stopped at epoch 10
[2025-10-19 20:40:10]     Fold 1/3: Val R²=0.3345 Train R²=0.3669 (255.6s)
[2025-10-19 20:40:36]     Epoch  1/20: Val R²=0.2616 Train R²=0.3153 Gap=0.0536 ✓
[2025-10-19 20:41:05]     Epoch  2/20: Val R²=0.2770 Train R²=0.3564 Gap=0.0795 ✓
[2025-10-19 20:41:31]     Epoch  3/20: Val R²=0.2907 Train R²=0.3668 Gap=0.0762 ✓
[2025-10-19 20:41:58]     Epoch  4/20: Val R²=0.2814 Train R²=0.3763 Gap=0.0948  
[2025-10-19 20:42:26]     Epoch  5/20: Val R²=0.2882 Train R²=0.3848 Gap=0.0966  
[2025-10-19 20:42:54]     Epoch  6/20: Val R²=0.2832 Train R²=0.3861 Gap=0.1029  
[2025-10-19 20:43:22]     Epoch  7/20: Val R²=0.2859 Train R²=0.3903 Gap=0.1044  
[2025-10-19 20:43:49]     Epoch  8/20: Val R²=0.2828 Train R²=0.3915 Gap=0.1087  
[2025-10-19 20:43:49]     Early stopped at epoch 8
[2025-10-19 20:43:49]     Fold 2/3: Val R²=0.2907 Train R²=0.3668 (219.0s)
[2025-10-19 20:44:19]     Epoch  1/20: Val R²=0.2918 Train R²=0.3160 Gap=0.0242 ✓
[2025-10-19 20:44:45]     Epoch  2/20: Val R²=0.3128 Train R²=0.3618 Gap=0.0489 ✓
[2025-10-19 20:45:11]     Epoch  3/20: Val R²=0.3125 Train R²=0.3751 Gap=0.0625  
