[2025-10-28 17:00:12] ======================================================================
[2025-10-28 17:00:12] BRUTE FORCE HYPERPARAMETER SEARCH WITH AUTO-SUBMISSION (EXHAUSTIVE MODE)
[2025-10-28 17:00:12] ======================================================================
[2025-10-28 17:00:12] Started at: 2025-10-28 17:00:12
[2025-10-28 17:00:12] Mode: TEST
[2025-10-28 17:00:12] Best R² to beat: 0.000000
[2025-10-28 17:00:12] Log file: logs/bruteforce_20251028_170012.log
[2025-10-28 17:00:12] 
[2025-10-28 17:00:12] Device Detection:
[2025-10-28 17:00:12]   PyTorch version: 2.7.1
[2025-10-28 17:00:12]   Requested: auto
[2025-10-28 17:00:12]   MPS available: ✓
[2025-10-28 17:00:12]   CUDA available: ✗
[2025-10-28 17:00:12]   Using: MPS
[2025-10-28 17:00:12] 
[2025-10-28 17:00:12] Loading data...
[2025-10-28 17:00:12] Train: 8,000 rows, 8 sequences
[2025-10-28 17:00:12] Val:   2,000 rows, 2 sequences
[2025-10-28 17:00:12] Features: 32
[2025-10-28 17:00:12] 
[2025-10-28 17:00:12] Total possible combinations (Cartesian product): 4,096
[2025-10-28 17:00:12] Configurations to run (cap): 1000
[2025-10-28 17:00:12] Starting exhaustive brute force search...
[2025-10-28 17:00:12] 
[2025-10-28 17:00:12] 
======================================================================
[2025-10-28 17:00:12] Config 1/1000 - Starting Training:
[2025-10-28 17:00:12]   Architecture:
[2025-10-28 17:00:12]     Lookback: 30, Hidden: 128, Layers: 1, Dropout: 0.1
[2025-10-28 17:00:12]     Bidirectional: True, GRU: True
[2025-10-28 17:00:12]   Output Head:
[2025-10-28 17:00:12]     FC Layers: 2, FC Hidden: 128, Activation: relu
[2025-10-28 17:00:12]     FC Dropout: 0.1, Batch Norm: True
[2025-10-28 17:00:12]   Training:
[2025-10-28 17:00:12]     Batch Size: 128, LR: 0.0001, Weight Decay: 0.0
[2025-10-28 17:00:12]     Optimizer: adamw, Grad Clip: 0.5, LR Patience: 3
[2025-10-28 17:00:17]     Epoch  1/30: Val R²=-0.0161 Train R²=0.1017 Gap=0.1178 ✓
[2025-10-28 17:00:22]     Epoch  2/30: Val R²=0.0218 Train R²=0.2819 Gap=0.2601 ✓
[2025-10-28 17:00:26]     Epoch  3/30: Val R²=0.0414 Train R²=0.3104 Gap=0.2690 ✓
[2025-10-28 17:00:30]     Epoch  4/30: Val R²=0.0535 Train R²=0.3200 Gap=0.2665 ✓
[2025-10-28 17:00:35]     Epoch  5/30: Val R²=0.0600 Train R²=0.3270 Gap=0.2669 ✓
[2025-10-28 17:00:39]     Epoch  6/30: Val R²=0.0671 Train R²=0.3314 Gap=0.2643 ✓
[2025-10-28 17:00:43]     Epoch  7/30: Val R²=0.0704 Train R²=0.3350 Gap=0.2646 ✓
[2025-10-28 17:00:47]     Epoch  8/30: Val R²=0.0687 Train R²=0.3427 Gap=0.2740  
[2025-10-28 17:00:52]     Epoch  9/30: Val R²=0.0735 Train R²=0.3448 Gap=0.2714 ✓
[2025-10-28 17:00:56]     Epoch 10/30: Val R²=0.0761 Train R²=0.3473 Gap=0.2713 ✓
[2025-10-28 17:01:01]     Epoch 11/30: Val R²=0.0860 Train R²=0.3496 Gap=0.2636 ✓
[2025-10-28 17:01:05]     Epoch 12/30: Val R²=0.0900 Train R²=0.3507 Gap=0.2607 ✓
[2025-10-28 17:01:09]     Epoch 13/30: Val R²=0.0858 Train R²=0.3538 Gap=0.2680  
[2025-10-28 17:01:14]     Epoch 14/30: Val R²=0.0876 Train R²=0.3566 Gap=0.2690  
[2025-10-28 17:01:18]     Epoch 15/30: Val R²=0.0948 Train R²=0.3565 Gap=0.2617 ✓
[2025-10-28 17:01:23]     Epoch 16/30: Val R²=0.0916 Train R²=0.3619 Gap=0.2703  
[2025-10-28 17:01:27]     Epoch 17/30: Val R²=0.0902 Train R²=0.3634 Gap=0.2733  
[2025-10-28 17:01:31]     Epoch 18/30: Val R²=0.0943 Train R²=0.3641 Gap=0.2698  
[2025-10-28 17:01:31]     Early stopped at epoch 18
[2025-10-28 17:01:31] 
======================================================================
[2025-10-28 17:01:31] Config 1/1000 Complete:
[2025-10-28 17:01:31]   Best Val R²: 0.094840 (epoch 15)
[2025-10-28 17:01:31]   Best Global R²: 0.000000
[2025-10-28 17:01:31]   Overfitting Gap: 0.261678
[2025-10-28 17:01:31]   Parameters: 161,696
[2025-10-28 17:01:31]   Training Time: 78.8s
[2025-10-28 17:01:31] 
🎉🎉🎉 NEW GLOBAL BEST! R² improved from 0.000000 to 0.094840
[2025-10-28 17:01:31] 
======================================================================
[2025-10-28 17:01:31] 🏆 CREATING SUBMISSION - NEW BEST MODEL!
[2025-10-28 17:01:31] ======================================================================
[2025-10-28 17:01:31]   Val R²: 0.094840
[2025-10-28 17:01:31]   Directory: ../submissions/bruteforce_r2_00948_20251028_170012_cfg1
[2025-10-28 17:01:31]   Saved model: model_best.pt
[2025-10-28 17:01:31]   Generated: solution.py
[2025-10-28 17:01:31]   Copied: utils.py
[2025-10-28 17:01:31]   Saved: metadata.json
[2025-10-28 17:01:31] ======================================================================

[2025-10-28 17:01:31]   Results saved to models/test_bruteforce_search_results.csv
[2025-10-28 17:01:31] 
======================================================================
[2025-10-28 17:01:31] Config 2/1000 - Starting Training:
[2025-10-28 17:01:31]   Architecture:
[2025-10-28 17:01:31]     Lookback: 30, Hidden: 128, Layers: 1, Dropout: 0.1
[2025-10-28 17:01:31]     Bidirectional: True, GRU: True
[2025-10-28 17:01:31]   Output Head:
[2025-10-28 17:01:31]     FC Layers: 2, FC Hidden: 128, Activation: relu
[2025-10-28 17:01:31]     FC Dropout: 0.1, Batch Norm: True
[2025-10-28 17:01:31]   Training:
[2025-10-28 17:01:31]     Batch Size: 128, LR: 0.0001, Weight Decay: 0.0
[2025-10-28 17:01:31]     Optimizer: adamw, Grad Clip: 1.0, LR Patience: 3
[2025-10-28 17:01:35]     Epoch  1/30: Val R²=-0.0486 Train R²=0.0612 Gap=0.1099 ✓
[2025-10-28 17:01:40]     Epoch  2/30: Val R²=-0.0025 Train R²=0.2615 Gap=0.2640 ✓
[2025-10-28 17:01:44]     Epoch  3/30: Val R²=0.0186 Train R²=0.3002 Gap=0.2816 ✓
[2025-10-28 17:01:49]     Epoch  4/30: Val R²=0.0287 Train R²=0.3155 Gap=0.2868 ✓
[2025-10-28 17:01:53]     Epoch  5/30: Val R²=0.0443 Train R²=0.3226 Gap=0.2783 ✓
[2025-10-28 17:01:57]     Epoch  6/30: Val R²=0.0455 Train R²=0.3291 Gap=0.2836 ✓
[2025-10-28 17:02:01]     Epoch  7/30: Val R²=0.0517 Train R²=0.3319 Gap=0.2802 ✓
[2025-10-28 17:02:05]     Epoch  8/30: Val R²=0.0562 Train R²=0.3374 Gap=0.2812 ✓
[2025-10-28 17:02:10]     Epoch  9/30: Val R²=0.0656 Train R²=0.3419 Gap=0.2763 ✓
[2025-10-28 17:02:14]     Epoch 10/30: Val R²=0.0703 Train R²=0.3429 Gap=0.2727 ✓
[2025-10-28 17:02:19]     Epoch 11/30: Val R²=0.0695 Train R²=0.3450 Gap=0.2755  
[2025-10-28 17:02:23]     Epoch 12/30: Val R²=0.0717 Train R²=0.3490 Gap=0.2773 ✓
[2025-10-28 17:02:28]     Epoch 13/30: Val R²=0.0763 Train R²=0.3509 Gap=0.2746 ✓
[2025-10-28 17:02:32]     Epoch 14/30: Val R²=0.0817 Train R²=0.3529 Gap=0.2712 ✓
[2025-10-28 17:02:36]     Epoch 15/30: Val R²=0.0768 Train R²=0.3555 Gap=0.2788  
[2025-10-28 17:02:40]     Epoch 16/30: Val R²=0.0823 Train R²=0.3572 Gap=0.2749 ✓
[2025-10-28 17:02:44]     Epoch 17/30: Val R²=0.0860 Train R²=0.3580 Gap=0.2720 ✓
[2025-10-28 17:02:48]     Epoch 18/30: Val R²=0.0879 Train R²=0.3604 Gap=0.2726 ✓
[2025-10-28 17:02:52]     Epoch 19/30: Val R²=0.0839 Train R²=0.3639 Gap=0.2800  
[2025-10-28 17:02:57]     Epoch 20/30: Val R²=0.0903 Train R²=0.3637 Gap=0.2734 ✓
[2025-10-28 17:03:01]     Epoch 21/30: Val R²=0.0973 Train R²=0.3660 Gap=0.2687 ✓
[2025-10-28 17:03:06]     Epoch 22/30: Val R²=0.0940 Train R²=0.3677 Gap=0.2738  
[2025-10-28 17:03:10]     Epoch 23/30: Val R²=0.0953 Train R²=0.3678 Gap=0.2724  
[2025-10-28 17:03:14]     Epoch 24/30: Val R²=0.1014 Train R²=0.3704 Gap=0.2690 ✓
[2025-10-28 17:03:19]     Epoch 25/30: Val R²=0.1027 Train R²=0.3730 Gap=0.2703 ✓
[2025-10-28 17:03:23]     Epoch 26/30: Val R²=0.1027 Train R²=0.3740 Gap=0.2713 ✓
[2025-10-28 17:03:28]     Epoch 27/30: Val R²=0.0995 Train R²=0.3751 Gap=0.2757  
[2025-10-28 17:03:32]     Epoch 28/30: Val R²=0.1088 Train R²=0.3739 Gap=0.2652 ✓
[2025-10-28 17:03:36]     Epoch 29/30: Val R²=0.1057 Train R²=0.3783 Gap=0.2726  
[2025-10-28 17:03:41]     Epoch 30/30: Val R²=0.1056 Train R²=0.3771 Gap=0.2716  
[2025-10-28 17:03:41] 
======================================================================
[2025-10-28 17:03:41] Config 2/1000 Complete:
[2025-10-28 17:03:41]   Best Val R²: 0.108757 (epoch 28)
[2025-10-28 17:03:41]   Best Global R²: 0.094840
[2025-10-28 17:03:41]   Overfitting Gap: 0.265192
[2025-10-28 17:03:41]   Parameters: 161,696
[2025-10-28 17:03:41]   Training Time: 129.4s
[2025-10-28 17:03:41] 
🎉🎉🎉 NEW GLOBAL BEST! R² improved from 0.094840 to 0.108757
[2025-10-28 17:03:41] 
======================================================================
[2025-10-28 17:03:41] 🏆 CREATING SUBMISSION - NEW BEST MODEL!
[2025-10-28 17:03:41] ======================================================================
[2025-10-28 17:03:41]   Val R²: 0.108757
[2025-10-28 17:03:41]   Directory: ../submissions/bruteforce_r2_01088_20251028_170012_cfg2
[2025-10-28 17:03:41]   Saved model: model_best.pt
[2025-10-28 17:03:41]   Generated: solution.py
[2025-10-28 17:03:41]   Copied: utils.py
[2025-10-28 17:03:41]   Saved: metadata.json
[2025-10-28 17:03:41] ======================================================================

[2025-10-28 17:03:41]   Results saved to models/test_bruteforce_search_results.csv
[2025-10-28 17:03:41] 
======================================================================
[2025-10-28 17:03:41] Config 3/1000 - Starting Training:
[2025-10-28 17:03:41]   Architecture:
[2025-10-28 17:03:41]     Lookback: 30, Hidden: 128, Layers: 1, Dropout: 0.1
[2025-10-28 17:03:41]     Bidirectional: True, GRU: True
[2025-10-28 17:03:41]   Output Head:
[2025-10-28 17:03:41]     FC Layers: 2, FC Hidden: 128, Activation: relu
[2025-10-28 17:03:41]     FC Dropout: 0.1, Batch Norm: True
[2025-10-28 17:03:41]   Training:
[2025-10-28 17:03:41]     Batch Size: 128, LR: 0.0001, Weight Decay: 0.0001
[2025-10-28 17:03:41]     Optimizer: adamw, Grad Clip: 0.5, LR Patience: 3
[2025-10-28 17:03:45]     Epoch  1/30: Val R²=-0.0412 Train R²=0.1054 Gap=0.1466 ✓
[2025-10-28 17:03:49]     Epoch  2/30: Val R²=-0.0027 Train R²=0.2822 Gap=0.2849 ✓
[2025-10-28 17:03:54]     Epoch  3/30: Val R²=0.0197 Train R²=0.3106 Gap=0.2909 ✓
[2025-10-28 17:03:58]     Epoch  4/30: Val R²=0.0342 Train R²=0.3185 Gap=0.2844 ✓
[2025-10-28 17:04:02]     Epoch  5/30: Val R²=0.0343 Train R²=0.3265 Gap=0.2922 ✓
[2025-10-28 17:04:07]     Epoch  6/30: Val R²=0.0455 Train R²=0.3324 Gap=0.2869 ✓
[2025-10-28 17:04:11]     Epoch  7/30: Val R²=0.0510 Train R²=0.3371 Gap=0.2862 ✓
[2025-10-28 17:04:16]     Epoch  8/30: Val R²=0.0598 Train R²=0.3400 Gap=0.2802 ✓
[2025-10-28 17:04:21]     Epoch  9/30: Val R²=0.0587 Train R²=0.3418 Gap=0.2831  
[2025-10-28 17:04:25]     Epoch 10/30: Val R²=0.0673 Train R²=0.3463 Gap=0.2790 ✓
[2025-10-28 17:04:30]     Epoch 11/30: Val R²=0.0667 Train R²=0.3463 Gap=0.2796  
[2025-10-28 17:04:34]     Epoch 12/30: Val R²=0.0728 Train R²=0.3506 Gap=0.2778 ✓
[2025-10-28 17:04:39]     Epoch 13/30: Val R²=0.0745 Train R²=0.3544 Gap=0.2799 ✓
[2025-10-28 17:04:43]     Epoch 14/30: Val R²=0.0791 Train R²=0.3564 Gap=0.2773 ✓
[2025-10-28 17:04:48]     Epoch 15/30: Val R²=0.0812 Train R²=0.3600 Gap=0.2788 ✓
[2025-10-28 17:04:52]     Epoch 16/30: Val R²=0.0763 Train R²=0.3590 Gap=0.2827  
[2025-10-28 17:04:57]     Epoch 17/30: Val R²=0.0849 Train R²=0.3637 Gap=0.2788 ✓
[2025-10-28 17:05:01]     Epoch 18/30: Val R²=0.0903 Train R²=0.3618 Gap=0.2714 ✓
[2025-10-28 17:05:06]     Epoch 19/30: Val R²=0.0918 Train R²=0.3637 Gap=0.2719 ✓
[2025-10-28 17:05:10]     Epoch 20/30: Val R²=0.0920 Train R²=0.3667 Gap=0.2747 ✓
[2025-10-28 17:05:15]     Epoch 21/30: Val R²=0.0900 Train R²=0.3682 Gap=0.2782  
[2025-10-28 17:05:19]     Epoch 22/30: Val R²=0.0930 Train R²=0.3696 Gap=0.2767 ✓
[2025-10-28 17:05:23]     Epoch 23/30: Val R²=0.0917 Train R²=0.3697 Gap=0.2780  
[2025-10-28 17:05:28]     Epoch 24/30: Val R²=0.1043 Train R²=0.3713 Gap=0.2670 ✓
[2025-10-28 17:05:32]     Epoch 25/30: Val R²=0.0973 Train R²=0.3732 Gap=0.2759  
[2025-10-28 17:05:37]     Epoch 26/30: Val R²=0.0993 Train R²=0.3756 Gap=0.2763  
[2025-10-28 17:05:41]     Epoch 27/30: Val R²=0.0960 Train R²=0.3743 Gap=0.2783  
[2025-10-28 17:05:41]     Early stopped at epoch 27
[2025-10-28 17:05:41] 
======================================================================
[2025-10-28 17:05:41] Config 3/1000 Complete:
[2025-10-28 17:05:41]   Best Val R²: 0.104285 (epoch 24)
[2025-10-28 17:05:41]   Best Global R²: 0.108757
[2025-10-28 17:05:41]   Overfitting Gap: 0.267044
[2025-10-28 17:05:41]   Parameters: 161,696
[2025-10-28 17:05:41]   Training Time: 120.5s
[2025-10-28 17:05:41]   Not better than global best (0.108757)
[2025-10-28 17:05:41]   Results saved to models/test_bruteforce_search_results.csv
[2025-10-28 17:05:41] 
======================================================================
[2025-10-28 17:05:41] Config 4/1000 - Starting Training:
[2025-10-28 17:05:41]   Architecture:
[2025-10-28 17:05:41]     Lookback: 30, Hidden: 128, Layers: 1, Dropout: 0.1
[2025-10-28 17:05:41]     Bidirectional: True, GRU: True
[2025-10-28 17:05:41]   Output Head:
[2025-10-28 17:05:41]     FC Layers: 2, FC Hidden: 128, Activation: relu
[2025-10-28 17:05:41]     FC Dropout: 0.1, Batch Norm: True
[2025-10-28 17:05:41]   Training:
[2025-10-28 17:05:41]     Batch Size: 128, LR: 0.0001, Weight Decay: 0.0001
[2025-10-28 17:05:41]     Optimizer: adamw, Grad Clip: 1.0, LR Patience: 3
[2025-10-28 17:05:45]     Epoch  1/30: Val R²=-0.0189 Train R²=0.0703 Gap=0.0892 ✓
[2025-10-28 17:05:50]     Epoch  2/30: Val R²=0.0164 Train R²=0.2609 Gap=0.2445 ✓
[2025-10-28 17:05:54]     Epoch  3/30: Val R²=0.0392 Train R²=0.3018 Gap=0.2626 ✓
[2025-10-28 17:05:58]     Epoch  4/30: Val R²=0.0484 Train R²=0.3173 Gap=0.2689 ✓
[2025-10-28 17:06:02]     Epoch  5/30: Val R²=0.0504 Train R²=0.3247 Gap=0.2743 ✓
[2025-10-28 17:06:07]     Epoch  6/30: Val R²=0.0624 Train R²=0.3294 Gap=0.2670 ✓
[2025-10-28 17:06:11]     Epoch  7/30: Val R²=0.0651 Train R²=0.3329 Gap=0.2678 ✓
[2025-10-28 17:06:15]     Epoch  8/30: Val R²=0.0744 Train R²=0.3375 Gap=0.2631 ✓
[2025-10-28 17:06:19]     Epoch  9/30: Val R²=0.0782 Train R²=0.3413 Gap=0.2631 ✓
[2025-10-28 17:06:24]     Epoch 10/30: Val R²=0.0798 Train R²=0.3437 Gap=0.2639 ✓
[2025-10-28 17:06:28]     Epoch 11/30: Val R²=0.0882 Train R²=0.3479 Gap=0.2598 ✓
[2025-10-28 17:06:32]     Epoch 12/30: Val R²=0.0908 Train R²=0.3498 Gap=0.2590 ✓
[2025-10-28 17:06:37]     Epoch 13/30: Val R²=0.0944 Train R²=0.3528 Gap=0.2583 ✓
[2025-10-28 17:06:41]     Epoch 14/30: Val R²=0.0901 Train R²=0.3546 Gap=0.2645  
[2025-10-28 17:06:46]     Epoch 15/30: Val R²=0.0949 Train R²=0.3575 Gap=0.2626 ✓
[2025-10-28 17:06:50]     Epoch 16/30: Val R²=0.0976 Train R²=0.3596 Gap=0.2620 ✓
[2025-10-28 17:06:54]     Epoch 17/30: Val R²=0.1019 Train R²=0.3610 Gap=0.2591 ✓
[2025-10-28 17:06:59]     Epoch 18/30: Val R²=0.1081 Train R²=0.3635 Gap=0.2554 ✓
[2025-10-28 17:07:03]     Epoch 19/30: Val R²=0.1028 Train R²=0.3647 Gap=0.2619  
[2025-10-28 17:07:08]     Epoch 20/30: Val R²=0.1021 Train R²=0.3654 Gap=0.2633  
[2025-10-28 17:07:13]     Epoch 21/30: Val R²=0.1041 Train R²=0.3683 Gap=0.2642  
[2025-10-28 17:07:13]     Early stopped at epoch 21
[2025-10-28 17:07:13] 
======================================================================
[2025-10-28 17:07:13] Config 4/1000 Complete:
[2025-10-28 17:07:13]   Best Val R²: 0.108051 (epoch 18)
[2025-10-28 17:07:13]   Best Global R²: 0.108757
[2025-10-28 17:07:13]   Overfitting Gap: 0.255433
[2025-10-28 17:07:13]   Parameters: 161,696
[2025-10-28 17:07:13]   Training Time: 91.6s
[2025-10-28 17:07:13]   Not better than global best (0.108757)
[2025-10-28 17:07:13]   Results saved to models/test_bruteforce_search_results.csv
[2025-10-28 17:07:13] 
======================================================================
[2025-10-28 17:07:13] Config 5/1000 - Starting Training:
[2025-10-28 17:07:13]   Architecture:
[2025-10-28 17:07:13]     Lookback: 30, Hidden: 128, Layers: 1, Dropout: 0.1
[2025-10-28 17:07:13]     Bidirectional: True, GRU: True
[2025-10-28 17:07:13]   Output Head:
[2025-10-28 17:07:13]     FC Layers: 2, FC Hidden: 128, Activation: relu
[2025-10-28 17:07:13]     FC Dropout: 0.1, Batch Norm: True
[2025-10-28 17:07:13]   Training:
[2025-10-28 17:07:13]     Batch Size: 128, LR: 0.0005, Weight Decay: 0.0
[2025-10-28 17:07:13]     Optimizer: adamw, Grad Clip: 0.5, LR Patience: 3
[2025-10-28 17:07:18]     Epoch  1/30: Val R²=0.0320 Train R²=0.2460 Gap=0.2140 ✓
[2025-10-28 17:07:22]     Epoch  2/30: Val R²=0.0514 Train R²=0.3269 Gap=0.2755 ✓
[2025-10-28 17:07:27]     Epoch  3/30: Val R²=0.0713 Train R²=0.3402 Gap=0.2689 ✓
[2025-10-28 17:07:32]     Epoch  4/30: Val R²=0.0833 Train R²=0.3513 Gap=0.2680 ✓
[2025-10-28 17:07:37]     Epoch  5/30: Val R²=0.0935 Train R²=0.3559 Gap=0.2624 ✓
[2025-10-28 17:07:41]     Epoch  6/30: Val R²=0.0867 Train R²=0.3609 Gap=0.2742  
[2025-10-28 17:07:46]     Epoch  7/30: Val R²=0.0991 Train R²=0.3654 Gap=0.2663 ✓
[2025-10-28 17:07:51]     Epoch  8/30: Val R²=0.1088 Train R²=0.3691 Gap=0.2603 ✓
[2025-10-28 17:07:56]     Epoch  9/30: Val R²=0.0936 Train R²=0.3713 Gap=0.2777  
[2025-10-28 17:08:00]     Epoch 10/30: Val R²=0.1079 Train R²=0.3775 Gap=0.2697  
[2025-10-28 17:08:05]     Epoch 11/30: Val R²=0.1132 Train R²=0.3799 Gap=0.2667 ✓
[2025-10-28 17:08:10]     Epoch 12/30: Val R²=0.1094 Train R²=0.3826 Gap=0.2732  
[2025-10-28 17:08:14]     Epoch 13/30: Val R²=0.1245 Train R²=0.3848 Gap=0.2603 ✓
[2025-10-28 17:08:18]     Epoch 14/30: Val R²=0.1244 Train R²=0.3906 Gap=0.2663  
[2025-10-28 17:08:23]     Epoch 15/30: Val R²=0.1191 Train R²=0.3925 Gap=0.2734  
[2025-10-28 17:08:28]     Epoch 16/30: Val R²=0.1395 Train R²=0.3949 Gap=0.2554 ✓
[2025-10-28 17:08:32]     Epoch 17/30: Val R²=0.1397 Train R²=0.3960 Gap=0.2563 ✓
[2025-10-28 17:08:36]     Epoch 18/30: Val R²=0.1486 Train R²=0.3994 Gap=0.2507 ✓
[2025-10-28 17:08:40]     Epoch 19/30: Val R²=0.1474 Train R²=0.4021 Gap=0.2547  
[2025-10-28 17:08:45]     Epoch 20/30: Val R²=0.1327 Train R²=0.4049 Gap=0.2722  
[2025-10-28 17:08:50]     Epoch 21/30: Val R²=0.1462 Train R²=0.4079 Gap=0.2616  
[2025-10-28 17:08:50]     Early stopped at epoch 21
[2025-10-28 17:08:50] 
======================================================================
[2025-10-28 17:08:50] Config 5/1000 Complete:
[2025-10-28 17:08:50]   Best Val R²: 0.148637 (epoch 18)
[2025-10-28 17:08:50]   Best Global R²: 0.108757
[2025-10-28 17:08:50]   Overfitting Gap: 0.250720
[2025-10-28 17:08:50]   Parameters: 161,696
[2025-10-28 17:08:50]   Training Time: 96.8s
[2025-10-28 17:08:50] 
🎉🎉🎉 NEW GLOBAL BEST! R² improved from 0.108757 to 0.148637
[2025-10-28 17:08:50] 
======================================================================
[2025-10-28 17:08:50] 🏆 CREATING SUBMISSION - NEW BEST MODEL!
[2025-10-28 17:08:50] ======================================================================
[2025-10-28 17:08:50]   Val R²: 0.148637
[2025-10-28 17:08:50]   Directory: ../submissions/bruteforce_r2_01486_20251028_170012_cfg5
[2025-10-28 17:08:50]   Saved model: model_best.pt
[2025-10-28 17:08:50]   Generated: solution.py
[2025-10-28 17:08:50]   Copied: utils.py
[2025-10-28 17:08:50]   Saved: metadata.json
[2025-10-28 17:08:50] ======================================================================

[2025-10-28 17:08:50]   Results saved to models/test_bruteforce_search_results.csv
[2025-10-28 17:08:50] 
======================================================================
[2025-10-28 17:08:50] Config 6/1000 - Starting Training:
[2025-10-28 17:08:50]   Architecture:
[2025-10-28 17:08:50]     Lookback: 30, Hidden: 128, Layers: 1, Dropout: 0.1
[2025-10-28 17:08:50]     Bidirectional: True, GRU: True
[2025-10-28 17:08:50]   Output Head:
[2025-10-28 17:08:50]     FC Layers: 2, FC Hidden: 128, Activation: relu
[2025-10-28 17:08:50]     FC Dropout: 0.1, Batch Norm: True
[2025-10-28 17:08:50]   Training:
[2025-10-28 17:08:50]     Batch Size: 128, LR: 0.0005, Weight Decay: 0.0
[2025-10-28 17:08:50]     Optimizer: adamw, Grad Clip: 1.0, LR Patience: 3
[2025-10-28 17:08:54]     Epoch  1/30: Val R²=0.0303 Train R²=0.2579 Gap=0.2276 ✓
[2025-10-28 17:08:58]     Epoch  2/30: Val R²=0.0439 Train R²=0.3258 Gap=0.2819 ✓
[2025-10-28 17:09:03]     Epoch  3/30: Val R²=0.0612 Train R²=0.3369 Gap=0.2756 ✓
[2025-10-28 17:09:07]     Epoch  4/30: Val R²=0.0710 Train R²=0.3486 Gap=0.2775 ✓
[2025-10-28 17:09:11]     Epoch  5/30: Val R²=0.0925 Train R²=0.3561 Gap=0.2636 ✓
[2025-10-28 17:09:15]     Epoch  6/30: Val R²=0.0922 Train R²=0.3601 Gap=0.2678  
[2025-10-28 17:09:19]     Epoch  7/30: Val R²=0.0918 Train R²=0.3636 Gap=0.2719  
[2025-10-28 17:09:23]     Epoch  8/30: Val R²=0.0944 Train R²=0.3688 Gap=0.2744 ✓
[2025-10-28 17:09:27]     Epoch  9/30: Val R²=0.1006 Train R²=0.3737 Gap=0.2731 ✓
[2025-10-28 17:09:31]     Epoch 10/30: Val R²=0.1037 Train R²=0.3759 Gap=0.2722 ✓
[2025-10-28 17:09:35]     Epoch 11/30: Val R²=0.1143 Train R²=0.3785 Gap=0.2643 ✓
[2025-10-28 17:09:39]     Epoch 12/30: Val R²=0.1090 Train R²=0.3777 Gap=0.2686  
[2025-10-28 17:09:43]     Epoch 13/30: Val R²=0.1127 Train R²=0.3832 Gap=0.2706  
[2025-10-28 17:09:47]     Epoch 14/30: Val R²=0.1084 Train R²=0.3881 Gap=0.2797  
[2025-10-28 17:09:47]     Early stopped at epoch 14
[2025-10-28 17:09:47] 
======================================================================
[2025-10-28 17:09:47] Config 6/1000 Complete:
[2025-10-28 17:09:47]   Best Val R²: 0.114259 (epoch 11)
[2025-10-28 17:09:47]   Best Global R²: 0.148637
[2025-10-28 17:09:47]   Overfitting Gap: 0.264271
[2025-10-28 17:09:47]   Parameters: 161,696
[2025-10-28 17:09:47]   Training Time: 57.8s
[2025-10-28 17:09:47]   Not better than global best (0.148637)
[2025-10-28 17:09:47]   Results saved to models/test_bruteforce_search_results.csv
[2025-10-28 17:09:47] 
======================================================================
[2025-10-28 17:09:47] Config 7/1000 - Starting Training:
[2025-10-28 17:09:47]   Architecture:
[2025-10-28 17:09:47]     Lookback: 30, Hidden: 128, Layers: 1, Dropout: 0.1
[2025-10-28 17:09:47]     Bidirectional: True, GRU: True
[2025-10-28 17:09:47]   Output Head:
[2025-10-28 17:09:47]     FC Layers: 2, FC Hidden: 128, Activation: relu
[2025-10-28 17:09:47]     FC Dropout: 0.1, Batch Norm: True
[2025-10-28 17:09:47]   Training:
[2025-10-28 17:09:47]     Batch Size: 128, LR: 0.0005, Weight Decay: 0.0001
[2025-10-28 17:09:47]     Optimizer: adamw, Grad Clip: 0.5, LR Patience: 3
[2025-10-28 17:09:52]     Epoch  1/30: Val R²=0.0324 Train R²=0.2401 Gap=0.2077 ✓
[2025-10-28 17:09:56]     Epoch  2/30: Val R²=0.0595 Train R²=0.3288 Gap=0.2694 ✓
[2025-10-28 17:10:00]     Epoch  3/30: Val R²=0.0643 Train R²=0.3413 Gap=0.2770 ✓
[2025-10-28 17:10:04]     Epoch  4/30: Val R²=0.0719 Train R²=0.3483 Gap=0.2765 ✓
[2025-10-28 17:10:08]     Epoch  5/30: Val R²=0.0868 Train R²=0.3563 Gap=0.2695 ✓
[2025-10-28 17:10:13]     Epoch  6/30: Val R²=0.0855 Train R²=0.3636 Gap=0.2782  
[2025-10-28 17:10:17]     Epoch  7/30: Val R²=0.1015 Train R²=0.3641 Gap=0.2627 ✓
[2025-10-28 17:10:22]     Epoch  8/30: Val R²=0.1098 Train R²=0.3704 Gap=0.2606 ✓
[2025-10-28 17:10:26]     Epoch  9/30: Val R²=0.1139 Train R²=0.3746 Gap=0.2607 ✓
[2025-10-28 17:10:31]     Epoch 10/30: Val R²=0.1130 Train R²=0.3788 Gap=0.2658  
[2025-10-28 17:10:35]     Epoch 11/30: Val R²=0.1233 Train R²=0.3789 Gap=0.2556 ✓
[2025-10-28 17:10:39]     Epoch 12/30: Val R²=0.1240 Train R²=0.3835 Gap=0.2595 ✓
[2025-10-28 17:10:43]     Epoch 13/30: Val R²=0.1344 Train R²=0.3852 Gap=0.2508 ✓
[2025-10-28 17:10:48]     Epoch 14/30: Val R²=0.1390 Train R²=0.3890 Gap=0.2500 ✓
[2025-10-28 17:10:52]     Epoch 15/30: Val R²=0.1459 Train R²=0.3900 Gap=0.2441 ✓
[2025-10-28 17:10:56]     Epoch 16/30: Val R²=0.1462 Train R²=0.3917 Gap=0.2454 ✓
[2025-10-28 17:11:01]     Epoch 17/30: Val R²=0.1602 Train R²=0.3967 Gap=0.2365 ✓
[2025-10-28 17:11:05]     Epoch 18/30: Val R²=0.1574 Train R²=0.3987 Gap=0.2413  
[2025-10-28 17:11:09]     Epoch 19/30: Val R²=0.1481 Train R²=0.4008 Gap=0.2526  
[2025-10-28 17:11:14]     Epoch 20/30: Val R²=0.1590 Train R²=0.4032 Gap=0.2442  
[2025-10-28 17:11:14]     Early stopped at epoch 20
[2025-10-28 17:11:14] 
======================================================================
[2025-10-28 17:11:14] Config 7/1000 Complete:
[2025-10-28 17:11:14]   Best Val R²: 0.160201 (epoch 17)
[2025-10-28 17:11:14]   Best Global R²: 0.148637
[2025-10-28 17:11:14]   Overfitting Gap: 0.236537
[2025-10-28 17:11:14]   Parameters: 161,696
[2025-10-28 17:11:14]   Training Time: 86.1s
[2025-10-28 17:11:14] 
🎉🎉🎉 NEW GLOBAL BEST! R² improved from 0.148637 to 0.160201
[2025-10-28 17:11:14] 
======================================================================
[2025-10-28 17:11:14] 🏆 CREATING SUBMISSION - NEW BEST MODEL!
[2025-10-28 17:11:14] ======================================================================
[2025-10-28 17:11:14]   Val R²: 0.160201
[2025-10-28 17:11:14]   Directory: ../submissions/bruteforce_r2_01602_20251028_170012_cfg7
[2025-10-28 17:11:14]   Saved model: model_best.pt
[2025-10-28 17:11:14]   Generated: solution.py
[2025-10-28 17:11:14]   Copied: utils.py
[2025-10-28 17:11:14]   Saved: metadata.json
[2025-10-28 17:11:14] ======================================================================

[2025-10-28 17:11:14]   Results saved to models/test_bruteforce_search_results.csv
[2025-10-28 17:11:14] 
======================================================================
[2025-10-28 17:11:14] Config 8/1000 - Starting Training:
[2025-10-28 17:11:14]   Architecture:
[2025-10-28 17:11:14]     Lookback: 30, Hidden: 128, Layers: 1, Dropout: 0.1
[2025-10-28 17:11:14]     Bidirectional: True, GRU: True
[2025-10-28 17:11:14]   Output Head:
[2025-10-28 17:11:14]     FC Layers: 2, FC Hidden: 128, Activation: relu
[2025-10-28 17:11:14]     FC Dropout: 0.1, Batch Norm: True
[2025-10-28 17:11:14]   Training:
[2025-10-28 17:11:14]     Batch Size: 128, LR: 0.0005, Weight Decay: 0.0001
[2025-10-28 17:11:14]     Optimizer: adamw, Grad Clip: 1.0, LR Patience: 3
[2025-10-28 17:11:18]     Epoch  1/30: Val R²=0.0409 Train R²=0.2460 Gap=0.2051 ✓
[2025-10-28 17:11:22]     Epoch  2/30: Val R²=0.0625 Train R²=0.3250 Gap=0.2625 ✓
[2025-10-28 17:11:26]     Epoch  3/30: Val R²=0.0642 Train R²=0.3376 Gap=0.2733 ✓
[2025-10-28 17:11:31]     Epoch  4/30: Val R²=0.0810 Train R²=0.3496 Gap=0.2686 ✓
[2025-10-28 17:11:35]     Epoch  5/30: Val R²=0.0765 Train R²=0.3549 Gap=0.2784  
[2025-10-28 17:11:39]     Epoch  6/30: Val R²=0.0986 Train R²=0.3612 Gap=0.2626 ✓
[2025-10-28 17:11:43]     Epoch  7/30: Val R²=0.1046 Train R²=0.3650 Gap=0.2605 ✓
[2025-10-28 17:11:48]     Epoch  8/30: Val R²=0.1092 Train R²=0.3675 Gap=0.2583 ✓
[2025-10-28 17:11:52]     Epoch  9/30: Val R²=0.1073 Train R²=0.3731 Gap=0.2658  
[2025-10-28 17:11:57]     Epoch 10/30: Val R²=0.1176 Train R²=0.3765 Gap=0.2589 ✓
[2025-10-28 17:12:01]     Epoch 11/30: Val R²=0.1173 Train R²=0.3781 Gap=0.2608  
[2025-10-28 17:12:06]     Epoch 12/30: Val R²=0.1393 Train R²=0.3820 Gap=0.2427 ✓
[2025-10-28 17:12:10]     Epoch 13/30: Val R²=0.1403 Train R²=0.3846 Gap=0.2443 ✓
[2025-10-28 17:12:15]     Epoch 14/30: Val R²=0.1343 Train R²=0.3876 Gap=0.2534  
[2025-10-28 17:12:19]     Epoch 15/30: Val R²=0.1370 Train R²=0.3915 Gap=0.2545  
[2025-10-28 17:12:24]     Epoch 16/30: Val R²=0.1481 Train R²=0.3946 Gap=0.2464 ✓
[2025-10-28 17:12:29]     Epoch 17/30: Val R²=0.1541 Train R²=0.3967 Gap=0.2426 ✓
[2025-10-28 17:12:34]     Epoch 18/30: Val R²=0.1404 Train R²=0.4001 Gap=0.2597  
[2025-10-28 17:12:39]     Epoch 19/30: Val R²=0.1394 Train R²=0.4003 Gap=0.2610  
[2025-10-28 17:12:44]     Epoch 20/30: Val R²=0.1623 Train R²=0.4051 Gap=0.2427 ✓
[2025-10-28 17:12:48]     Epoch 21/30: Val R²=0.1507 Train R²=0.4060 Gap=0.2554  
[2025-10-28 17:12:53]     Epoch 22/30: Val R²=0.1614 Train R²=0.4101 Gap=0.2487  
[2025-10-28 17:12:58]     Epoch 23/30: Val R²=0.1348 Train R²=0.4129 Gap=0.2781  
[2025-10-28 17:12:58]     Early stopped at epoch 23
[2025-10-28 17:12:58] 
======================================================================
[2025-10-28 17:12:58] Config 8/1000 Complete:
[2025-10-28 17:12:58]   Best Val R²: 0.162344 (epoch 20)
[2025-10-28 17:12:58]   Best Global R²: 0.160201
[2025-10-28 17:12:58]   Overfitting Gap: 0.242723
[2025-10-28 17:12:58]   Parameters: 161,696
[2025-10-28 17:12:58]   Training Time: 104.2s
[2025-10-28 17:12:58] 
🎉🎉🎉 NEW GLOBAL BEST! R² improved from 0.160201 to 0.162344
[2025-10-28 17:12:58] 
======================================================================
[2025-10-28 17:12:58] 🏆 CREATING SUBMISSION - NEW BEST MODEL!
[2025-10-28 17:12:58] ======================================================================
[2025-10-28 17:12:58]   Val R²: 0.162344
[2025-10-28 17:12:58]   Directory: ../submissions/bruteforce_r2_01623_20251028_170012_cfg8
[2025-10-28 17:12:58]   Saved model: model_best.pt
[2025-10-28 17:12:58]   Generated: solution.py
[2025-10-28 17:12:58]   Copied: utils.py
[2025-10-28 17:12:58]   Saved: metadata.json
[2025-10-28 17:12:58] ======================================================================

[2025-10-28 17:12:58]   Results saved to models/test_bruteforce_search_results.csv
[2025-10-28 17:12:58] 
======================================================================
[2025-10-28 17:12:58] Config 9/1000 - Starting Training:
[2025-10-28 17:12:58]   Architecture:
[2025-10-28 17:12:58]     Lookback: 30, Hidden: 128, Layers: 1, Dropout: 0.1
[2025-10-28 17:12:58]     Bidirectional: True, GRU: True
[2025-10-28 17:12:58]   Output Head:
[2025-10-28 17:12:58]     FC Layers: 2, FC Hidden: 128, Activation: relu
[2025-10-28 17:12:58]     FC Dropout: 0.1, Batch Norm: True
[2025-10-28 17:12:58]   Training:
[2025-10-28 17:12:58]     Batch Size: 256, LR: 0.0001, Weight Decay: 0.0
[2025-10-28 17:12:58]     Optimizer: adamw, Grad Clip: 0.5, LR Patience: 3
[2025-10-28 17:13:01]     Epoch  1/30: Val R²=-0.0263 Train R²=0.0021 Gap=0.0284 ✓
[2025-10-28 17:13:03]     Epoch  2/30: Val R²=-0.0198 Train R²=0.2139 Gap=0.2337 ✓
[2025-10-28 17:13:06]     Epoch  3/30: Val R²=0.0015 Train R²=0.2737 Gap=0.2722 ✓
[2025-10-28 17:13:08]     Epoch  4/30: Val R²=0.0249 Train R²=0.2982 Gap=0.2733 ✓
[2025-10-28 17:13:11]     Epoch  5/30: Val R²=0.0358 Train R²=0.3102 Gap=0.2743 ✓
[2025-10-28 17:13:13]     Epoch  6/30: Val R²=0.0411 Train R²=0.3168 Gap=0.2757 ✓
[2025-10-28 17:13:16]     Epoch  7/30: Val R²=0.0504 Train R²=0.3245 Gap=0.2741 ✓
[2025-10-28 17:13:18]     Epoch  8/30: Val R²=0.0520 Train R²=0.3271 Gap=0.2751 ✓
[2025-10-28 17:13:21]     Epoch  9/30: Val R²=0.0559 Train R²=0.3321 Gap=0.2762 ✓
[2025-10-28 17:13:23]     Epoch 10/30: Val R²=0.0606 Train R²=0.3360 Gap=0.2754 ✓
[2025-10-28 17:13:26]     Epoch 11/30: Val R²=0.0641 Train R²=0.3382 Gap=0.2742 ✓
[2025-10-28 17:13:28]     Epoch 12/30: Val R²=0.0632 Train R²=0.3407 Gap=0.2775  
[2025-10-28 17:13:30]     Epoch 13/30: Val R²=0.0666 Train R²=0.3427 Gap=0.2761 ✓
[2025-10-28 17:13:33]     Epoch 14/30: Val R²=0.0749 Train R²=0.3465 Gap=0.2716 ✓
[2025-10-28 17:13:36]     Epoch 15/30: Val R²=0.0830 Train R²=0.3478 Gap=0.2648 ✓
[2025-10-28 17:13:38]     Epoch 16/30: Val R²=0.0715 Train R²=0.3498 Gap=0.2783  
[2025-10-28 17:13:40]     Epoch 17/30: Val R²=0.0813 Train R²=0.3541 Gap=0.2729  
[2025-10-28 17:13:42]     Epoch 18/30: Val R²=0.0806 Train R²=0.3543 Gap=0.2737  
[2025-10-28 17:13:42]     Early stopped at epoch 18
[2025-10-28 17:13:42] 
======================================================================
[2025-10-28 17:13:42] Config 9/1000 Complete:
[2025-10-28 17:13:42]   Best Val R²: 0.082950 (epoch 15)
[2025-10-28 17:13:42]   Best Global R²: 0.162344
[2025-10-28 17:13:42]   Overfitting Gap: 0.264847
[2025-10-28 17:13:42]   Parameters: 161,696
[2025-10-28 17:13:42]   Training Time: 44.7s
[2025-10-28 17:13:42]   Not better than global best (0.162344)
[2025-10-28 17:13:42]   Results saved to models/test_bruteforce_search_results.csv
[2025-10-28 17:13:42] 
======================================================================
[2025-10-28 17:13:42] Config 10/1000 - Starting Training:
[2025-10-28 17:13:42]   Architecture:
[2025-10-28 17:13:42]     Lookback: 30, Hidden: 128, Layers: 1, Dropout: 0.1
[2025-10-28 17:13:42]     Bidirectional: True, GRU: True
[2025-10-28 17:13:42]   Output Head:
[2025-10-28 17:13:42]     FC Layers: 2, FC Hidden: 128, Activation: relu
[2025-10-28 17:13:42]     FC Dropout: 0.1, Batch Norm: True
[2025-10-28 17:13:42]   Training:
[2025-10-28 17:13:42]     Batch Size: 256, LR: 0.0001, Weight Decay: 0.0
[2025-10-28 17:13:42]     Optimizer: adamw, Grad Clip: 1.0, LR Patience: 3
[2025-10-28 17:13:45]     Epoch  1/30: Val R²=-0.0207 Train R²=-0.0123 Gap=0.0084 ✓
[2025-10-28 17:13:47]     Epoch  2/30: Val R²=-0.0237 Train R²=0.2125 Gap=0.2362  
[2025-10-28 17:13:50]     Epoch  3/30: Val R²=-0.0034 Train R²=0.2725 Gap=0.2759 ✓
[2025-10-28 17:13:52]     Epoch  4/30: Val R²=0.0119 Train R²=0.2972 Gap=0.2853 ✓
[2025-10-28 17:13:54]     Epoch  5/30: Val R²=0.0250 Train R²=0.3094 Gap=0.2844 ✓
[2025-10-28 17:13:56]     Epoch  6/30: Val R²=0.0307 Train R²=0.3187 Gap=0.2880 ✓
[2025-10-28 17:13:59]     Epoch  7/30: Val R²=0.0394 Train R²=0.3246 Gap=0.2853 ✓
[2025-10-28 17:14:01]     Epoch  8/30: Val R²=0.0379 Train R²=0.3276 Gap=0.2897  
[2025-10-28 17:14:03]     Epoch  9/30: Val R²=0.0475 Train R²=0.3315 Gap=0.2840 ✓
[2025-10-28 17:14:05]     Epoch 10/30: Val R²=0.0536 Train R²=0.3361 Gap=0.2825 ✓
[2025-10-28 17:14:07]     Epoch 11/30: Val R²=0.0550 Train R²=0.3372 Gap=0.2823 ✓
[2025-10-28 17:14:10]     Epoch 12/30: Val R²=0.0590 Train R²=0.3406 Gap=0.2817 ✓
[2025-10-28 17:14:12]     Epoch 13/30: Val R²=0.0596 Train R²=0.3431 Gap=0.2835 ✓
[2025-10-28 17:14:14]     Epoch 14/30: Val R²=0.0632 Train R²=0.3447 Gap=0.2816 ✓
[2025-10-28 17:14:16]     Epoch 15/30: Val R²=0.0632 Train R²=0.3488 Gap=0.2856 ✓
[2025-10-28 17:14:19]     Epoch 16/30: Val R²=0.0697 Train R²=0.3494 Gap=0.2797 ✓
[2025-10-28 17:14:21]     Epoch 17/30: Val R²=0.0715 Train R²=0.3508 Gap=0.2793 ✓
[2025-10-28 17:14:23]     Epoch 18/30: Val R²=0.0766 Train R²=0.3541 Gap=0.2775 ✓
[2025-10-28 17:14:25]     Epoch 19/30: Val R²=0.0743 Train R²=0.3555 Gap=0.2812  
[2025-10-28 17:14:27]     Epoch 20/30: Val R²=0.0768 Train R²=0.3563 Gap=0.2794 ✓
[2025-10-28 17:14:29]     Epoch 21/30: Val R²=0.0814 Train R²=0.3574 Gap=0.2760 ✓
[2025-10-28 17:14:31]     Epoch 22/30: Val R²=0.0815 Train R²=0.3593 Gap=0.2778 ✓
[2025-10-28 17:14:34]     Epoch 23/30: Val R²=0.0848 Train R²=0.3593 Gap=0.2745 ✓
[2025-10-28 17:14:36]     Epoch 24/30: Val R²=0.0882 Train R²=0.3624 Gap=0.2742 ✓
[2025-10-28 17:14:38]     Epoch 25/30: Val R²=0.0867 Train R²=0.3626 Gap=0.2759  
[2025-10-28 17:14:40]     Epoch 26/30: Val R²=0.0849 Train R²=0.3648 Gap=0.2800  
[2025-10-28 17:14:42]     Epoch 27/30: Val R²=0.0875 Train R²=0.3652 Gap=0.2777  
[2025-10-28 17:14:42]     Early stopped at epoch 27
[2025-10-28 17:14:42] 
======================================================================
[2025-10-28 17:14:42] Config 10/1000 Complete:
[2025-10-28 17:14:42]   Best Val R²: 0.088206 (epoch 24)
[2025-10-28 17:14:42]   Best Global R²: 0.162344
[2025-10-28 17:14:42]   Overfitting Gap: 0.274202
[2025-10-28 17:14:42]   Parameters: 161,696
[2025-10-28 17:14:42]   Training Time: 59.7s
[2025-10-28 17:14:42]   Not better than global best (0.162344)
[2025-10-28 17:14:42]   Results saved to models/test_bruteforce_search_results.csv
[2025-10-28 17:14:42] 
======================================================================
[2025-10-28 17:14:42] Config 11/1000 - Starting Training:
[2025-10-28 17:14:42]   Architecture:
[2025-10-28 17:14:42]     Lookback: 30, Hidden: 128, Layers: 1, Dropout: 0.1
[2025-10-28 17:14:42]     Bidirectional: True, GRU: True
[2025-10-28 17:14:42]   Output Head:
[2025-10-28 17:14:42]     FC Layers: 2, FC Hidden: 128, Activation: relu
[2025-10-28 17:14:42]     FC Dropout: 0.1, Batch Norm: True
[2025-10-28 17:14:42]   Training:
[2025-10-28 17:14:42]     Batch Size: 256, LR: 0.0001, Weight Decay: 0.0001
[2025-10-28 17:14:42]     Optimizer: adamw, Grad Clip: 0.5, LR Patience: 3
[2025-10-28 17:14:44]     Epoch  1/30: Val R²=-0.0275 Train R²=-0.0034 Gap=0.0241 ✓
[2025-10-28 17:14:47]     Epoch  2/30: Val R²=-0.0150 Train R²=0.2100 Gap=0.2250 ✓
[2025-10-28 17:14:49]     Epoch  3/30: Val R²=0.0109 Train R²=0.2792 Gap=0.2682 ✓
[2025-10-28 17:14:51]     Epoch  4/30: Val R²=0.0247 Train R²=0.3029 Gap=0.2782 ✓
[2025-10-28 17:14:53]     Epoch  5/30: Val R²=0.0369 Train R²=0.3146 Gap=0.2777 ✓
[2025-10-28 17:14:55]     Epoch  6/30: Val R²=0.0438 Train R²=0.3225 Gap=0.2787 ✓
[2025-10-28 17:14:57]     Epoch  7/30: Val R²=0.0478 Train R²=0.3257 Gap=0.2778 ✓
[2025-10-28 17:15:00]     Epoch  8/30: Val R²=0.0578 Train R²=0.3324 Gap=0.2746 ✓
[2025-10-28 17:15:02]     Epoch  9/30: Val R²=0.0594 Train R²=0.3343 Gap=0.2749 ✓
[2025-10-28 17:15:04]     Epoch 10/30: Val R²=0.0641 Train R²=0.3370 Gap=0.2729 ✓
[2025-10-28 17:15:06]     Epoch 11/30: Val R²=0.0614 Train R²=0.3405 Gap=0.2791  
[2025-10-28 17:15:08]     Epoch 12/30: Val R²=0.0719 Train R²=0.3418 Gap=0.2699 ✓
[2025-10-28 17:15:11]     Epoch 13/30: Val R²=0.0731 Train R²=0.3440 Gap=0.2709 ✓
[2025-10-28 17:15:13]     Epoch 14/30: Val R²=0.0799 Train R²=0.3482 Gap=0.2683 ✓
[2025-10-28 17:15:15]     Epoch 15/30: Val R²=0.0823 Train R²=0.3493 Gap=0.2670 ✓
[2025-10-28 17:15:18]     Epoch 16/30: Val R²=0.0816 Train R²=0.3519 Gap=0.2703  
[2025-10-28 17:15:20]     Epoch 17/30: Val R²=0.0856 Train R²=0.3519 Gap=0.2664 ✓
[2025-10-28 17:15:23]     Epoch 18/30: Val R²=0.0855 Train R²=0.3562 Gap=0.2707  
[2025-10-28 17:15:25]     Epoch 19/30: Val R²=0.0909 Train R²=0.3575 Gap=0.2666 ✓
[2025-10-28 17:15:27]     Epoch 20/30: Val R²=0.0899 Train R²=0.3582 Gap=0.2683  
[2025-10-28 17:15:30]     Epoch 21/30: Val R²=0.0885 Train R²=0.3580 Gap=0.2695  
[2025-10-28 17:15:32]     Epoch 22/30: Val R²=0.0942 Train R²=0.3618 Gap=0.2677 ✓
[2025-10-28 17:15:34]     Epoch 23/30: Val R²=0.0938 Train R²=0.3614 Gap=0.2675  
[2025-10-28 17:15:36]     Epoch 24/30: Val R²=0.0902 Train R²=0.3644 Gap=0.2742  
[2025-10-28 17:15:39]     Epoch 25/30: Val R²=0.0928 Train R²=0.3635 Gap=0.2707  
[2025-10-28 17:15:39]     Early stopped at epoch 25
[2025-10-28 17:15:39] 
======================================================================
[2025-10-28 17:15:39] Config 11/1000 Complete:
[2025-10-28 17:15:39]   Best Val R²: 0.094154 (epoch 22)
[2025-10-28 17:15:39]   Best Global R²: 0.162344
[2025-10-28 17:15:39]   Overfitting Gap: 0.267692
[2025-10-28 17:15:39]   Parameters: 161,696
[2025-10-28 17:15:39]   Training Time: 56.5s
[2025-10-28 17:15:39]   Not better than global best (0.162344)
[2025-10-28 17:15:39]   Results saved to models/test_bruteforce_search_results.csv
[2025-10-28 17:15:39] 
======================================================================
[2025-10-28 17:15:39] Config 12/1000 - Starting Training:
[2025-10-28 17:15:39]   Architecture:
[2025-10-28 17:15:39]     Lookback: 30, Hidden: 128, Layers: 1, Dropout: 0.1
[2025-10-28 17:15:39]     Bidirectional: True, GRU: True
[2025-10-28 17:15:39]   Output Head:
[2025-10-28 17:15:39]     FC Layers: 2, FC Hidden: 128, Activation: relu
[2025-10-28 17:15:39]     FC Dropout: 0.1, Batch Norm: True
[2025-10-28 17:15:39]   Training:
[2025-10-28 17:15:39]     Batch Size: 256, LR: 0.0001, Weight Decay: 0.0001
[2025-10-28 17:15:39]     Optimizer: adamw, Grad Clip: 1.0, LR Patience: 3
[2025-10-28 17:15:41]     Epoch  1/30: Val R²=-0.0376 Train R²=0.0242 Gap=0.0617 ✓
[2025-10-28 17:15:43]     Epoch  2/30: Val R²=-0.0305 Train R²=0.2330 Gap=0.2634 ✓
[2025-10-28 17:15:46]     Epoch  3/30: Val R²=-0.0093 Train R²=0.2822 Gap=0.2915 ✓
[2025-10-28 17:15:48]     Epoch  4/30: Val R²=0.0084 Train R²=0.2994 Gap=0.2909 ✓
[2025-10-28 17:15:51]     Epoch  5/30: Val R²=0.0179 Train R²=0.3125 Gap=0.2945 ✓
[2025-10-28 17:15:53]     Epoch  6/30: Val R²=0.0289 Train R²=0.3187 Gap=0.2898 ✓
[2025-10-28 17:15:55]     Epoch  7/30: Val R²=0.0388 Train R²=0.3235 Gap=0.2847 ✓
[2025-10-28 17:15:58]     Epoch  8/30: Val R²=0.0435 Train R²=0.3277 Gap=0.2842 ✓
[2025-10-28 17:16:00]     Epoch  9/30: Val R²=0.0452 Train R²=0.3314 Gap=0.2862 ✓
[2025-10-28 17:16:02]     Epoch 10/30: Val R²=0.0505 Train R²=0.3349 Gap=0.2844 ✓
[2025-10-28 17:16:05]     Epoch 11/30: Val R²=0.0569 Train R²=0.3379 Gap=0.2810 ✓
[2025-10-28 17:16:07]     Epoch 12/30: Val R²=0.0606 Train R²=0.3393 Gap=0.2787 ✓
[2025-10-28 17:16:10]     Epoch 13/30: Val R²=0.0568 Train R²=0.3429 Gap=0.2861  
[2025-10-28 17:16:12]     Epoch 14/30: Val R²=0.0654 Train R²=0.3442 Gap=0.2788 ✓
[2025-10-28 17:16:15]     Epoch 15/30: Val R²=0.0641 Train R²=0.3475 Gap=0.2834  
[2025-10-28 17:16:17]     Epoch 16/30: Val R²=0.0696 Train R²=0.3493 Gap=0.2797 ✓
[2025-10-28 17:16:20]     Epoch 17/30: Val R²=0.0789 Train R²=0.3523 Gap=0.2733 ✓
[2025-10-28 17:16:22]     Epoch 18/30: Val R²=0.0749 Train R²=0.3531 Gap=0.2782  
[2025-10-28 17:16:24]     Epoch 19/30: Val R²=0.0797 Train R²=0.3554 Gap=0.2756 ✓
[2025-10-28 17:16:27]     Epoch 20/30: Val R²=0.0779 Train R²=0.3549 Gap=0.2770  
[2025-10-28 17:16:29]     Epoch 21/30: Val R²=0.0795 Train R²=0.3580 Gap=0.2786  
[2025-10-28 17:16:32]     Epoch 22/30: Val R²=0.0866 Train R²=0.3595 Gap=0.2729 ✓
[2025-10-28 17:16:34]     Epoch 23/30: Val R²=0.0906 Train R²=0.3610 Gap=0.2704 ✓
[2025-10-28 17:16:37]     Epoch 24/30: Val R²=0.0823 Train R²=0.3625 Gap=0.2802  
[2025-10-28 17:16:39]     Epoch 25/30: Val R²=0.0911 Train R²=0.3632 Gap=0.2721 ✓
[2025-10-28 17:16:41]     Epoch 26/30: Val R²=0.0898 Train R²=0.3659 Gap=0.2761  
[2025-10-28 17:16:44]     Epoch 27/30: Val R²=0.0906 Train R²=0.3682 Gap=0.2776  
[2025-10-28 17:16:46]     Epoch 28/30: Val R²=0.0934 Train R²=0.3665 Gap=0.2731 ✓
[2025-10-28 17:16:49]     Epoch 29/30: Val R²=0.0951 Train R²=0.3689 Gap=0.2738 ✓
[2025-10-28 17:16:51]     Epoch 30/30: Val R²=0.1010 Train R²=0.3695 Gap=0.2685 ✓
[2025-10-28 17:16:51] 
======================================================================
[2025-10-28 17:16:51] Config 12/1000 Complete:
[2025-10-28 17:16:51]   Best Val R²: 0.101025 (epoch 30)
[2025-10-28 17:16:51]   Best Global R²: 0.162344
[2025-10-28 17:16:51]   Overfitting Gap: 0.268479
[2025-10-28 17:16:51]   Parameters: 161,696
[2025-10-28 17:16:51]   Training Time: 72.3s
[2025-10-28 17:16:51]   Not better than global best (0.162344)
[2025-10-28 17:16:51]   Results saved to models/test_bruteforce_search_results.csv
[2025-10-28 17:16:51] 
======================================================================
[2025-10-28 17:16:51] Config 13/1000 - Starting Training:
[2025-10-28 17:16:51]   Architecture:
[2025-10-28 17:16:51]     Lookback: 30, Hidden: 128, Layers: 1, Dropout: 0.1
[2025-10-28 17:16:51]     Bidirectional: True, GRU: True
[2025-10-28 17:16:51]   Output Head:
[2025-10-28 17:16:51]     FC Layers: 2, FC Hidden: 128, Activation: relu
[2025-10-28 17:16:51]     FC Dropout: 0.1, Batch Norm: True
[2025-10-28 17:16:51]   Training:
[2025-10-28 17:16:51]     Batch Size: 256, LR: 0.0005, Weight Decay: 0.0
[2025-10-28 17:16:51]     Optimizer: adamw, Grad Clip: 0.5, LR Patience: 3
[2025-10-28 17:16:53]     Epoch  1/30: Val R²=0.0223 Train R²=0.1887 Gap=0.1664 ✓
[2025-10-28 17:16:56]     Epoch  2/30: Val R²=0.0596 Train R²=0.3179 Gap=0.2583 ✓
[2025-10-28 17:16:58]     Epoch  3/30: Val R²=0.0730 Train R²=0.3351 Gap=0.2621 ✓
[2025-10-28 17:17:01]     Epoch  4/30: Val R²=0.0797 Train R²=0.3445 Gap=0.2649 ✓
[2025-10-28 17:17:03]     Epoch  5/30: Val R²=0.0894 Train R²=0.3511 Gap=0.2617 ✓
[2025-10-28 17:17:06]     Epoch  6/30: Val R²=0.0926 Train R²=0.3558 Gap=0.2632 ✓
[2025-10-28 17:17:08]     Epoch  7/30: Val R²=0.1035 Train R²=0.3601 Gap=0.2566 ✓
[2025-10-28 17:17:10]     Epoch  8/30: Val R²=0.1009 Train R²=0.3647 Gap=0.2638  
[2025-10-28 17:17:13]     Epoch  9/30: Val R²=0.1180 Train R²=0.3670 Gap=0.2490 ✓
[2025-10-28 17:17:15]     Epoch 10/30: Val R²=0.1167 Train R²=0.3718 Gap=0.2551  
[2025-10-28 17:17:17]     Epoch 11/30: Val R²=0.1094 Train R²=0.3724 Gap=0.2630  
[2025-10-28 17:17:20]     Epoch 12/30: Val R²=0.1196 Train R²=0.3781 Gap=0.2585 ✓
[2025-10-28 17:17:22]     Epoch 13/30: Val R²=0.1277 Train R²=0.3781 Gap=0.2504 ✓
[2025-10-28 17:17:25]     Epoch 14/30: Val R²=0.1276 Train R²=0.3800 Gap=0.2524  
[2025-10-28 17:17:27]     Epoch 15/30: Val R²=0.1365 Train R²=0.3845 Gap=0.2480 ✓
[2025-10-28 17:17:29]     Epoch 16/30: Val R²=0.1353 Train R²=0.3877 Gap=0.2524  
[2025-10-28 17:17:32]     Epoch 17/30: Val R²=0.1386 Train R²=0.3901 Gap=0.2515 ✓
[2025-10-28 17:17:34]     Epoch 18/30: Val R²=0.1325 Train R²=0.3938 Gap=0.2613  
[2025-10-28 17:17:36]     Epoch 19/30: Val R²=0.1437 Train R²=0.3931 Gap=0.2494 ✓
[2025-10-28 17:17:39]     Epoch 20/30: Val R²=0.1495 Train R²=0.3973 Gap=0.2478 ✓
[2025-10-28 17:17:41]     Epoch 21/30: Val R²=0.1460 Train R²=0.3978 Gap=0.2518  
[2025-10-28 17:17:44]     Epoch 22/30: Val R²=0.1395 Train R²=0.3998 Gap=0.2604  
[2025-10-28 17:17:46]     Epoch 23/30: Val R²=0.1443 Train R²=0.4023 Gap=0.2580  
[2025-10-28 17:17:46]     Early stopped at epoch 23
[2025-10-28 17:17:46] 
======================================================================
[2025-10-28 17:17:46] Config 13/1000 Complete:
[2025-10-28 17:17:46]   Best Val R²: 0.149509 (epoch 20)
[2025-10-28 17:17:46]   Best Global R²: 0.162344
[2025-10-28 17:17:46]   Overfitting Gap: 0.247806
[2025-10-28 17:17:46]   Parameters: 161,696
[2025-10-28 17:17:46]   Training Time: 54.9s
[2025-10-28 17:17:46]   Not better than global best (0.162344)
[2025-10-28 17:17:46]   Results saved to models/test_bruteforce_search_results.csv
[2025-10-28 17:17:46] 
======================================================================
[2025-10-28 17:17:46] Config 14/1000 - Starting Training:
[2025-10-28 17:17:46]   Architecture:
[2025-10-28 17:17:46]     Lookback: 30, Hidden: 128, Layers: 1, Dropout: 0.1
[2025-10-28 17:17:46]     Bidirectional: True, GRU: True
[2025-10-28 17:17:46]   Output Head:
[2025-10-28 17:17:46]     FC Layers: 2, FC Hidden: 128, Activation: relu
[2025-10-28 17:17:46]     FC Dropout: 0.1, Batch Norm: True
[2025-10-28 17:17:46]   Training:
[2025-10-28 17:17:46]     Batch Size: 256, LR: 0.0005, Weight Decay: 0.0
[2025-10-28 17:17:46]     Optimizer: adamw, Grad Clip: 1.0, LR Patience: 3
[2025-10-28 17:17:48]     Epoch  1/30: Val R²=0.0112 Train R²=0.2010 Gap=0.1898 ✓
[2025-10-28 17:17:51]     Epoch  2/30: Val R²=0.0425 Train R²=0.3145 Gap=0.2720 ✓
[2025-10-28 17:17:53]     Epoch  3/30: Val R²=0.0445 Train R²=0.3317 Gap=0.2873 ✓
[2025-10-28 17:17:55]     Epoch  4/30: Val R²=0.0559 Train R²=0.3403 Gap=0.2845 ✓
[2025-10-28 17:17:58]     Epoch  5/30: Val R²=0.0749 Train R²=0.3490 Gap=0.2741 ✓
[2025-10-28 17:18:00]     Epoch  6/30: Val R²=0.0796 Train R²=0.3543 Gap=0.2747 ✓
[2025-10-28 17:18:03]     Epoch  7/30: Val R²=0.0817 Train R²=0.3589 Gap=0.2772 ✓
[2025-10-28 17:18:05]     Epoch  8/30: Val R²=0.0902 Train R²=0.3642 Gap=0.2739 ✓
[2025-10-28 17:18:07]     Epoch  9/30: Val R²=0.1004 Train R²=0.3675 Gap=0.2671 ✓
[2025-10-28 17:18:10]     Epoch 10/30: Val R²=0.0946 Train R²=0.3676 Gap=0.2730  
[2025-10-28 17:18:12]     Epoch 11/30: Val R²=0.1057 Train R²=0.3746 Gap=0.2689 ✓
[2025-10-28 17:18:15]     Epoch 12/30: Val R²=0.0960 Train R²=0.3787 Gap=0.2827  
[2025-10-28 17:18:17]     Epoch 13/30: Val R²=0.1087 Train R²=0.3788 Gap=0.2701 ✓
[2025-10-28 17:18:19]     Epoch 14/30: Val R²=0.1109 Train R²=0.3807 Gap=0.2698 ✓
[2025-10-28 17:18:22]     Epoch 15/30: Val R²=0.1113 Train R²=0.3811 Gap=0.2698 ✓
[2025-10-28 17:18:24]     Epoch 16/30: Val R²=0.1250 Train R²=0.3855 Gap=0.2606 ✓
[2025-10-28 17:18:27]     Epoch 17/30: Val R²=0.1168 Train R²=0.3893 Gap=0.2726  
[2025-10-28 17:18:29]     Epoch 18/30: Val R²=0.1257 Train R²=0.3898 Gap=0.2641 ✓
[2025-10-28 17:18:31]     Epoch 19/30: Val R²=0.1198 Train R²=0.3929 Gap=0.2731  
[2025-10-28 17:18:34]     Epoch 20/30: Val R²=0.1298 Train R²=0.3951 Gap=0.2652 ✓
[2025-10-28 17:18:36]     Epoch 21/30: Val R²=0.1279 Train R²=0.3955 Gap=0.2676  
[2025-10-28 17:18:38]     Epoch 22/30: Val R²=0.1346 Train R²=0.3989 Gap=0.2643 ✓
[2025-10-28 17:18:41]     Epoch 23/30: Val R²=0.1417 Train R²=0.3993 Gap=0.2576 ✓
[2025-10-28 17:18:43]     Epoch 24/30: Val R²=0.1353 Train R²=0.4026 Gap=0.2673  
[2025-10-28 17:18:46]     Epoch 25/30: Val R²=0.1364 Train R²=0.4055 Gap=0.2691  
[2025-10-28 17:18:48]     Epoch 26/30: Val R²=0.1439 Train R²=0.4072 Gap=0.2633 ✓
[2025-10-28 17:18:51]     Epoch 27/30: Val R²=0.1435 Train R²=0.4084 Gap=0.2649  
[2025-10-28 17:18:53]     Epoch 28/30: Val R²=0.1328 Train R²=0.4094 Gap=0.2767  
[2025-10-28 17:18:56]     Epoch 29/30: Val R²=0.1281 Train R²=0.4107 Gap=0.2826  
[2025-10-28 17:18:56]     Early stopped at epoch 29
[2025-10-28 17:18:56] 
======================================================================
[2025-10-28 17:18:56] Config 14/1000 Complete:
[2025-10-28 17:18:56]   Best Val R²: 0.143861 (epoch 26)
[2025-10-28 17:18:56]   Best Global R²: 0.162344
[2025-10-28 17:18:56]   Overfitting Gap: 0.263347
[2025-10-28 17:18:56]   Parameters: 161,696
[2025-10-28 17:18:56]   Training Time: 69.8s
[2025-10-28 17:18:56]   Not better than global best (0.162344)
[2025-10-28 17:18:56]   Results saved to models/test_bruteforce_search_results.csv
[2025-10-28 17:18:56] 
======================================================================
[2025-10-28 17:18:56] Config 15/1000 - Starting Training:
[2025-10-28 17:18:56]   Architecture:
[2025-10-28 17:18:56]     Lookback: 30, Hidden: 128, Layers: 1, Dropout: 0.1
[2025-10-28 17:18:56]     Bidirectional: True, GRU: True
[2025-10-28 17:18:56]   Output Head:
[2025-10-28 17:18:56]     FC Layers: 2, FC Hidden: 128, Activation: relu
[2025-10-28 17:18:56]     FC Dropout: 0.1, Batch Norm: True
[2025-10-28 17:18:56]   Training:
[2025-10-28 17:18:56]     Batch Size: 256, LR: 0.0005, Weight Decay: 0.0001
[2025-10-28 17:18:56]     Optimizer: adamw, Grad Clip: 0.5, LR Patience: 3
[2025-10-28 17:18:58]     Epoch  1/30: Val R²=0.0130 Train R²=0.1823 Gap=0.1692 ✓
[2025-10-28 17:19:01]     Epoch  2/30: Val R²=0.0377 Train R²=0.3168 Gap=0.2790 ✓
[2025-10-28 17:19:03]     Epoch  3/30: Val R²=0.0492 Train R²=0.3329 Gap=0.2837 ✓
[2025-10-28 17:19:06]     Epoch  4/30: Val R²=0.0715 Train R²=0.3421 Gap=0.2705 ✓
[2025-10-28 17:19:08]     Epoch  5/30: Val R²=0.0705 Train R²=0.3492 Gap=0.2787  
[2025-10-28 17:19:11]     Epoch  6/30: Val R²=0.0852 Train R²=0.3529 Gap=0.2677 ✓
[2025-10-28 17:19:13]     Epoch  7/30: Val R²=0.0893 Train R²=0.3599 Gap=0.2705 ✓
[2025-10-28 17:19:16]     Epoch  8/30: Val R²=0.0981 Train R²=0.3663 Gap=0.2681 ✓
[2025-10-28 17:19:18]     Epoch  9/30: Val R²=0.1033 Train R²=0.3670 Gap=0.2637 ✓
[2025-10-28 17:19:20]     Epoch 10/30: Val R²=0.0948 Train R²=0.3713 Gap=0.2765  
[2025-10-28 17:19:23]     Epoch 11/30: Val R²=0.1045 Train R²=0.3739 Gap=0.2694 ✓
[2025-10-28 17:19:25]     Epoch 12/30: Val R²=0.1080 Train R²=0.3767 Gap=0.2687 ✓
[2025-10-28 17:19:28]     Epoch 13/30: Val R²=0.1108 Train R²=0.3795 Gap=0.2687 ✓
[2025-10-28 17:19:30]     Epoch 14/30: Val R²=0.1079 Train R²=0.3782 Gap=0.2703  
[2025-10-28 17:19:32]     Epoch 15/30: Val R²=0.1078 Train R²=0.3841 Gap=0.2764  
[2025-10-28 17:19:35]     Epoch 16/30: Val R²=0.1084 Train R²=0.3859 Gap=0.2774  
[2025-10-28 17:19:35]     Early stopped at epoch 16
[2025-10-28 17:19:35] 
======================================================================
[2025-10-28 17:19:35] Config 15/1000 Complete:
[2025-10-28 17:19:35]   Best Val R²: 0.110811 (epoch 13)
[2025-10-28 17:19:35]   Best Global R²: 0.162344
[2025-10-28 17:19:35]   Overfitting Gap: 0.268679
[2025-10-28 17:19:35]   Parameters: 161,696
[2025-10-28 17:19:35]   Training Time: 38.9s
[2025-10-28 17:19:35]   Not better than global best (0.162344)
[2025-10-28 17:19:35]   Results saved to models/test_bruteforce_search_results.csv
[2025-10-28 17:19:35] 
======================================================================
[2025-10-28 17:19:35] Config 16/1000 - Starting Training:
[2025-10-28 17:19:35]   Architecture:
[2025-10-28 17:19:35]     Lookback: 30, Hidden: 128, Layers: 1, Dropout: 0.1
[2025-10-28 17:19:35]     Bidirectional: True, GRU: True
[2025-10-28 17:19:35]   Output Head:
[2025-10-28 17:19:35]     FC Layers: 2, FC Hidden: 128, Activation: relu
[2025-10-28 17:19:35]     FC Dropout: 0.1, Batch Norm: True
[2025-10-28 17:19:35]   Training:
[2025-10-28 17:19:35]     Batch Size: 256, LR: 0.0005, Weight Decay: 0.0001
[2025-10-28 17:19:35]     Optimizer: adamw, Grad Clip: 1.0, LR Patience: 3
[2025-10-28 17:19:37]     Epoch  1/30: Val R²=0.0076 Train R²=0.1848 Gap=0.1772 ✓
[2025-10-28 17:19:39]     Epoch  2/30: Val R²=0.0371 Train R²=0.3128 Gap=0.2757 ✓
[2025-10-28 17:19:42]     Epoch  3/30: Val R²=0.0484 Train R²=0.3304 Gap=0.2820 ✓
[2025-10-28 17:19:44]     Epoch  4/30: Val R²=0.0634 Train R²=0.3405 Gap=0.2771 ✓
[2025-10-28 17:19:46]     Epoch  5/30: Val R²=0.0678 Train R²=0.3490 Gap=0.2812 ✓
[2025-10-28 17:19:49]     Epoch  6/30: Val R²=0.0822 Train R²=0.3540 Gap=0.2718 ✓
[2025-10-28 17:19:51]     Epoch  7/30: Val R²=0.0881 Train R²=0.3585 Gap=0.2704 ✓
[2025-10-28 17:19:54]     Epoch  8/30: Val R²=0.1001 Train R²=0.3627 Gap=0.2627 ✓
[2025-10-28 17:19:56]     Epoch  9/30: Val R²=0.0942 Train R²=0.3639 Gap=0.2697  
[2025-10-28 17:19:59]     Epoch 10/30: Val R²=0.1058 Train R²=0.3695 Gap=0.2637 ✓
[2025-10-28 17:20:01]     Epoch 11/30: Val R²=0.1005 Train R²=0.3729 Gap=0.2724  
[2025-10-28 17:20:04]     Epoch 12/30: Val R²=0.0945 Train R²=0.3762 Gap=0.2817  
[2025-10-28 17:20:06]     Epoch 13/30: Val R²=0.1111 Train R²=0.3766 Gap=0.2656 ✓
[2025-10-28 17:20:08]     Epoch 14/30: Val R²=0.1107 Train R²=0.3809 Gap=0.2702  
[2025-10-28 17:20:11]     Epoch 15/30: Val R²=0.1164 Train R²=0.3839 Gap=0.2675 ✓
[2025-10-28 17:20:13]     Epoch 16/30: Val R²=0.1183 Train R²=0.3861 Gap=0.2679 ✓
[2025-10-28 17:20:16]     Epoch 17/30: Val R²=0.1174 Train R²=0.3860 Gap=0.2686  
[2025-10-28 17:20:18]     Epoch 18/30: Val R²=0.1185 Train R²=0.3899 Gap=0.2714 ✓
[2025-10-28 17:20:21]     Epoch 19/30: Val R²=0.1248 Train R²=0.3899 Gap=0.2651 ✓
[2025-10-28 17:20:23]     Epoch 20/30: Val R²=0.1288 Train R²=0.3954 Gap=0.2666 ✓
[2025-10-28 17:20:25]     Epoch 21/30: Val R²=0.1327 Train R²=0.3955 Gap=0.2628 ✓
[2025-10-28 17:20:28]     Epoch 22/30: Val R²=0.1252 Train R²=0.3979 Gap=0.2727  
[2025-10-28 17:20:30]     Epoch 23/30: Val R²=0.1409 Train R²=0.3977 Gap=0.2568 ✓
[2025-10-28 17:20:33]     Epoch 24/30: Val R²=0.1284 Train R²=0.4023 Gap=0.2739  
[2025-10-28 17:20:35]     Epoch 25/30: Val R²=0.1400 Train R²=0.4034 Gap=0.2634  
[2025-10-28 17:20:37]     Epoch 26/30: Val R²=0.1383 Train R²=0.4068 Gap=0.2685  
[2025-10-28 17:20:37]     Early stopped at epoch 26
[2025-10-28 17:20:37] 
======================================================================
[2025-10-28 17:20:37] Config 16/1000 Complete:
[2025-10-28 17:20:37]   Best Val R²: 0.140912 (epoch 23)
[2025-10-28 17:20:37]   Best Global R²: 0.162344
[2025-10-28 17:20:37]   Overfitting Gap: 0.256757
[2025-10-28 17:20:37]   Parameters: 161,696
[2025-10-28 17:20:37]   Training Time: 62.9s
[2025-10-28 17:20:37]   Not better than global best (0.162344)
[2025-10-28 17:20:37]   Results saved to models/test_bruteforce_search_results.csv
[2025-10-28 17:20:37] 
======================================================================
[2025-10-28 17:20:37] Config 17/1000 - Starting Training:
[2025-10-28 17:20:37]   Architecture:
[2025-10-28 17:20:37]     Lookback: 30, Hidden: 128, Layers: 1, Dropout: 0.1
[2025-10-28 17:20:37]     Bidirectional: True, GRU: True
[2025-10-28 17:20:37]   Output Head:
[2025-10-28 17:20:37]     FC Layers: 2, FC Hidden: 128, Activation: relu
[2025-10-28 17:20:37]     FC Dropout: 0.2, Batch Norm: True
[2025-10-28 17:20:37]   Training:
[2025-10-28 17:20:37]     Batch Size: 128, LR: 0.0001, Weight Decay: 0.0
[2025-10-28 17:20:37]     Optimizer: adamw, Grad Clip: 0.5, LR Patience: 3
[2025-10-28 17:20:42]     Epoch  1/30: Val R²=-0.0394 Train R²=0.0313 Gap=0.0707 ✓
[2025-10-28 17:20:46]     Epoch  2/30: Val R²=0.0025 Train R²=0.2402 Gap=0.2377 ✓
[2025-10-28 17:20:51]     Epoch  3/30: Val R²=0.0240 Train R²=0.2777 Gap=0.2538 ✓
[2025-10-28 17:20:55]     Epoch  4/30: Val R²=0.0389 Train R²=0.2901 Gap=0.2512 ✓
[2025-10-28 17:20:59]     Epoch  5/30: Val R²=0.0438 Train R²=0.2996 Gap=0.2558 ✓
[2025-10-28 17:21:04]     Epoch  6/30: Val R²=0.0509 Train R²=0.3073 Gap=0.2564 ✓
[2025-10-28 17:21:08]     Epoch  7/30: Val R²=0.0597 Train R²=0.3116 Gap=0.2519 ✓
[2025-10-28 17:21:12]     Epoch  8/30: Val R²=0.0619 Train R²=0.3145 Gap=0.2526 ✓
[2025-10-28 17:21:17]     Epoch  9/30: Val R²=0.0672 Train R²=0.3206 Gap=0.2534 ✓
[2025-10-28 17:21:21]     Epoch 10/30: Val R²=0.0666 Train R²=0.3247 Gap=0.2580  
[2025-10-28 17:21:25]     Epoch 11/30: Val R²=0.0679 Train R²=0.3295 Gap=0.2616 ✓
[2025-10-28 17:21:30]     Epoch 12/30: Val R²=0.0757 Train R²=0.3323 Gap=0.2566 ✓
[2025-10-28 17:21:34]     Epoch 13/30: Val R²=0.0737 Train R²=0.3324 Gap=0.2587  
[2025-10-28 17:21:39]     Epoch 14/30: Val R²=0.0809 Train R²=0.3361 Gap=0.2552 ✓
[2025-10-28 17:21:43]     Epoch 15/30: Val R²=0.0794 Train R²=0.3409 Gap=0.2615  
[2025-10-28 17:21:48]     Epoch 16/30: Val R²=0.0844 Train R²=0.3429 Gap=0.2586 ✓
[2025-10-28 17:21:52]     Epoch 17/30: Val R²=0.0921 Train R²=0.3457 Gap=0.2536 ✓
[2025-10-28 17:21:56]     Epoch 18/30: Val R²=0.0856 Train R²=0.3443 Gap=0.2587  
[2025-10-28 17:22:01]     Epoch 19/30: Val R²=0.0886 Train R²=0.3503 Gap=0.2617  
[2025-10-28 17:22:05]     Epoch 20/30: Val R²=0.0927 Train R²=0.3530 Gap=0.2603 ✓
[2025-10-28 17:22:10]     Epoch 21/30: Val R²=0.0971 Train R²=0.3550 Gap=0.2579 ✓
[2025-10-28 17:22:14]     Epoch 22/30: Val R²=0.0891 Train R²=0.3559 Gap=0.2668  
[2025-10-28 17:22:18]     Epoch 23/30: Val R²=0.0929 Train R²=0.3554 Gap=0.2625  
[2025-10-28 17:22:23]     Epoch 24/30: Val R²=0.0993 Train R²=0.3584 Gap=0.2591 ✓
[2025-10-28 17:22:27]     Epoch 25/30: Val R²=0.1010 Train R²=0.3594 Gap=0.2585 ✓
[2025-10-28 17:22:32]     Epoch 26/30: Val R²=0.1029 Train R²=0.3629 Gap=0.2599 ✓
[2025-10-28 17:22:36]     Epoch 27/30: Val R²=0.1114 Train R²=0.3624 Gap=0.2510 ✓
[2025-10-28 17:22:40]     Epoch 28/30: Val R²=0.1052 Train R²=0.3638 Gap=0.2586  
[2025-10-28 17:22:45]     Epoch 29/30: Val R²=0.1051 Train R²=0.3696 Gap=0.2645  
[2025-10-28 17:22:49]     Epoch 30/30: Val R²=0.1045 Train R²=0.3689 Gap=0.2644  
[2025-10-28 17:22:49]     Early stopped at epoch 30
[2025-10-28 17:22:49] 
======================================================================
[2025-10-28 17:22:49] Config 17/1000 Complete:
[2025-10-28 17:22:49]   Best Val R²: 0.111352 (epoch 27)
[2025-10-28 17:22:49]   Best Global R²: 0.162344
[2025-10-28 17:22:49]   Overfitting Gap: 0.251007
[2025-10-28 17:22:49]   Parameters: 161,696
[2025-10-28 17:22:49]   Training Time: 131.8s
[2025-10-28 17:22:49]   Not better than global best (0.162344)
[2025-10-28 17:22:49]   Results saved to models/test_bruteforce_search_results.csv
[2025-10-28 17:22:49] 
======================================================================
[2025-10-28 17:22:49] Config 18/1000 - Starting Training:
[2025-10-28 17:22:49]   Architecture:
[2025-10-28 17:22:49]     Lookback: 30, Hidden: 128, Layers: 1, Dropout: 0.1
[2025-10-28 17:22:49]     Bidirectional: True, GRU: True
[2025-10-28 17:22:49]   Output Head:
[2025-10-28 17:22:49]     FC Layers: 2, FC Hidden: 128, Activation: relu
[2025-10-28 17:22:49]     FC Dropout: 0.2, Batch Norm: True
[2025-10-28 17:22:49]   Training:
[2025-10-28 17:22:49]     Batch Size: 128, LR: 0.0001, Weight Decay: 0.0
[2025-10-28 17:22:49]     Optimizer: adamw, Grad Clip: 1.0, LR Patience: 3
[2025-10-28 17:22:54]     Epoch  1/30: Val R²=-0.0423 Train R²=0.0065 Gap=0.0488 ✓
[2025-10-28 17:22:58]     Epoch  2/30: Val R²=0.0064 Train R²=0.2208 Gap=0.2145 ✓
[2025-10-28 17:23:03]     Epoch  3/30: Val R²=0.0270 Train R²=0.2638 Gap=0.2368 ✓
[2025-10-28 17:23:07]     Epoch  4/30: Val R²=0.0395 Train R²=0.2834 Gap=0.2439 ✓
[2025-10-28 17:23:11]     Epoch  5/30: Val R²=0.0466 Train R²=0.2930 Gap=0.2463 ✓
[2025-10-28 17:23:16]     Epoch  6/30: Val R²=0.0493 Train R²=0.2987 Gap=0.2494 ✓
[2025-10-28 17:23:20]     Epoch  7/30: Val R²=0.0505 Train R²=0.3064 Gap=0.2559 ✓
[2025-10-28 17:23:25]     Epoch  8/30: Val R²=0.0606 Train R²=0.3119 Gap=0.2513 ✓
[2025-10-28 17:23:29]     Epoch  9/30: Val R²=0.0615 Train R²=0.3132 Gap=0.2517 ✓
[2025-10-28 17:23:33]     Epoch 10/30: Val R²=0.0658 Train R²=0.3186 Gap=0.2528 ✓
[2025-10-28 17:23:38]     Epoch 11/30: Val R²=0.0700 Train R²=0.3232 Gap=0.2533 ✓
[2025-10-28 17:23:42]     Epoch 12/30: Val R²=0.0731 Train R²=0.3251 Gap=0.2520 ✓
[2025-10-28 17:23:47]     Epoch 13/30: Val R²=0.0750 Train R²=0.3307 Gap=0.2557 ✓
[2025-10-28 17:23:51]     Epoch 14/30: Val R²=0.0788 Train R²=0.3317 Gap=0.2529 ✓
[2025-10-28 17:23:55]     Epoch 15/30: Val R²=0.0838 Train R²=0.3343 Gap=0.2505 ✓
[2025-10-28 17:24:00]     Epoch 16/30: Val R²=0.0794 Train R²=0.3387 Gap=0.2593  
[2025-10-28 17:24:04]     Epoch 17/30: Val R²=0.0851 Train R²=0.3424 Gap=0.2573 ✓
[2025-10-28 17:24:09]     Epoch 18/30: Val R²=0.0872 Train R²=0.3442 Gap=0.2571 ✓
[2025-10-28 17:24:13]     Epoch 19/30: Val R²=0.0922 Train R²=0.3483 Gap=0.2561 ✓
[2025-10-28 17:24:18]     Epoch 20/30: Val R²=0.0912 Train R²=0.3499 Gap=0.2587  
[2025-10-28 17:24:22]     Epoch 21/30: Val R²=0.0932 Train R²=0.3524 Gap=0.2592 ✓
[2025-10-28 17:24:27]     Epoch 22/30: Val R²=0.0946 Train R²=0.3547 Gap=0.2601 ✓
[2025-10-28 17:24:31]     Epoch 23/30: Val R²=0.0962 Train R²=0.3560 Gap=0.2598 ✓
[2025-10-28 17:24:36]     Epoch 24/30: Val R²=0.0862 Train R²=0.3571 Gap=0.2708  
[2025-10-28 17:24:40]     Epoch 25/30: Val R²=0.0882 Train R²=0.3575 Gap=0.2693  
[2025-10-28 17:24:45]     Epoch 26/30: Val R²=0.1036 Train R²=0.3589 Gap=0.2553 ✓
[2025-10-28 17:24:50]     Epoch 27/30: Val R²=0.1043 Train R²=0.3614 Gap=0.2571 ✓
[2025-10-28 17:24:54]     Epoch 28/30: Val R²=0.0986 Train R²=0.3635 Gap=0.2649  
[2025-10-28 17:24:59]     Epoch 29/30: Val R²=0.1004 Train R²=0.3642 Gap=0.2638  
[2025-10-28 17:25:04]     Epoch 30/30: Val R²=0.1008 Train R²=0.3641 Gap=0.2634  
[2025-10-28 17:25:04]     Early stopped at epoch 30
[2025-10-28 17:25:04] 
======================================================================
[2025-10-28 17:25:04] Config 18/1000 Complete:
[2025-10-28 17:25:04]   Best Val R²: 0.104285 (epoch 27)
[2025-10-28 17:25:04]   Best Global R²: 0.162344
[2025-10-28 17:25:04]   Overfitting Gap: 0.257067
[2025-10-28 17:25:04]   Parameters: 161,696
[2025-10-28 17:25:04]   Training Time: 134.5s
[2025-10-28 17:25:04]   Not better than global best (0.162344)
[2025-10-28 17:25:04]   Results saved to models/test_bruteforce_search_results.csv
[2025-10-28 17:25:04] 
======================================================================
[2025-10-28 17:25:04] Config 19/1000 - Starting Training:
[2025-10-28 17:25:04]   Architecture:
[2025-10-28 17:25:04]     Lookback: 30, Hidden: 128, Layers: 1, Dropout: 0.1
[2025-10-28 17:25:04]     Bidirectional: True, GRU: True
[2025-10-28 17:25:04]   Output Head:
[2025-10-28 17:25:04]     FC Layers: 2, FC Hidden: 128, Activation: relu
[2025-10-28 17:25:04]     FC Dropout: 0.2, Batch Norm: True
[2025-10-28 17:25:04]   Training:
[2025-10-28 17:25:04]     Batch Size: 128, LR: 0.0001, Weight Decay: 0.0001
[2025-10-28 17:25:04]     Optimizer: adamw, Grad Clip: 0.5, LR Patience: 3
[2025-10-28 17:25:09]     Epoch  1/30: Val R²=-0.0141 Train R²=0.0103 Gap=0.0244 ✓
[2025-10-28 17:25:13]     Epoch  2/30: Val R²=0.0198 Train R²=0.2333 Gap=0.2134 ✓
[2025-10-28 17:25:18]     Epoch  3/30: Val R²=0.0292 Train R²=0.2666 Gap=0.2373 ✓
[2025-10-28 17:25:22]     Epoch  4/30: Val R²=0.0442 Train R²=0.2841 Gap=0.2399 ✓
[2025-10-28 17:25:27]     Epoch  5/30: Val R²=0.0541 Train R²=0.2937 Gap=0.2395 ✓
[2025-10-28 17:25:32]     Epoch  6/30: Val R²=0.0584 Train R²=0.2990 Gap=0.2406 ✓
[2025-10-28 17:25:36]     Epoch  7/30: Val R²=0.0644 Train R²=0.3071 Gap=0.2427 ✓
[2025-10-28 17:25:41]     Epoch  8/30: Val R²=0.0655 Train R²=0.3092 Gap=0.2437 ✓
[2025-10-28 17:25:46]     Epoch  9/30: Val R²=0.0702 Train R²=0.3151 Gap=0.2449 ✓
[2025-10-28 17:25:50]     Epoch 10/30: Val R²=0.0693 Train R²=0.3196 Gap=0.2504  
[2025-10-28 17:25:55]     Epoch 11/30: Val R²=0.0730 Train R²=0.3254 Gap=0.2524 ✓
[2025-10-28 17:25:59]     Epoch 12/30: Val R²=0.0833 Train R²=0.3287 Gap=0.2455 ✓
[2025-10-28 17:26:03]     Epoch 13/30: Val R²=0.0768 Train R²=0.3294 Gap=0.2525  
[2025-10-28 17:26:08]     Epoch 14/30: Val R²=0.0841 Train R²=0.3336 Gap=0.2495 ✓
[2025-10-28 17:26:12]     Epoch 15/30: Val R²=0.0885 Train R²=0.3347 Gap=0.2462 ✓
[2025-10-28 17:26:17]     Epoch 16/30: Val R²=0.0870 Train R²=0.3405 Gap=0.2536  
[2025-10-28 17:26:21]     Epoch 17/30: Val R²=0.0950 Train R²=0.3408 Gap=0.2458 ✓
[2025-10-28 17:26:26]     Epoch 18/30: Val R²=0.0969 Train R²=0.3436 Gap=0.2467 ✓
[2025-10-28 17:26:30]     Epoch 19/30: Val R²=0.0922 Train R²=0.3477 Gap=0.2555  
[2025-10-28 17:26:34]     Epoch 20/30: Val R²=0.0994 Train R²=0.3500 Gap=0.2506 ✓
[2025-10-28 17:26:39]     Epoch 21/30: Val R²=0.0947 Train R²=0.3519 Gap=0.2572  
[2025-10-28 17:26:43]     Epoch 22/30: Val R²=0.1064 Train R²=0.3534 Gap=0.2470 ✓
[2025-10-28 17:26:48]     Epoch 23/30: Val R²=0.1027 Train R²=0.3537 Gap=0.2510  
[2025-10-28 17:26:52]     Epoch 24/30: Val R²=0.1004 Train R²=0.3555 Gap=0.2551  
[2025-10-28 17:26:57]     Epoch 25/30: Val R²=0.1051 Train R²=0.3601 Gap=0.2549  
[2025-10-28 17:26:57]     Early stopped at epoch 25
[2025-10-28 17:26:57] 
======================================================================
[2025-10-28 17:26:57] Config 19/1000 Complete:
[2025-10-28 17:26:57]   Best Val R²: 0.106447 (epoch 22)
[2025-10-28 17:26:57]   Best Global R²: 0.162344
[2025-10-28 17:26:57]   Overfitting Gap: 0.246972
[2025-10-28 17:26:57]   Parameters: 161,696
[2025-10-28 17:26:57]   Training Time: 112.8s
[2025-10-28 17:26:57]   Not better than global best (0.162344)
[2025-10-28 17:26:57]   Results saved to models/test_bruteforce_search_results.csv
[2025-10-28 17:26:57] 
======================================================================
[2025-10-28 17:26:57] Config 20/1000 - Starting Training:
[2025-10-28 17:26:57]   Architecture:
[2025-10-28 17:26:57]     Lookback: 30, Hidden: 128, Layers: 1, Dropout: 0.1
[2025-10-28 17:26:57]     Bidirectional: True, GRU: True
[2025-10-28 17:26:57]   Output Head:
[2025-10-28 17:26:57]     FC Layers: 2, FC Hidden: 128, Activation: relu
[2025-10-28 17:26:57]     FC Dropout: 0.2, Batch Norm: True
[2025-10-28 17:26:57]   Training:
[2025-10-28 17:26:57]     Batch Size: 128, LR: 0.0001, Weight Decay: 0.0001
[2025-10-28 17:26:57]     Optimizer: adamw, Grad Clip: 1.0, LR Patience: 3
[2025-10-28 17:27:01]     Epoch  1/30: Val R²=-0.0573 Train R²=0.0339 Gap=0.0912 ✓
[2025-10-28 17:27:05]     Epoch  2/30: Val R²=-0.0124 Train R²=0.2294 Gap=0.2417 ✓
[2025-10-28 17:27:10]     Epoch  3/30: Val R²=0.0091 Train R²=0.2666 Gap=0.2575 ✓
[2025-10-28 17:27:14]     Epoch  4/30: Val R²=0.0294 Train R²=0.2841 Gap=0.2548 ✓
[2025-10-28 17:27:19]     Epoch  5/30: Val R²=0.0406 Train R²=0.2929 Gap=0.2523 ✓
[2025-10-28 17:27:23]     Epoch  6/30: Val R²=0.0464 Train R²=0.3009 Gap=0.2544 ✓
[2025-10-28 17:27:27]     Epoch  7/30: Val R²=0.0489 Train R²=0.3065 Gap=0.2575 ✓
[2025-10-28 17:27:32]     Epoch  8/30: Val R²=0.0499 Train R²=0.3107 Gap=0.2609 ✓
[2025-10-28 17:27:36]     Epoch  9/30: Val R²=0.0556 Train R²=0.3171 Gap=0.2615 ✓
[2025-10-28 17:27:41]     Epoch 10/30: Val R²=0.0616 Train R²=0.3208 Gap=0.2592 ✓
[2025-10-28 17:27:45]     Epoch 11/30: Val R²=0.0637 Train R²=0.3213 Gap=0.2576 ✓
[2025-10-28 17:27:50]     Epoch 12/30: Val R²=0.0673 Train R²=0.3293 Gap=0.2620 ✓
[2025-10-28 17:27:54]     Epoch 13/30: Val R²=0.0713 Train R²=0.3300 Gap=0.2587 ✓
[2025-10-28 17:27:59]     Epoch 14/30: Val R²=0.0733 Train R²=0.3333 Gap=0.2601 ✓
[2025-10-28 17:28:03]     Epoch 15/30: Val R²=0.0751 Train R²=0.3372 Gap=0.2621 ✓
[2025-10-28 17:28:07]     Epoch 16/30: Val R²=0.0789 Train R²=0.3414 Gap=0.2624 ✓
[2025-10-28 17:28:12]     Epoch 17/30: Val R²=0.0811 Train R²=0.3419 Gap=0.2608 ✓
[2025-10-28 17:28:16]     Epoch 18/30: Val R²=0.0778 Train R²=0.3440 Gap=0.2662  
[2025-10-28 17:28:21]     Epoch 19/30: Val R²=0.0800 Train R²=0.3450 Gap=0.2650  
[2025-10-28 17:28:25]     Epoch 20/30: Val R²=0.0862 Train R²=0.3499 Gap=0.2637 ✓
[2025-10-28 17:28:29]     Epoch 21/30: Val R²=0.0834 Train R²=0.3507 Gap=0.2673  
[2025-10-28 17:28:34]     Epoch 22/30: Val R²=0.0906 Train R²=0.3527 Gap=0.2621 ✓
[2025-10-28 17:28:39]     Epoch 23/30: Val R²=0.0916 Train R²=0.3532 Gap=0.2616 ✓
[2025-10-28 17:28:43]     Epoch 24/30: Val R²=0.0907 Train R²=0.3576 Gap=0.2668  
[2025-10-28 17:28:48]     Epoch 25/30: Val R²=0.0933 Train R²=0.3586 Gap=0.2653 ✓
[2025-10-28 17:28:53]     Epoch 26/30: Val R²=0.0998 Train R²=0.3620 Gap=0.2623 ✓
[2025-10-28 17:28:57]     Epoch 27/30: Val R²=0.0878 Train R²=0.3587 Gap=0.2708  
[2025-10-28 17:29:02]     Epoch 28/30: Val R²=0.0948 Train R²=0.3652 Gap=0.2703  
[2025-10-28 17:29:07]     Epoch 29/30: Val R²=0.0966 Train R²=0.3646 Gap=0.2680  
[2025-10-28 17:29:07]     Early stopped at epoch 29
[2025-10-28 17:29:07] 
======================================================================
[2025-10-28 17:29:07] Config 20/1000 Complete:
[2025-10-28 17:29:07]   Best Val R²: 0.099782 (epoch 26)
[2025-10-28 17:29:07]   Best Global R²: 0.162344
[2025-10-28 17:29:07]   Overfitting Gap: 0.262262
[2025-10-28 17:29:07]   Parameters: 161,696
[2025-10-28 17:29:07]   Training Time: 130.0s
[2025-10-28 17:29:07]   Not better than global best (0.162344)
[2025-10-28 17:29:07]   Results saved to models/test_bruteforce_search_results.csv
[2025-10-28 17:29:07] 
======================================================================
[2025-10-28 17:29:07] Config 21/1000 - Starting Training:
[2025-10-28 17:29:07]   Architecture:
[2025-10-28 17:29:07]     Lookback: 30, Hidden: 128, Layers: 1, Dropout: 0.1
[2025-10-28 17:29:07]     Bidirectional: True, GRU: True
[2025-10-28 17:29:07]   Output Head:
[2025-10-28 17:29:07]     FC Layers: 2, FC Hidden: 128, Activation: relu
[2025-10-28 17:29:07]     FC Dropout: 0.2, Batch Norm: True
[2025-10-28 17:29:07]   Training:
[2025-10-28 17:29:07]     Batch Size: 128, LR: 0.0005, Weight Decay: 0.0
[2025-10-28 17:29:07]     Optimizer: adamw, Grad Clip: 0.5, LR Patience: 3
[2025-10-28 17:29:11]     Epoch  1/30: Val R²=0.0298 Train R²=0.2058 Gap=0.1759 ✓
[2025-10-28 17:29:15]     Epoch  2/30: Val R²=0.0491 Train R²=0.3080 Gap=0.2589 ✓
[2025-10-28 17:29:19]     Epoch  3/30: Val R²=0.0623 Train R²=0.3207 Gap=0.2584 ✓
[2025-10-28 17:29:24]     Epoch  4/30: Val R²=0.0698 Train R²=0.3337 Gap=0.2639 ✓
[2025-10-28 17:29:28]     Epoch  5/30: Val R²=0.0827 Train R²=0.3440 Gap=0.2613 ✓
[2025-10-28 17:29:33]     Epoch  6/30: Val R²=0.0901 Train R²=0.3498 Gap=0.2597 ✓
[2025-10-28 17:29:37]     Epoch  7/30: Val R²=0.0904 Train R²=0.3581 Gap=0.2678 ✓
[2025-10-28 17:29:41]     Epoch  8/30: Val R²=0.1011 Train R²=0.3627 Gap=0.2615 ✓
[2025-10-28 17:29:46]     Epoch  9/30: Val R²=0.1078 Train R²=0.3672 Gap=0.2594 ✓
[2025-10-28 17:29:50]     Epoch 10/30: Val R²=0.1135 Train R²=0.3718 Gap=0.2584 ✓
[2025-10-28 17:29:55]     Epoch 11/30: Val R²=0.1078 Train R²=0.3731 Gap=0.2653  
[2025-10-28 17:29:59]     Epoch 12/30: Val R²=0.1236 Train R²=0.3787 Gap=0.2552 ✓
[2025-10-28 17:30:04]     Epoch 13/30: Val R²=0.1051 Train R²=0.3780 Gap=0.2729  
[2025-10-28 17:30:08]     Epoch 14/30: Val R²=0.1429 Train R²=0.3848 Gap=0.2419 ✓
[2025-10-28 17:30:13]     Epoch 15/30: Val R²=0.1307 Train R²=0.3860 Gap=0.2553  
[2025-10-28 17:30:17]     Epoch 16/30: Val R²=0.1484 Train R²=0.3876 Gap=0.2392 ✓
[2025-10-28 17:30:22]     Epoch 17/30: Val R²=0.1366 Train R²=0.3922 Gap=0.2557  
[2025-10-28 17:30:26]     Epoch 18/30: Val R²=0.1465 Train R²=0.3945 Gap=0.2479  
[2025-10-28 17:30:31]     Epoch 19/30: Val R²=0.1417 Train R²=0.3984 Gap=0.2567  
[2025-10-28 17:30:31]     Early stopped at epoch 19
[2025-10-28 17:30:31] 
======================================================================
[2025-10-28 17:30:31] Config 21/1000 Complete:
[2025-10-28 17:30:31]   Best Val R²: 0.148418 (epoch 16)
[2025-10-28 17:30:31]   Best Global R²: 0.162344
[2025-10-28 17:30:31]   Overfitting Gap: 0.239221
[2025-10-28 17:30:31]   Parameters: 161,696
[2025-10-28 17:30:31]   Training Time: 84.3s
[2025-10-28 17:30:31]   Not better than global best (0.162344)
[2025-10-28 17:30:31]   Results saved to models/test_bruteforce_search_results.csv
[2025-10-28 17:30:31] 
======================================================================
[2025-10-28 17:30:31] Config 22/1000 - Starting Training:
[2025-10-28 17:30:31]   Architecture:
[2025-10-28 17:30:31]     Lookback: 30, Hidden: 128, Layers: 1, Dropout: 0.1
[2025-10-28 17:30:31]     Bidirectional: True, GRU: True
[2025-10-28 17:30:31]   Output Head:
[2025-10-28 17:30:31]     FC Layers: 2, FC Hidden: 128, Activation: relu
[2025-10-28 17:30:31]     FC Dropout: 0.2, Batch Norm: True
[2025-10-28 17:30:31]   Training:
[2025-10-28 17:30:31]     Batch Size: 128, LR: 0.0005, Weight Decay: 0.0
[2025-10-28 17:30:31]     Optimizer: adamw, Grad Clip: 1.0, LR Patience: 3
[2025-10-28 17:30:35]     Epoch  1/30: Val R²=0.0456 Train R²=0.2156 Gap=0.1700 ✓
[2025-10-28 17:30:40]     Epoch  2/30: Val R²=0.0570 Train R²=0.2987 Gap=0.2417 ✓
[2025-10-28 17:30:44]     Epoch  3/30: Val R²=0.0619 Train R²=0.3196 Gap=0.2577 ✓
[2025-10-28 17:30:49]     Epoch  4/30: Val R²=0.0700 Train R²=0.3322 Gap=0.2621 ✓
[2025-10-28 17:30:53]     Epoch  5/30: Val R²=0.0700 Train R²=0.3404 Gap=0.2704  
[2025-10-28 17:30:58]     Epoch  6/30: Val R²=0.0802 Train R²=0.3472 Gap=0.2670 ✓
[2025-10-28 17:31:02]     Epoch  7/30: Val R²=0.1051 Train R²=0.3540 Gap=0.2489 ✓
[2025-10-28 17:31:07]     Epoch  8/30: Val R²=0.0907 Train R²=0.3586 Gap=0.2679  
[2025-10-28 17:31:11]     Epoch  9/30: Val R²=0.1059 Train R²=0.3634 Gap=0.2575 ✓
[2025-10-28 17:31:16]     Epoch 10/30: Val R²=0.1040 Train R²=0.3703 Gap=0.2663  
[2025-10-28 17:31:20]     Epoch 11/30: Val R²=0.1157 Train R²=0.3717 Gap=0.2560 ✓
[2025-10-28 17:31:25]     Epoch 12/30: Val R²=0.1132 Train R²=0.3766 Gap=0.2634  
[2025-10-28 17:31:29]     Epoch 13/30: Val R²=0.1163 Train R²=0.3774 Gap=0.2611 ✓
[2025-10-28 17:31:33]     Epoch 14/30: Val R²=0.1118 Train R²=0.3802 Gap=0.2684  
[2025-10-28 17:31:38]     Epoch 15/30: Val R²=0.1253 Train R²=0.3848 Gap=0.2594 ✓
[2025-10-28 17:31:43]     Epoch 16/30: Val R²=0.1240 Train R²=0.3873 Gap=0.2633  
[2025-10-28 17:31:47]     Epoch 17/30: Val R²=0.1377 Train R²=0.3877 Gap=0.2499 ✓
[2025-10-28 17:31:52]     Epoch 18/30: Val R²=0.1178 Train R²=0.3908 Gap=0.2730  
[2025-10-28 17:31:56]     Epoch 19/30: Val R²=0.1335 Train R²=0.3935 Gap=0.2600  
[2025-10-28 17:32:01]     Epoch 20/30: Val R²=0.1252 Train R²=0.3956 Gap=0.2704  
[2025-10-28 17:32:01]     Early stopped at epoch 20
[2025-10-28 17:32:01] 
======================================================================
[2025-10-28 17:32:01] Config 22/1000 Complete:
[2025-10-28 17:32:01]   Best Val R²: 0.137750 (epoch 17)
[2025-10-28 17:32:01]   Best Global R²: 0.162344
[2025-10-28 17:32:01]   Overfitting Gap: 0.249941
[2025-10-28 17:32:01]   Parameters: 161,696
[2025-10-28 17:32:01]   Training Time: 90.0s
[2025-10-28 17:32:01]   Not better than global best (0.162344)
[2025-10-28 17:32:01]   Results saved to models/test_bruteforce_search_results.csv
[2025-10-28 17:32:01] 
======================================================================
[2025-10-28 17:32:01] Config 23/1000 - Starting Training:
[2025-10-28 17:32:01]   Architecture:
[2025-10-28 17:32:01]     Lookback: 30, Hidden: 128, Layers: 1, Dropout: 0.1
[2025-10-28 17:32:01]     Bidirectional: True, GRU: True
[2025-10-28 17:32:01]   Output Head:
[2025-10-28 17:32:01]     FC Layers: 2, FC Hidden: 128, Activation: relu
[2025-10-28 17:32:01]     FC Dropout: 0.2, Batch Norm: True
[2025-10-28 17:32:01]   Training:
[2025-10-28 17:32:01]     Batch Size: 128, LR: 0.0005, Weight Decay: 0.0001
[2025-10-28 17:32:01]     Optimizer: adamw, Grad Clip: 0.5, LR Patience: 3
[2025-10-28 17:32:05]     Epoch  1/30: Val R²=0.0287 Train R²=0.2056 Gap=0.1769 ✓
[2025-10-28 17:32:10]     Epoch  2/30: Val R²=0.0544 Train R²=0.2985 Gap=0.2441 ✓
[2025-10-28 17:32:15]     Epoch  3/30: Val R²=0.0497 Train R²=0.3205 Gap=0.2708  
[2025-10-28 17:32:19]     Epoch  4/30: Val R²=0.0694 Train R²=0.3341 Gap=0.2647 ✓
[2025-10-28 17:32:24]     Epoch  5/30: Val R²=0.0826 Train R²=0.3400 Gap=0.2574 ✓
[2025-10-28 17:32:28]     Epoch  6/30: Val R²=0.0752 Train R²=0.3491 Gap=0.2739  
[2025-10-28 17:32:33]     Epoch  7/30: Val R²=0.0953 Train R²=0.3554 Gap=0.2601 ✓
[2025-10-28 17:32:37]     Epoch  8/30: Val R²=0.0974 Train R²=0.3584 Gap=0.2610 ✓
[2025-10-28 17:32:42]     Epoch  9/30: Val R²=0.0995 Train R²=0.3649 Gap=0.2654 ✓
[2025-10-28 17:32:46]     Epoch 10/30: Val R²=0.1114 Train R²=0.3661 Gap=0.2547 ✓
[2025-10-28 17:32:51]     Epoch 11/30: Val R²=0.1122 Train R²=0.3707 Gap=0.2585 ✓
[2025-10-28 17:32:55]     Epoch 12/30: Val R²=0.1193 Train R²=0.3773 Gap=0.2581 ✓
[2025-10-28 17:33:00]     Epoch 13/30: Val R²=0.1276 Train R²=0.3767 Gap=0.2491 ✓
[2025-10-28 17:33:05]     Epoch 14/30: Val R²=0.1198 Train R²=0.3807 Gap=0.2609  
[2025-10-28 17:33:09]     Epoch 15/30: Val R²=0.1320 Train R²=0.3851 Gap=0.2531 ✓
[2025-10-28 17:33:14]     Epoch 16/30: Val R²=0.1302 Train R²=0.3885 Gap=0.2583  
[2025-10-28 17:33:18]     Epoch 17/30: Val R²=0.1398 Train R²=0.3904 Gap=0.2506 ✓
[2025-10-28 17:33:23]     Epoch 18/30: Val R²=0.1492 Train R²=0.3930 Gap=0.2438 ✓
[2025-10-28 17:33:27]     Epoch 19/30: Val R²=0.1427 Train R²=0.3961 Gap=0.2534  
[2025-10-28 17:33:32]     Epoch 20/30: Val R²=0.1473 Train R²=0.3984 Gap=0.2511  
[2025-10-28 17:33:37]     Epoch 21/30: Val R²=0.1393 Train R²=0.4018 Gap=0.2625  
[2025-10-28 17:33:37]     Early stopped at epoch 21
[2025-10-28 17:33:37] 
======================================================================
[2025-10-28 17:33:37] Config 23/1000 Complete:
[2025-10-28 17:33:37]   Best Val R²: 0.149153 (epoch 18)
[2025-10-28 17:33:37]   Best Global R²: 0.162344
[2025-10-28 17:33:37]   Overfitting Gap: 0.243804
[2025-10-28 17:33:37]   Parameters: 161,696
[2025-10-28 17:33:37]   Training Time: 95.7s
[2025-10-28 17:33:37]   Not better than global best (0.162344)
[2025-10-28 17:33:37]   Results saved to models/test_bruteforce_search_results.csv
[2025-10-28 17:33:37] 
======================================================================
[2025-10-28 17:33:37] Config 24/1000 - Starting Training:
[2025-10-28 17:33:37]   Architecture:
[2025-10-28 17:33:37]     Lookback: 30, Hidden: 128, Layers: 1, Dropout: 0.1
[2025-10-28 17:33:37]     Bidirectional: True, GRU: True
[2025-10-28 17:33:37]   Output Head:
[2025-10-28 17:33:37]     FC Layers: 2, FC Hidden: 128, Activation: relu
[2025-10-28 17:33:37]     FC Dropout: 0.2, Batch Norm: True
[2025-10-28 17:33:37]   Training:
[2025-10-28 17:33:37]     Batch Size: 128, LR: 0.0005, Weight Decay: 0.0001
[2025-10-28 17:33:37]     Optimizer: adamw, Grad Clip: 1.0, LR Patience: 3
[2025-10-28 17:33:41]     Epoch  1/30: Val R²=0.0388 Train R²=0.2065 Gap=0.1678 ✓
[2025-10-28 17:33:46]     Epoch  2/30: Val R²=0.0517 Train R²=0.3001 Gap=0.2484 ✓
[2025-10-28 17:33:51]     Epoch  3/30: Val R²=0.0690 Train R²=0.3193 Gap=0.2503 ✓
[2025-10-28 17:33:55]     Epoch  4/30: Val R²=0.0753 Train R²=0.3307 Gap=0.2554 ✓
[2025-10-28 17:34:00]     Epoch  5/30: Val R²=0.0747 Train R²=0.3421 Gap=0.2674  
[2025-10-28 17:34:04]     Epoch  6/30: Val R²=0.0814 Train R²=0.3465 Gap=0.2651 ✓
[2025-10-28 17:34:09]     Epoch  7/30: Val R²=0.0992 Train R²=0.3529 Gap=0.2537 ✓
[2025-10-28 17:34:13]     Epoch  8/30: Val R²=0.0951 Train R²=0.3584 Gap=0.2633  
[2025-10-28 17:34:18]     Epoch  9/30: Val R²=0.0863 Train R²=0.3606 Gap=0.2743  
[2025-10-28 17:34:23]     Epoch 10/30: Val R²=0.0978 Train R²=0.3674 Gap=0.2697  
[2025-10-28 17:34:23]     Early stopped at epoch 10
[2025-10-28 17:34:23] 
======================================================================
[2025-10-28 17:34:23] Config 24/1000 Complete:
[2025-10-28 17:34:23]   Best Val R²: 0.099200 (epoch 7)
[2025-10-28 17:34:23]   Best Global R²: 0.162344
[2025-10-28 17:34:23]   Overfitting Gap: 0.253689
[2025-10-28 17:34:23]   Parameters: 161,696
[2025-10-28 17:34:23]   Training Time: 46.1s
[2025-10-28 17:34:23]   Not better than global best (0.162344)
[2025-10-28 17:34:23]   Results saved to models/test_bruteforce_search_results.csv
[2025-10-28 17:34:23] 
======================================================================
[2025-10-28 17:34:23] Config 25/1000 - Starting Training:
[2025-10-28 17:34:23]   Architecture:
[2025-10-28 17:34:23]     Lookback: 30, Hidden: 128, Layers: 1, Dropout: 0.1
[2025-10-28 17:34:23]     Bidirectional: True, GRU: True
[2025-10-28 17:34:23]   Output Head:
[2025-10-28 17:34:23]     FC Layers: 2, FC Hidden: 128, Activation: relu
[2025-10-28 17:34:23]     FC Dropout: 0.2, Batch Norm: True
[2025-10-28 17:34:23]   Training:
[2025-10-28 17:34:23]     Batch Size: 256, LR: 0.0001, Weight Decay: 0.0
[2025-10-28 17:34:23]     Optimizer: adamw, Grad Clip: 0.5, LR Patience: 3
[2025-10-28 17:34:25]     Epoch  1/30: Val R²=-0.0318 Train R²=-0.0444 Gap=-0.0126 ✓
[2025-10-28 17:34:28]     Epoch  2/30: Val R²=-0.0278 Train R²=0.1819 Gap=0.2097 ✓
[2025-10-28 17:34:30]     Epoch  3/30: Val R²=-0.0037 Train R²=0.2445 Gap=0.2482 ✓
[2025-10-28 17:34:33]     Epoch  4/30: Val R²=0.0144 Train R²=0.2718 Gap=0.2574 ✓
[2025-10-28 17:34:35]     Epoch  5/30: Val R²=0.0271 Train R²=0.2832 Gap=0.2561 ✓
[2025-10-28 17:34:37]     Epoch  6/30: Val R²=0.0348 Train R²=0.2926 Gap=0.2578 ✓
[2025-10-28 17:34:40]     Epoch  7/30: Val R²=0.0336 Train R²=0.2974 Gap=0.2637  
[2025-10-28 17:34:42]     Epoch  8/30: Val R²=0.0436 Train R²=0.3040 Gap=0.2604 ✓
[2025-10-28 17:34:45]     Epoch  9/30: Val R²=0.0486 Train R²=0.3084 Gap=0.2598 ✓
[2025-10-28 17:34:47]     Epoch 10/30: Val R²=0.0492 Train R²=0.3085 Gap=0.2593 ✓
[2025-10-28 17:34:50]     Epoch 11/30: Val R²=0.0611 Train R²=0.3152 Gap=0.2542 ✓
[2025-10-28 17:34:52]     Epoch 12/30: Val R²=0.0590 Train R²=0.3186 Gap=0.2595  
[2025-10-28 17:34:55]     Epoch 13/30: Val R²=0.0587 Train R²=0.3203 Gap=0.2617  
[2025-10-28 17:34:57]     Epoch 14/30: Val R²=0.0681 Train R²=0.3249 Gap=0.2568 ✓
[2025-10-28 17:35:00]     Epoch 15/30: Val R²=0.0715 Train R²=0.3290 Gap=0.2576 ✓
[2025-10-28 17:35:02]     Epoch 16/30: Val R²=0.0681 Train R²=0.3291 Gap=0.2610  
[2025-10-28 17:35:05]     Epoch 17/30: Val R²=0.0739 Train R²=0.3333 Gap=0.2594 ✓
[2025-10-28 17:35:07]     Epoch 18/30: Val R²=0.0777 Train R²=0.3335 Gap=0.2557 ✓
[2025-10-28 17:35:10]     Epoch 19/30: Val R²=0.0749 Train R²=0.3376 Gap=0.2627  
[2025-10-28 17:35:12]     Epoch 20/30: Val R²=0.0810 Train R²=0.3395 Gap=0.2585 ✓
[2025-10-28 17:35:14]     Epoch 21/30: Val R²=0.0842 Train R²=0.3415 Gap=0.2573 ✓
[2025-10-28 17:35:17]     Epoch 22/30: Val R²=0.0799 Train R²=0.3433 Gap=0.2634  
[2025-10-28 17:35:19]     Epoch 23/30: Val R²=0.0825 Train R²=0.3466 Gap=0.2642  
[2025-10-28 17:35:22]     Epoch 24/30: Val R²=0.0863 Train R²=0.3462 Gap=0.2599 ✓
[2025-10-28 17:35:24]     Epoch 25/30: Val R²=0.0865 Train R²=0.3482 Gap=0.2617 ✓
[2025-10-28 17:35:27]     Epoch 26/30: Val R²=0.0870 Train R²=0.3503 Gap=0.2632 ✓
[2025-10-28 17:35:29]     Epoch 27/30: Val R²=0.0896 Train R²=0.3521 Gap=0.2624 ✓
[2025-10-28 17:35:31]     Epoch 28/30: Val R²=0.0886 Train R²=0.3518 Gap=0.2632  
[2025-10-28 17:35:34]     Epoch 29/30: Val R²=0.0885 Train R²=0.3546 Gap=0.2661  
[2025-10-28 17:35:36]     Epoch 30/30: Val R²=0.0959 Train R²=0.3556 Gap=0.2597 ✓
[2025-10-28 17:35:36] 
======================================================================
[2025-10-28 17:35:36] Config 25/1000 Complete:
[2025-10-28 17:35:36]   Best Val R²: 0.095895 (epoch 30)
[2025-10-28 17:35:36]   Best Global R²: 0.162344
[2025-10-28 17:35:36]   Overfitting Gap: 0.259689
[2025-10-28 17:35:36]   Parameters: 161,696
[2025-10-28 17:35:36]   Training Time: 73.3s
[2025-10-28 17:35:36]   Not better than global best (0.162344)
[2025-10-28 17:35:36]   Results saved to models/test_bruteforce_search_results.csv
[2025-10-28 17:35:36] 
======================================================================
[2025-10-28 17:35:36] Config 26/1000 - Starting Training:
[2025-10-28 17:35:36]   Architecture:
[2025-10-28 17:35:36]     Lookback: 30, Hidden: 128, Layers: 1, Dropout: 0.1
[2025-10-28 17:35:36]     Bidirectional: True, GRU: True
[2025-10-28 17:35:36]   Output Head:
[2025-10-28 17:35:36]     FC Layers: 2, FC Hidden: 128, Activation: relu
[2025-10-28 17:35:36]     FC Dropout: 0.2, Batch Norm: True
[2025-10-28 17:35:36]   Training:
[2025-10-28 17:35:36]     Batch Size: 256, LR: 0.0001, Weight Decay: 0.0
[2025-10-28 17:35:36]     Optimizer: adamw, Grad Clip: 1.0, LR Patience: 3
[2025-10-28 17:35:38]     Epoch  1/30: Val R²=-0.0414 Train R²=-0.0272 Gap=0.0142 ✓
[2025-10-28 17:35:41]     Epoch  2/30: Val R²=-0.0390 Train R²=0.1701 Gap=0.2091 ✓
[2025-10-28 17:35:43]     Epoch  3/30: Val R²=-0.0150 Train R²=0.2352 Gap=0.2502 ✓
[2025-10-28 17:35:46]     Epoch  4/30: Val R²=0.0074 Train R²=0.2617 Gap=0.2542 ✓
[2025-10-28 17:35:48]     Epoch  5/30: Val R²=0.0237 Train R²=0.2767 Gap=0.2530 ✓
[2025-10-28 17:35:50]     Epoch  6/30: Val R²=0.0269 Train R²=0.2858 Gap=0.2589 ✓
[2025-10-28 17:35:53]     Epoch  7/30: Val R²=0.0395 Train R²=0.2917 Gap=0.2522 ✓
[2025-10-28 17:35:55]     Epoch  8/30: Val R²=0.0403 Train R²=0.2981 Gap=0.2578 ✓
[2025-10-28 17:35:58]     Epoch  9/30: Val R²=0.0468 Train R²=0.3022 Gap=0.2553 ✓
[2025-10-28 17:36:00]     Epoch 10/30: Val R²=0.0531 Train R²=0.3049 Gap=0.2518 ✓
[2025-10-28 17:36:03]     Epoch 11/30: Val R²=0.0535 Train R²=0.3095 Gap=0.2560 ✓
[2025-10-28 17:36:05]     Epoch 12/30: Val R²=0.0578 Train R²=0.3114 Gap=0.2536 ✓
[2025-10-28 17:36:07]     Epoch 13/30: Val R²=0.0619 Train R²=0.3153 Gap=0.2534 ✓
[2025-10-28 17:36:10]     Epoch 14/30: Val R²=0.0646 Train R²=0.3185 Gap=0.2540 ✓
[2025-10-28 17:36:12]     Epoch 15/30: Val R²=0.0705 Train R²=0.3207 Gap=0.2502 ✓
[2025-10-28 17:36:15]     Epoch 16/30: Val R²=0.0746 Train R²=0.3243 Gap=0.2497 ✓
[2025-10-28 17:36:17]     Epoch 17/30: Val R²=0.0754 Train R²=0.3254 Gap=0.2499 ✓
[2025-10-28 17:36:19]     Epoch 18/30: Val R²=0.0767 Train R²=0.3294 Gap=0.2527 ✓
[2025-10-28 17:36:22]     Epoch 19/30: Val R²=0.0757 Train R²=0.3308 Gap=0.2551  
[2025-10-28 17:36:24]     Epoch 20/30: Val R²=0.0749 Train R²=0.3331 Gap=0.2582  
[2025-10-28 17:36:27]     Epoch 21/30: Val R²=0.0771 Train R²=0.3349 Gap=0.2577 ✓
[2025-10-28 17:36:29]     Epoch 22/30: Val R²=0.0788 Train R²=0.3360 Gap=0.2572 ✓
[2025-10-28 17:36:31]     Epoch 23/30: Val R²=0.0810 Train R²=0.3395 Gap=0.2585 ✓
[2025-10-28 17:36:34]     Epoch 24/30: Val R²=0.0783 Train R²=0.3394 Gap=0.2612  
[2025-10-28 17:36:36]     Epoch 25/30: Val R²=0.0830 Train R²=0.3440 Gap=0.2610 ✓
[2025-10-28 17:36:39]     Epoch 26/30: Val R²=0.0868 Train R²=0.3454 Gap=0.2586 ✓
[2025-10-28 17:36:41]     Epoch 27/30: Val R²=0.0892 Train R²=0.3470 Gap=0.2578 ✓
[2025-10-28 17:36:43]     Epoch 28/30: Val R²=0.0849 Train R²=0.3484 Gap=0.2634  
[2025-10-28 17:36:46]     Epoch 29/30: Val R²=0.0872 Train R²=0.3500 Gap=0.2628  
[2025-10-28 17:36:48]     Epoch 30/30: Val R²=0.0871 Train R²=0.3517 Gap=0.2646  
[2025-10-28 17:36:48]     Early stopped at epoch 30
[2025-10-28 17:36:48] 
======================================================================
[2025-10-28 17:36:48] Config 26/1000 Complete:
[2025-10-28 17:36:48]   Best Val R²: 0.089235 (epoch 27)
[2025-10-28 17:36:48]   Best Global R²: 0.162344
[2025-10-28 17:36:48]   Overfitting Gap: 0.257763
[2025-10-28 17:36:48]   Parameters: 161,696
[2025-10-28 17:36:48]   Training Time: 72.2s
[2025-10-28 17:36:48]   Not better than global best (0.162344)
[2025-10-28 17:36:48]   Results saved to models/test_bruteforce_search_results.csv
[2025-10-28 17:36:48] 
======================================================================
[2025-10-28 17:36:48] Config 27/1000 - Starting Training:
[2025-10-28 17:36:48]   Architecture:
[2025-10-28 17:36:48]     Lookback: 30, Hidden: 128, Layers: 1, Dropout: 0.1
[2025-10-28 17:36:48]     Bidirectional: True, GRU: True
[2025-10-28 17:36:48]   Output Head:
[2025-10-28 17:36:48]     FC Layers: 2, FC Hidden: 128, Activation: relu
[2025-10-28 17:36:48]     FC Dropout: 0.2, Batch Norm: True
[2025-10-28 17:36:48]   Training:
[2025-10-28 17:36:48]     Batch Size: 256, LR: 0.0001, Weight Decay: 0.0001
[2025-10-28 17:36:48]     Optimizer: adamw, Grad Clip: 0.5, LR Patience: 3
[2025-10-28 17:36:51]     Epoch  1/30: Val R²=-0.0332 Train R²=-0.0554 Gap=-0.0222 ✓
[2025-10-28 17:36:53]     Epoch  2/30: Val R²=-0.0286 Train R²=0.1883 Gap=0.2169 ✓
[2025-10-28 17:36:55]     Epoch  3/30: Val R²=-0.0063 Train R²=0.2510 Gap=0.2573 ✓
[2025-10-28 17:36:58]     Epoch  4/30: Val R²=0.0149 Train R²=0.2729 Gap=0.2580 ✓
[2025-10-28 17:37:00]     Epoch  5/30: Val R²=0.0284 Train R²=0.2824 Gap=0.2540 ✓
[2025-10-28 17:37:03]     Epoch  6/30: Val R²=0.0346 Train R²=0.2916 Gap=0.2570 ✓
[2025-10-28 17:37:05]     Epoch  7/30: Val R²=0.0404 Train R²=0.2981 Gap=0.2577 ✓
[2025-10-28 17:37:08]     Epoch  8/30: Val R²=0.0442 Train R²=0.3011 Gap=0.2569 ✓
[2025-10-28 17:37:10]     Epoch  9/30: Val R²=0.0536 Train R²=0.3056 Gap=0.2520 ✓
[2025-10-28 17:37:12]     Epoch 10/30: Val R²=0.0528 Train R²=0.3095 Gap=0.2567  
[2025-10-28 17:37:15]     Epoch 11/30: Val R²=0.0591 Train R²=0.3139 Gap=0.2548 ✓
[2025-10-28 17:37:17]     Epoch 12/30: Val R²=0.0625 Train R²=0.3165 Gap=0.2540 ✓
[2025-10-28 17:37:19]     Epoch 13/30: Val R²=0.0658 Train R²=0.3193 Gap=0.2535 ✓
[2025-10-28 17:37:22]     Epoch 14/30: Val R²=0.0628 Train R²=0.3202 Gap=0.2574  
[2025-10-28 17:37:24]     Epoch 15/30: Val R²=0.0694 Train R²=0.3255 Gap=0.2561 ✓
[2025-10-28 17:37:27]     Epoch 16/30: Val R²=0.0759 Train R²=0.3274 Gap=0.2515 ✓
[2025-10-28 17:37:29]     Epoch 17/30: Val R²=0.0732 Train R²=0.3299 Gap=0.2567  
[2025-10-28 17:37:31]     Epoch 18/30: Val R²=0.0736 Train R²=0.3331 Gap=0.2595  
[2025-10-28 17:37:34]     Epoch 19/30: Val R²=0.0791 Train R²=0.3362 Gap=0.2571 ✓
[2025-10-28 17:37:36]     Epoch 20/30: Val R²=0.0809 Train R²=0.3383 Gap=0.2573 ✓
[2025-10-28 17:37:38]     Epoch 21/30: Val R²=0.0880 Train R²=0.3394 Gap=0.2514 ✓
[2025-10-28 17:37:41]     Epoch 22/30: Val R²=0.0830 Train R²=0.3402 Gap=0.2572  
[2025-10-28 17:37:43]     Epoch 23/30: Val R²=0.0913 Train R²=0.3415 Gap=0.2502 ✓
[2025-10-28 17:37:46]     Epoch 24/30: Val R²=0.0838 Train R²=0.3423 Gap=0.2585  
[2025-10-28 17:37:48]     Epoch 25/30: Val R²=0.0944 Train R²=0.3449 Gap=0.2505 ✓
[2025-10-28 17:37:51]     Epoch 26/30: Val R²=0.0931 Train R²=0.3475 Gap=0.2544  
[2025-10-28 17:37:53]     Epoch 27/30: Val R²=0.0947 Train R²=0.3509 Gap=0.2561 ✓
[2025-10-28 17:37:56]     Epoch 28/30: Val R²=0.0913 Train R²=0.3513 Gap=0.2600  
[2025-10-28 17:37:58]     Epoch 29/30: Val R²=0.0985 Train R²=0.3519 Gap=0.2534 ✓
[2025-10-28 17:38:01]     Epoch 30/30: Val R²=0.0987 Train R²=0.3535 Gap=0.2548 ✓
[2025-10-28 17:38:01] 
======================================================================
[2025-10-28 17:38:01] Config 27/1000 Complete:
[2025-10-28 17:38:01]   Best Val R²: 0.098712 (epoch 30)
[2025-10-28 17:38:01]   Best Global R²: 0.162344
[2025-10-28 17:38:01]   Overfitting Gap: 0.254810
[2025-10-28 17:38:01]   Parameters: 161,696
[2025-10-28 17:38:01]   Training Time: 72.4s
[2025-10-28 17:38:01]   Not better than global best (0.162344)
[2025-10-28 17:38:01]   Results saved to models/test_bruteforce_search_results.csv
[2025-10-28 17:38:01] 
======================================================================
[2025-10-28 17:38:01] Config 28/1000 - Starting Training:
[2025-10-28 17:38:01]   Architecture:
[2025-10-28 17:38:01]     Lookback: 30, Hidden: 128, Layers: 1, Dropout: 0.1
[2025-10-28 17:38:01]     Bidirectional: True, GRU: True
[2025-10-28 17:38:01]   Output Head:
[2025-10-28 17:38:01]     FC Layers: 2, FC Hidden: 128, Activation: relu
[2025-10-28 17:38:01]     FC Dropout: 0.2, Batch Norm: True
[2025-10-28 17:38:01]   Training:
[2025-10-28 17:38:01]     Batch Size: 256, LR: 0.0001, Weight Decay: 0.0001
[2025-10-28 17:38:01]     Optimizer: adamw, Grad Clip: 1.0, LR Patience: 3
[2025-10-28 17:38:03]     Epoch  1/30: Val R²=-0.0407 Train R²=-0.0371 Gap=0.0036 ✓
[2025-10-28 17:38:06]     Epoch  2/30: Val R²=-0.0412 Train R²=0.1768 Gap=0.2180  
[2025-10-28 17:38:08]     Epoch  3/30: Val R²=-0.0096 Train R²=0.2371 Gap=0.2467 ✓
[2025-10-28 17:38:11]     Epoch  4/30: Val R²=0.0103 Train R²=0.2606 Gap=0.2503 ✓
[2025-10-28 17:38:13]     Epoch  5/30: Val R²=0.0197 Train R²=0.2761 Gap=0.2564 ✓
[2025-10-28 17:38:16]     Epoch  6/30: Val R²=0.0267 Train R²=0.2817 Gap=0.2550 ✓
[2025-10-28 17:38:18]     Epoch  7/30: Val R²=0.0314 Train R²=0.2894 Gap=0.2580 ✓
[2025-10-28 17:38:21]     Epoch  8/30: Val R²=0.0356 Train R²=0.2981 Gap=0.2625 ✓
[2025-10-28 17:38:23]     Epoch  9/30: Val R²=0.0383 Train R²=0.3011 Gap=0.2628 ✓
[2025-10-28 17:38:25]     Epoch 10/30: Val R²=0.0455 Train R²=0.3060 Gap=0.2605 ✓
[2025-10-28 17:38:28]     Epoch 11/30: Val R²=0.0482 Train R²=0.3115 Gap=0.2633 ✓
[2025-10-28 17:38:30]     Epoch 12/30: Val R²=0.0471 Train R²=0.3147 Gap=0.2677  
[2025-10-28 17:38:33]     Epoch 13/30: Val R²=0.0514 Train R²=0.3155 Gap=0.2641 ✓
[2025-10-28 17:38:35]     Epoch 14/30: Val R²=0.0534 Train R²=0.3196 Gap=0.2662 ✓
[2025-10-28 17:38:38]     Epoch 15/30: Val R²=0.0547 Train R²=0.3217 Gap=0.2670 ✓
[2025-10-28 17:38:40]     Epoch 16/30: Val R²=0.0592 Train R²=0.3242 Gap=0.2651 ✓
[2025-10-28 17:38:42]     Epoch 17/30: Val R²=0.0582 Train R²=0.3272 Gap=0.2690  
[2025-10-28 17:38:45]     Epoch 18/30: Val R²=0.0616 Train R²=0.3294 Gap=0.2678 ✓
[2025-10-28 17:38:47]     Epoch 19/30: Val R²=0.0656 Train R²=0.3322 Gap=0.2665 ✓
[2025-10-28 17:38:50]     Epoch 20/30: Val R²=0.0647 Train R²=0.3339 Gap=0.2691  
[2025-10-28 17:38:52]     Epoch 21/30: Val R²=0.0699 Train R²=0.3369 Gap=0.2670 ✓
[2025-10-28 17:38:55]     Epoch 22/30: Val R²=0.0688 Train R²=0.3384 Gap=0.2696  
[2025-10-28 17:38:57]     Epoch 23/30: Val R²=0.0701 Train R²=0.3397 Gap=0.2696 ✓
[2025-10-28 17:38:59]     Epoch 24/30: Val R²=0.0699 Train R²=0.3417 Gap=0.2718  
[2025-10-28 17:39:02]     Epoch 25/30: Val R²=0.0697 Train R²=0.3429 Gap=0.2733  
[2025-10-28 17:39:04]     Epoch 26/30: Val R²=0.0702 Train R²=0.3458 Gap=0.2755 ✓
[2025-10-28 17:39:06]     Epoch 27/30: Val R²=0.0758 Train R²=0.3489 Gap=0.2731 ✓
[2025-10-28 17:39:09]     Epoch 28/30: Val R²=0.0793 Train R²=0.3505 Gap=0.2711 ✓
[2025-10-28 17:39:11]     Epoch 29/30: Val R²=0.0771 Train R²=0.3528 Gap=0.2757  
[2025-10-28 17:39:14]     Epoch 30/30: Val R²=0.0778 Train R²=0.3513 Gap=0.2735  
[2025-10-28 17:39:14] 
======================================================================
[2025-10-28 17:39:14] Config 28/1000 Complete:
[2025-10-28 17:39:14]   Best Val R²: 0.079343 (epoch 28)
[2025-10-28 17:39:14]   Best Global R²: 0.162344
[2025-10-28 17:39:14]   Overfitting Gap: 0.271122
[2025-10-28 17:39:14]   Parameters: 161,696
[2025-10-28 17:39:14]   Training Time: 73.0s
[2025-10-28 17:39:14]   Not better than global best (0.162344)
[2025-10-28 17:39:14]   Results saved to models/test_bruteforce_search_results.csv
[2025-10-28 17:39:14] 
======================================================================
[2025-10-28 17:39:14] Config 29/1000 - Starting Training:
[2025-10-28 17:39:14]   Architecture:
[2025-10-28 17:39:14]     Lookback: 30, Hidden: 128, Layers: 1, Dropout: 0.1
[2025-10-28 17:39:14]     Bidirectional: True, GRU: True
[2025-10-28 17:39:14]   Output Head:
[2025-10-28 17:39:14]     FC Layers: 2, FC Hidden: 128, Activation: relu
[2025-10-28 17:39:14]     FC Dropout: 0.2, Batch Norm: True
[2025-10-28 17:39:14]   Training:
[2025-10-28 17:39:14]     Batch Size: 256, LR: 0.0005, Weight Decay: 0.0
[2025-10-28 17:39:14]     Optimizer: adamw, Grad Clip: 0.5, LR Patience: 3
[2025-10-28 17:39:16]     Epoch  1/30: Val R²=0.0135 Train R²=0.1562 Gap=0.1427 ✓
[2025-10-28 17:39:18]     Epoch  2/30: Val R²=0.0347 Train R²=0.2861 Gap=0.2513 ✓
[2025-10-28 17:39:21]     Epoch  3/30: Val R²=0.0449 Train R²=0.3071 Gap=0.2623 ✓
[2025-10-28 17:39:23]     Epoch  4/30: Val R²=0.0696 Train R²=0.3208 Gap=0.2513 ✓
[2025-10-28 17:39:26]     Epoch  5/30: Val R²=0.0699 Train R²=0.3293 Gap=0.2593 ✓
[2025-10-28 17:39:28]     Epoch  6/30: Val R²=0.0766 Train R²=0.3383 Gap=0.2617 ✓
[2025-10-28 17:39:30]     Epoch  7/30: Val R²=0.0902 Train R²=0.3460 Gap=0.2558 ✓
[2025-10-28 17:39:33]     Epoch  8/30: Val R²=0.0877 Train R²=0.3478 Gap=0.2600  
[2025-10-28 17:39:35]     Epoch  9/30: Val R²=0.0874 Train R²=0.3532 Gap=0.2658  
[2025-10-28 17:39:38]     Epoch 10/30: Val R²=0.0984 Train R²=0.3586 Gap=0.2602 ✓
[2025-10-28 17:39:40]     Epoch 11/30: Val R²=0.1037 Train R²=0.3637 Gap=0.2601 ✓
[2025-10-28 17:39:42]     Epoch 12/30: Val R²=0.1110 Train R²=0.3672 Gap=0.2562 ✓
[2025-10-28 17:39:45]     Epoch 13/30: Val R²=0.1072 Train R²=0.3698 Gap=0.2626  
[2025-10-28 17:39:47]     Epoch 14/30: Val R²=0.1185 Train R²=0.3739 Gap=0.2555 ✓
[2025-10-28 17:39:50]     Epoch 15/30: Val R²=0.1241 Train R²=0.3774 Gap=0.2533 ✓
[2025-10-28 17:39:52]     Epoch 16/30: Val R²=0.1247 Train R²=0.3805 Gap=0.2558 ✓
[2025-10-28 17:39:55]     Epoch 17/30: Val R²=0.1262 Train R²=0.3830 Gap=0.2567 ✓
[2025-10-28 17:39:57]     Epoch 18/30: Val R²=0.1319 Train R²=0.3845 Gap=0.2527 ✓
[2025-10-28 17:39:59]     Epoch 19/30: Val R²=0.1249 Train R²=0.3874 Gap=0.2625  
[2025-10-28 17:40:02]     Epoch 20/30: Val R²=0.1272 Train R²=0.3898 Gap=0.2627  
[2025-10-28 17:40:04]     Epoch 21/30: Val R²=0.1258 Train R²=0.3937 Gap=0.2679  
[2025-10-28 17:40:04]     Early stopped at epoch 21
[2025-10-28 17:40:04] 
======================================================================
[2025-10-28 17:40:04] Config 29/1000 Complete:
[2025-10-28 17:40:04]   Best Val R²: 0.131865 (epoch 18)
[2025-10-28 17:40:04]   Best Global R²: 0.162344
[2025-10-28 17:40:04]   Overfitting Gap: 0.252668
[2025-10-28 17:40:04]   Parameters: 161,696
[2025-10-28 17:40:04]   Training Time: 50.6s
[2025-10-28 17:40:04]   Not better than global best (0.162344)
[2025-10-28 17:40:04]   Results saved to models/test_bruteforce_search_results.csv
[2025-10-28 17:40:04] 
======================================================================
[2025-10-28 17:40:04] Config 30/1000 - Starting Training:
[2025-10-28 17:40:04]   Architecture:
[2025-10-28 17:40:04]     Lookback: 30, Hidden: 128, Layers: 1, Dropout: 0.1
[2025-10-28 17:40:04]     Bidirectional: True, GRU: True
[2025-10-28 17:40:04]   Output Head:
[2025-10-28 17:40:04]     FC Layers: 2, FC Hidden: 128, Activation: relu
[2025-10-28 17:40:04]     FC Dropout: 0.2, Batch Norm: True
[2025-10-28 17:40:04]   Training:
[2025-10-28 17:40:04]     Batch Size: 256, LR: 0.0005, Weight Decay: 0.0
[2025-10-28 17:40:04]     Optimizer: adamw, Grad Clip: 1.0, LR Patience: 3
[2025-10-28 17:40:07]     Epoch  1/30: Val R²=0.0135 Train R²=0.1599 Gap=0.1464 ✓
[2025-10-28 17:40:09]     Epoch  2/30: Val R²=0.0328 Train R²=0.2851 Gap=0.2523 ✓
[2025-10-28 17:40:11]     Epoch  3/30: Val R²=0.0459 Train R²=0.3054 Gap=0.2595 ✓
[2025-10-28 17:40:14]     Epoch  4/30: Val R²=0.0592 Train R²=0.3177 Gap=0.2585 ✓
[2025-10-28 17:40:16]     Epoch  5/30: Val R²=0.0579 Train R²=0.3263 Gap=0.2684  
[2025-10-28 17:40:19]     Epoch  6/30: Val R²=0.0661 Train R²=0.3330 Gap=0.2670 ✓
[2025-10-28 17:40:21]     Epoch  7/30: Val R²=0.0745 Train R²=0.3414 Gap=0.2669 ✓
[2025-10-28 17:40:23]     Epoch  8/30: Val R²=0.0767 Train R²=0.3456 Gap=0.2689 ✓
[2025-10-28 17:40:26]     Epoch  9/30: Val R²=0.0902 Train R²=0.3511 Gap=0.2609 ✓
[2025-10-28 17:40:28]     Epoch 10/30: Val R²=0.0852 Train R²=0.3562 Gap=0.2710  
[2025-10-28 17:40:31]     Epoch 11/30: Val R²=0.1046 Train R²=0.3598 Gap=0.2552 ✓
[2025-10-28 17:40:33]     Epoch 12/30: Val R²=0.0958 Train R²=0.3615 Gap=0.2658  
[2025-10-28 17:40:36]     Epoch 13/30: Val R²=0.1086 Train R²=0.3672 Gap=0.2586 ✓
[2025-10-28 17:40:38]     Epoch 14/30: Val R²=0.1039 Train R²=0.3691 Gap=0.2653  
[2025-10-28 17:40:40]     Epoch 15/30: Val R²=0.1061 Train R²=0.3729 Gap=0.2667  
[2025-10-28 17:40:43]     Epoch 16/30: Val R²=0.1170 Train R²=0.3732 Gap=0.2562 ✓
[2025-10-28 17:40:45]     Epoch 17/30: Val R²=0.1110 Train R²=0.3789 Gap=0.2680  
[2025-10-28 17:40:48]     Epoch 18/30: Val R²=0.1077 Train R²=0.3811 Gap=0.2735  
[2025-10-28 17:40:50]     Epoch 19/30: Val R²=0.1200 Train R²=0.3825 Gap=0.2625 ✓
[2025-10-28 17:40:53]     Epoch 20/30: Val R²=0.1323 Train R²=0.3853 Gap=0.2530 ✓
[2025-10-28 17:40:55]     Epoch 21/30: Val R²=0.1226 Train R²=0.3883 Gap=0.2657  
[2025-10-28 17:40:57]     Epoch 22/30: Val R²=0.1322 Train R²=0.3886 Gap=0.2564  
[2025-10-28 17:41:00]     Epoch 23/30: Val R²=0.1306 Train R²=0.3890 Gap=0.2583  
[2025-10-28 17:41:00]     Early stopped at epoch 23
[2025-10-28 17:41:00] 
======================================================================
[2025-10-28 17:41:00] Config 30/1000 Complete:
[2025-10-28 17:41:00]   Best Val R²: 0.132294 (epoch 20)
[2025-10-28 17:41:00]   Best Global R²: 0.162344
[2025-10-28 17:41:00]   Overfitting Gap: 0.252976
[2025-10-28 17:41:00]   Parameters: 161,696
[2025-10-28 17:41:00]   Training Time: 55.6s
[2025-10-28 17:41:00]   Not better than global best (0.162344)
[2025-10-28 17:41:00]   Results saved to models/test_bruteforce_search_results.csv
[2025-10-28 17:41:00] 
======================================================================
[2025-10-28 17:41:00] Config 31/1000 - Starting Training:
[2025-10-28 17:41:00]   Architecture:
[2025-10-28 17:41:00]     Lookback: 30, Hidden: 128, Layers: 1, Dropout: 0.1
[2025-10-28 17:41:00]     Bidirectional: True, GRU: True
[2025-10-28 17:41:00]   Output Head:
[2025-10-28 17:41:00]     FC Layers: 2, FC Hidden: 128, Activation: relu
[2025-10-28 17:41:00]     FC Dropout: 0.2, Batch Norm: True
[2025-10-28 17:41:00]   Training:
[2025-10-28 17:41:00]     Batch Size: 256, LR: 0.0005, Weight Decay: 0.0001
[2025-10-28 17:41:00]     Optimizer: adamw, Grad Clip: 0.5, LR Patience: 3
[2025-10-28 17:41:02]     Epoch  1/30: Val R²=0.0063 Train R²=0.1448 Gap=0.1385 ✓
[2025-10-28 17:41:05]     Epoch  2/30: Val R²=0.0546 Train R²=0.2881 Gap=0.2336 ✓
[2025-10-28 17:41:07]     Epoch  3/30: Val R²=0.0537 Train R²=0.3075 Gap=0.2538  
[2025-10-28 17:41:09]     Epoch  4/30: Val R²=0.0641 Train R²=0.3206 Gap=0.2566 ✓
[2025-10-28 17:41:12]     Epoch  5/30: Val R²=0.0656 Train R²=0.3321 Gap=0.2665 ✓
[2025-10-28 17:41:14]     Epoch  6/30: Val R²=0.0757 Train R²=0.3384 Gap=0.2628 ✓
[2025-10-28 17:41:16]     Epoch  7/30: Val R²=0.0827 Train R²=0.3462 Gap=0.2635 ✓
[2025-10-28 17:41:19]     Epoch  8/30: Val R²=0.0789 Train R²=0.3502 Gap=0.2714  
[2025-10-28 17:41:21]     Epoch  9/30: Val R²=0.0938 Train R²=0.3542 Gap=0.2604 ✓
[2025-10-28 17:41:24]     Epoch 10/30: Val R²=0.1004 Train R²=0.3587 Gap=0.2584 ✓
[2025-10-28 17:41:26]     Epoch 11/30: Val R²=0.0976 Train R²=0.3660 Gap=0.2684  
[2025-10-28 17:41:28]     Epoch 12/30: Val R²=0.1035 Train R²=0.3687 Gap=0.2652 ✓
[2025-10-28 17:41:31]     Epoch 13/30: Val R²=0.1070 Train R²=0.3705 Gap=0.2635 ✓
[2025-10-28 17:41:33]     Epoch 14/30: Val R²=0.1058 Train R²=0.3729 Gap=0.2671  
[2025-10-28 17:41:36]     Epoch 15/30: Val R²=0.1146 Train R²=0.3785 Gap=0.2640 ✓
[2025-10-28 17:41:38]     Epoch 16/30: Val R²=0.1266 Train R²=0.3791 Gap=0.2524 ✓
[2025-10-28 17:41:40]     Epoch 17/30: Val R²=0.1160 Train R²=0.3815 Gap=0.2654  
[2025-10-28 17:41:43]     Epoch 18/30: Val R²=0.1238 Train R²=0.3825 Gap=0.2587  
[2025-10-28 17:41:45]     Epoch 19/30: Val R²=0.1064 Train R²=0.3857 Gap=0.2794  
[2025-10-28 17:41:45]     Early stopped at epoch 19
[2025-10-28 17:41:45] 
======================================================================
[2025-10-28 17:41:45] Config 31/1000 Complete:
[2025-10-28 17:41:45]   Best Val R²: 0.126621 (epoch 16)
[2025-10-28 17:41:45]   Best Global R²: 0.162344
[2025-10-28 17:41:45]   Overfitting Gap: 0.252429
[2025-10-28 17:41:45]   Parameters: 161,696
[2025-10-28 17:41:45]   Training Time: 45.4s
[2025-10-28 17:41:45]   Not better than global best (0.162344)
[2025-10-28 17:41:45]   Results saved to models/test_bruteforce_search_results.csv
[2025-10-28 17:41:45] 
======================================================================
[2025-10-28 17:41:45] Config 32/1000 - Starting Training:
[2025-10-28 17:41:45]   Architecture:
[2025-10-28 17:41:45]     Lookback: 30, Hidden: 128, Layers: 1, Dropout: 0.1
[2025-10-28 17:41:45]     Bidirectional: True, GRU: True
[2025-10-28 17:41:45]   Output Head:
[2025-10-28 17:41:45]     FC Layers: 2, FC Hidden: 128, Activation: relu
[2025-10-28 17:41:45]     FC Dropout: 0.2, Batch Norm: True
[2025-10-28 17:41:45]   Training:
[2025-10-28 17:41:45]     Batch Size: 256, LR: 0.0005, Weight Decay: 0.0001
[2025-10-28 17:41:45]     Optimizer: adamw, Grad Clip: 1.0, LR Patience: 3
[2025-10-28 17:41:47]     Epoch  1/30: Val R²=0.0057 Train R²=0.1578 Gap=0.1521 ✓
[2025-10-28 17:41:50]     Epoch  2/30: Val R²=0.0280 Train R²=0.2864 Gap=0.2584 ✓
[2025-10-28 17:41:52]     Epoch  3/30: Val R²=0.0453 Train R²=0.3048 Gap=0.2595 ✓
[2025-10-28 17:41:55]     Epoch  4/30: Val R²=0.0655 Train R²=0.3169 Gap=0.2515 ✓
[2025-10-28 17:41:57]     Epoch  5/30: Val R²=0.0704 Train R²=0.3269 Gap=0.2565 ✓
[2025-10-28 17:41:59]     Epoch  6/30: Val R²=0.0792 Train R²=0.3322 Gap=0.2531 ✓
[2025-10-28 17:42:02]     Epoch  7/30: Val R²=0.0774 Train R²=0.3425 Gap=0.2652  
[2025-10-28 17:42:04]     Epoch  8/30: Val R²=0.0816 Train R²=0.3452 Gap=0.2637 ✓
[2025-10-28 17:42:07]     Epoch  9/30: Val R²=0.0944 Train R²=0.3519 Gap=0.2575 ✓
[2025-10-28 17:42:09]     Epoch 10/30: Val R²=0.0929 Train R²=0.3573 Gap=0.2644  
[2025-10-28 17:42:11]     Epoch 11/30: Val R²=0.0954 Train R²=0.3614 Gap=0.2660 ✓
[2025-10-28 17:42:14]     Epoch 12/30: Val R²=0.1008 Train R²=0.3632 Gap=0.2623 ✓
[2025-10-28 17:42:16]     Epoch 13/30: Val R²=0.0975 Train R²=0.3668 Gap=0.2693  
[2025-10-28 17:42:18]     Epoch 14/30: Val R²=0.1087 Train R²=0.3689 Gap=0.2602 ✓
[2025-10-28 17:42:21]     Epoch 15/30: Val R²=0.1128 Train R²=0.3747 Gap=0.2618 ✓
[2025-10-28 17:42:23]     Epoch 16/30: Val R²=0.1090 Train R²=0.3777 Gap=0.2686  
[2025-10-28 17:42:26]     Epoch 17/30: Val R²=0.1186 Train R²=0.3803 Gap=0.2617 ✓
[2025-10-28 17:42:28]     Epoch 18/30: Val R²=0.1157 Train R²=0.3817 Gap=0.2660  
[2025-10-28 17:42:31]     Epoch 19/30: Val R²=0.1243 Train R²=0.3851 Gap=0.2609 ✓
[2025-10-28 17:42:33]     Epoch 20/30: Val R²=0.1318 Train R²=0.3864 Gap=0.2546 ✓
[2025-10-28 17:42:35]     Epoch 21/30: Val R²=0.1383 Train R²=0.3885 Gap=0.2502 ✓
[2025-10-28 17:42:38]     Epoch 22/30: Val R²=0.1449 Train R²=0.3919 Gap=0.2470 ✓
[2025-10-28 17:42:40]     Epoch 23/30: Val R²=0.1438 Train R²=0.3938 Gap=0.2500  
[2025-10-28 17:42:42]     Epoch 24/30: Val R²=0.1335 Train R²=0.3944 Gap=0.2610  
[2025-10-28 17:42:45]     Epoch 25/30: Val R²=0.1417 Train R²=0.3981 Gap=0.2564  
[2025-10-28 17:42:45]     Early stopped at epoch 25
[2025-10-28 17:42:45] 
======================================================================
[2025-10-28 17:42:45] Config 32/1000 Complete:
[2025-10-28 17:42:45]   Best Val R²: 0.144933 (epoch 22)
[2025-10-28 17:42:45]   Best Global R²: 0.162344
[2025-10-28 17:42:45]   Overfitting Gap: 0.246951
[2025-10-28 17:42:45]   Parameters: 161,696
[2025-10-28 17:42:45]   Training Time: 59.6s
[2025-10-28 17:42:45]   Not better than global best (0.162344)
[2025-10-28 17:42:45]   Results saved to models/test_bruteforce_search_results.csv
[2025-10-28 17:42:45] 
======================================================================
[2025-10-28 17:42:45] Config 33/1000 - Starting Training:
[2025-10-28 17:42:45]   Architecture:
[2025-10-28 17:42:45]     Lookback: 30, Hidden: 128, Layers: 1, Dropout: 0.1
[2025-10-28 17:42:45]     Bidirectional: True, GRU: True
[2025-10-28 17:42:45]   Output Head:
[2025-10-28 17:42:45]     FC Layers: 2, FC Hidden: 128, Activation: gelu
[2025-10-28 17:42:45]     FC Dropout: 0.1, Batch Norm: True
[2025-10-28 17:42:45]   Training:
[2025-10-28 17:42:45]     Batch Size: 128, LR: 0.0001, Weight Decay: 0.0
[2025-10-28 17:42:45]     Optimizer: adamw, Grad Clip: 0.5, LR Patience: 3
[2025-10-28 17:42:49]     Epoch  1/30: Val R²=-0.0334 Train R²=0.1030 Gap=0.1364 ✓
[2025-10-28 17:42:54]     Epoch  2/30: Val R²=0.0073 Train R²=0.2811 Gap=0.2737 ✓
[2025-10-28 17:42:58]     Epoch  3/30: Val R²=0.0224 Train R²=0.3099 Gap=0.2874 ✓
[2025-10-28 17:43:03]     Epoch  4/30: Val R²=0.0359 Train R²=0.3242 Gap=0.2883 ✓
[2025-10-28 17:43:07]     Epoch  5/30: Val R²=0.0346 Train R²=0.3293 Gap=0.2947  
[2025-10-28 17:43:11]     Epoch  6/30: Val R²=0.0485 Train R²=0.3345 Gap=0.2859 ✓
[2025-10-28 17:43:16]     Epoch  7/30: Val R²=0.0569 Train R²=0.3404 Gap=0.2835 ✓
[2025-10-28 17:43:20]     Epoch  8/30: Val R²=0.0645 Train R²=0.3441 Gap=0.2796 ✓
[2025-10-28 17:43:25]     Epoch  9/30: Val R²=0.0711 Train R²=0.3478 Gap=0.2767 ✓
[2025-10-28 17:43:29]     Epoch 10/30: Val R²=0.0726 Train R²=0.3497 Gap=0.2771 ✓
[2025-10-28 17:43:34]     Epoch 11/30: Val R²=0.0756 Train R²=0.3536 Gap=0.2781 ✓
[2025-10-28 17:43:38]     Epoch 12/30: Val R²=0.0738 Train R²=0.3552 Gap=0.2814  
[2025-10-28 17:43:42]     Epoch 13/30: Val R²=0.0730 Train R²=0.3543 Gap=0.2812  
[2025-10-28 17:43:47]     Epoch 14/30: Val R²=0.0857 Train R²=0.3595 Gap=0.2738 ✓
[2025-10-28 17:43:51]     Epoch 15/30: Val R²=0.0841 Train R²=0.3616 Gap=0.2775  
[2025-10-28 17:43:55]     Epoch 16/30: Val R²=0.0808 Train R²=0.3642 Gap=0.2834  
[2025-10-28 17:44:00]     Epoch 17/30: Val R²=0.0801 Train R²=0.3640 Gap=0.2839  
[2025-10-28 17:44:00]     Early stopped at epoch 17
[2025-10-28 17:44:00] 
======================================================================
[2025-10-28 17:44:00] Config 33/1000 Complete:
[2025-10-28 17:44:00]   Best Val R²: 0.085741 (epoch 14)
[2025-10-28 17:44:00]   Best Global R²: 0.162344
[2025-10-28 17:44:00]   Overfitting Gap: 0.273754
[2025-10-28 17:44:00]   Parameters: 161,696
[2025-10-28 17:44:00]   Training Time: 75.1s
[2025-10-28 17:44:00]   Not better than global best (0.162344)
[2025-10-28 17:44:00]   Results saved to models/test_bruteforce_search_results.csv
[2025-10-28 17:44:00] 
======================================================================
[2025-10-28 17:44:00] Config 34/1000 - Starting Training:
[2025-10-28 17:44:00]   Architecture:
[2025-10-28 17:44:00]     Lookback: 30, Hidden: 128, Layers: 1, Dropout: 0.1
[2025-10-28 17:44:00]     Bidirectional: True, GRU: True
[2025-10-28 17:44:00]   Output Head:
[2025-10-28 17:44:00]     FC Layers: 2, FC Hidden: 128, Activation: gelu
[2025-10-28 17:44:00]     FC Dropout: 0.1, Batch Norm: True
[2025-10-28 17:44:00]   Training:
[2025-10-28 17:44:00]     Batch Size: 128, LR: 0.0001, Weight Decay: 0.0
[2025-10-28 17:44:00]     Optimizer: adamw, Grad Clip: 1.0, LR Patience: 3
[2025-10-28 17:44:04]     Epoch  1/30: Val R²=-0.0353 Train R²=0.1036 Gap=0.1389 ✓
[2025-10-28 17:44:09]     Epoch  2/30: Val R²=0.0052 Train R²=0.2730 Gap=0.2678 ✓
[2025-10-28 17:44:13]     Epoch  3/30: Val R²=0.0263 Train R²=0.3070 Gap=0.2807 ✓
[2025-10-28 17:44:17]     Epoch  4/30: Val R²=0.0417 Train R²=0.3199 Gap=0.2781 ✓
[2025-10-28 17:44:21]     Epoch  5/30: Val R²=0.0504 Train R²=0.3263 Gap=0.2759 ✓
[2025-10-28 17:44:26]     Epoch  6/30: Val R²=0.0552 Train R²=0.3346 Gap=0.2794 ✓
[2025-10-28 17:44:30]     Epoch  7/30: Val R²=0.0551 Train R²=0.3359 Gap=0.2809  
[2025-10-28 17:44:35]     Epoch  8/30: Val R²=0.0637 Train R²=0.3406 Gap=0.2770 ✓
[2025-10-28 17:44:39]     Epoch  9/30: Val R²=0.0732 Train R²=0.3448 Gap=0.2715 ✓
[2025-10-28 17:44:43]     Epoch 10/30: Val R²=0.0716 Train R²=0.3479 Gap=0.2763  
[2025-10-28 17:44:48]     Epoch 11/30: Val R²=0.0817 Train R²=0.3501 Gap=0.2684 ✓
[2025-10-28 17:44:52]     Epoch 12/30: Val R²=0.0845 Train R²=0.3511 Gap=0.2665 ✓
[2025-10-28 17:44:56]     Epoch 13/30: Val R²=0.0838 Train R²=0.3543 Gap=0.2705  
[2025-10-28 17:45:01]     Epoch 14/30: Val R²=0.0924 Train R²=0.3587 Gap=0.2663 ✓
[2025-10-28 17:45:05]     Epoch 15/30: Val R²=0.0852 Train R²=0.3597 Gap=0.2745  
[2025-10-28 17:45:09]     Epoch 16/30: Val R²=0.0993 Train R²=0.3623 Gap=0.2630 ✓
[2025-10-28 17:45:14]     Epoch 17/30: Val R²=0.0863 Train R²=0.3612 Gap=0.2749  
[2025-10-28 17:45:18]     Epoch 18/30: Val R²=0.0971 Train R²=0.3654 Gap=0.2683  
[2025-10-28 17:45:22]     Epoch 19/30: Val R²=0.0991 Train R²=0.3656 Gap=0.2664  
[2025-10-28 17:45:22]     Early stopped at epoch 19
[2025-10-28 17:45:22] 
======================================================================
[2025-10-28 17:45:22] Config 34/1000 Complete:
[2025-10-28 17:45:22]   Best Val R²: 0.099312 (epoch 16)
[2025-10-28 17:45:22]   Best Global R²: 0.162344
[2025-10-28 17:45:22]   Overfitting Gap: 0.263017
[2025-10-28 17:45:22]   Parameters: 161,696
[2025-10-28 17:45:22]   Training Time: 82.5s
[2025-10-28 17:45:22]   Not better than global best (0.162344)
[2025-10-28 17:45:22]   Results saved to models/test_bruteforce_search_results.csv
[2025-10-28 17:45:22] 
======================================================================
[2025-10-28 17:45:22] Config 35/1000 - Starting Training:
[2025-10-28 17:45:22]   Architecture:
[2025-10-28 17:45:22]     Lookback: 30, Hidden: 128, Layers: 1, Dropout: 0.1
[2025-10-28 17:45:22]     Bidirectional: True, GRU: True
[2025-10-28 17:45:22]   Output Head:
[2025-10-28 17:45:22]     FC Layers: 2, FC Hidden: 128, Activation: gelu
[2025-10-28 17:45:22]     FC Dropout: 0.1, Batch Norm: True
[2025-10-28 17:45:22]   Training:
[2025-10-28 17:45:22]     Batch Size: 128, LR: 0.0001, Weight Decay: 0.0001
[2025-10-28 17:45:22]     Optimizer: adamw, Grad Clip: 0.5, LR Patience: 3
[2025-10-28 17:45:27]     Epoch  1/30: Val R²=-0.0402 Train R²=0.1019 Gap=0.1421 ✓
[2025-10-28 17:45:31]     Epoch  2/30: Val R²=0.0043 Train R²=0.2799 Gap=0.2756 ✓
[2025-10-28 17:45:35]     Epoch  3/30: Val R²=0.0266 Train R²=0.3135 Gap=0.2869 ✓
[2025-10-28 17:45:40]     Epoch  4/30: Val R²=0.0395 Train R²=0.3233 Gap=0.2838 ✓
[2025-10-28 17:45:44]     Epoch  5/30: Val R²=0.0488 Train R²=0.3319 Gap=0.2831 ✓
[2025-10-28 17:45:48]     Epoch  6/30: Val R²=0.0589 Train R²=0.3372 Gap=0.2784 ✓
[2025-10-28 17:45:53]     Epoch  7/30: Val R²=0.0679 Train R²=0.3408 Gap=0.2729 ✓
[2025-10-28 17:45:57]     Epoch  8/30: Val R²=0.0721 Train R²=0.3455 Gap=0.2734 ✓
[2025-10-28 17:46:02]     Epoch  9/30: Val R²=0.0746 Train R²=0.3489 Gap=0.2743 ✓
[2025-10-28 17:46:06]     Epoch 10/30: Val R²=0.0771 Train R²=0.3502 Gap=0.2731 ✓
[2025-10-28 17:46:10]     Epoch 11/30: Val R²=0.0760 Train R²=0.3530 Gap=0.2769  
[2025-10-28 17:46:15]     Epoch 12/30: Val R²=0.0873 Train R²=0.3548 Gap=0.2675 ✓
[2025-10-28 17:46:19]     Epoch 13/30: Val R²=0.0871 Train R²=0.3569 Gap=0.2698  
[2025-10-28 17:46:24]     Epoch 14/30: Val R²=0.0802 Train R²=0.3601 Gap=0.2798  
[2025-10-28 17:46:28]     Epoch 15/30: Val R²=0.0943 Train R²=0.3607 Gap=0.2664 ✓
[2025-10-28 17:46:32]     Epoch 16/30: Val R²=0.0933 Train R²=0.3635 Gap=0.2701  
[2025-10-28 17:46:37]     Epoch 17/30: Val R²=0.0912 Train R²=0.3665 Gap=0.2753  
[2025-10-28 17:46:41]     Epoch 18/30: Val R²=0.1026 Train R²=0.3667 Gap=0.2641 ✓
[2025-10-28 17:46:45]     Epoch 19/30: Val R²=0.0909 Train R²=0.3684 Gap=0.2774  
[2025-10-28 17:46:50]     Epoch 20/30: Val R²=0.1026 Train R²=0.3678 Gap=0.2652 ✓
[2025-10-28 17:46:54]     Epoch 21/30: Val R²=0.1049 Train R²=0.3721 Gap=0.2671 ✓
[2025-10-28 17:46:59]     Epoch 22/30: Val R²=0.1079 Train R²=0.3697 Gap=0.2617 ✓
[2025-10-28 17:47:03]     Epoch 23/30: Val R²=0.1046 Train R²=0.3729 Gap=0.2683  
[2025-10-28 17:47:07]     Epoch 24/30: Val R²=0.1044 Train R²=0.3743 Gap=0.2699  
[2025-10-28 17:47:12]     Epoch 25/30: Val R²=0.1054 Train R²=0.3742 Gap=0.2688  
[2025-10-28 17:47:12]     Early stopped at epoch 25
[2025-10-28 17:47:12] 
======================================================================
[2025-10-28 17:47:12] Config 35/1000 Complete:
[2025-10-28 17:47:12]   Best Val R²: 0.107947 (epoch 22)
[2025-10-28 17:47:12]   Best Global R²: 0.162344
[2025-10-28 17:47:12]   Overfitting Gap: 0.261735
[2025-10-28 17:47:12]   Parameters: 161,696
[2025-10-28 17:47:12]   Training Time: 109.5s
[2025-10-28 17:47:12]   Not better than global best (0.162344)
[2025-10-28 17:47:12]   Results saved to models/test_bruteforce_search_results.csv
[2025-10-28 17:47:12] 
======================================================================
[2025-10-28 17:47:12] Config 36/1000 - Starting Training:
[2025-10-28 17:47:12]   Architecture:
[2025-10-28 17:47:12]     Lookback: 30, Hidden: 128, Layers: 1, Dropout: 0.1
[2025-10-28 17:47:12]     Bidirectional: True, GRU: True
[2025-10-28 17:47:12]   Output Head:
[2025-10-28 17:47:12]     FC Layers: 2, FC Hidden: 128, Activation: gelu
[2025-10-28 17:47:12]     FC Dropout: 0.1, Batch Norm: True
[2025-10-28 17:47:12]   Training:
[2025-10-28 17:47:12]     Batch Size: 128, LR: 0.0001, Weight Decay: 0.0001
[2025-10-28 17:47:12]     Optimizer: adamw, Grad Clip: 1.0, LR Patience: 3
[2025-10-28 17:47:16]     Epoch  1/30: Val R²=-0.0315 Train R²=0.1438 Gap=0.1753 ✓
[2025-10-28 17:47:21]     Epoch  2/30: Val R²=0.0051 Train R²=0.2858 Gap=0.2806 ✓
[2025-10-28 17:47:25]     Epoch  3/30: Val R²=0.0185 Train R²=0.3129 Gap=0.2943 ✓
[2025-10-28 17:47:30]     Epoch  4/30: Val R²=0.0314 Train R²=0.3235 Gap=0.2920 ✓
[2025-10-28 17:47:34]     Epoch  5/30: Val R²=0.0342 Train R²=0.3286 Gap=0.2944 ✓
[2025-10-28 17:47:39]     Epoch  6/30: Val R²=0.0448 Train R²=0.3347 Gap=0.2899 ✓
[2025-10-28 17:47:43]     Epoch  7/30: Val R²=0.0550 Train R²=0.3404 Gap=0.2854 ✓
[2025-10-28 17:47:48]     Epoch  8/30: Val R²=0.0583 Train R²=0.3428 Gap=0.2845 ✓
[2025-10-28 17:47:52]     Epoch  9/30: Val R²=0.0599 Train R²=0.3456 Gap=0.2857 ✓
[2025-10-28 17:47:57]     Epoch 10/30: Val R²=0.0683 Train R²=0.3517 Gap=0.2834 ✓
[2025-10-28 17:48:01]     Epoch 11/30: Val R²=0.0709 Train R²=0.3516 Gap=0.2807 ✓
[2025-10-28 17:48:05]     Epoch 12/30: Val R²=0.0719 Train R²=0.3555 Gap=0.2836 ✓
[2025-10-28 17:48:10]     Epoch 13/30: Val R²=0.0811 Train R²=0.3567 Gap=0.2756 ✓
[2025-10-28 17:48:14]     Epoch 14/30: Val R²=0.0685 Train R²=0.3595 Gap=0.2910  
[2025-10-28 17:48:19]     Epoch 15/30: Val R²=0.0773 Train R²=0.3601 Gap=0.2827  
[2025-10-28 17:48:23]     Epoch 16/30: Val R²=0.0875 Train R²=0.3615 Gap=0.2739 ✓
[2025-10-28 17:48:28]     Epoch 17/30: Val R²=0.0824 Train R²=0.3655 Gap=0.2831  
[2025-10-28 17:48:32]     Epoch 18/30: Val R²=0.0849 Train R²=0.3655 Gap=0.2806  
[2025-10-28 17:48:37]     Epoch 19/30: Val R²=0.0872 Train R²=0.3679 Gap=0.2807  
[2025-10-28 17:48:37]     Early stopped at epoch 19
[2025-10-28 17:48:37] 
======================================================================
[2025-10-28 17:48:37] Config 36/1000 Complete:
[2025-10-28 17:48:37]   Best Val R²: 0.087539 (epoch 16)
[2025-10-28 17:48:37]   Best Global R²: 0.162344
[2025-10-28 17:48:37]   Overfitting Gap: 0.273913
[2025-10-28 17:48:37]   Parameters: 161,696
[2025-10-28 17:48:37]   Training Time: 85.0s
[2025-10-28 17:48:37]   Not better than global best (0.162344)
[2025-10-28 17:48:37]   Results saved to models/test_bruteforce_search_results.csv
[2025-10-28 17:48:37] 
======================================================================
[2025-10-28 17:48:37] Config 37/1000 - Starting Training:
[2025-10-28 17:48:37]   Architecture:
[2025-10-28 17:48:37]     Lookback: 30, Hidden: 128, Layers: 1, Dropout: 0.1
[2025-10-28 17:48:37]     Bidirectional: True, GRU: True
[2025-10-28 17:48:37]   Output Head:
[2025-10-28 17:48:37]     FC Layers: 2, FC Hidden: 128, Activation: gelu
[2025-10-28 17:48:37]     FC Dropout: 0.1, Batch Norm: True
[2025-10-28 17:48:37]   Training:
[2025-10-28 17:48:37]     Batch Size: 128, LR: 0.0005, Weight Decay: 0.0
[2025-10-28 17:48:37]     Optimizer: adamw, Grad Clip: 0.5, LR Patience: 3
[2025-10-28 17:48:41]     Epoch  1/30: Val R²=0.0321 Train R²=0.2566 Gap=0.2245 ✓
[2025-10-28 17:48:46]     Epoch  2/30: Val R²=0.0637 Train R²=0.3320 Gap=0.2683 ✓
[2025-10-28 17:48:50]     Epoch  3/30: Val R²=0.0753 Train R²=0.3446 Gap=0.2693 ✓
[2025-10-28 17:48:55]     Epoch  4/30: Val R²=0.0896 Train R²=0.3529 Gap=0.2633 ✓
[2025-10-28 17:49:00]     Epoch  5/30: Val R²=0.0882 Train R²=0.3586 Gap=0.2704  
[2025-10-28 17:49:04]     Epoch  6/30: Val R²=0.0993 Train R²=0.3665 Gap=0.2672 ✓
[2025-10-28 17:49:08]     Epoch  7/30: Val R²=0.0944 Train R²=0.3684 Gap=0.2740  
[2025-10-28 17:49:13]     Epoch  8/30: Val R²=0.1009 Train R²=0.3715 Gap=0.2706 ✓
[2025-10-28 17:49:17]     Epoch  9/30: Val R²=0.0917 Train R²=0.3750 Gap=0.2833  
[2025-10-28 17:49:22]     Epoch 10/30: Val R²=0.1222 Train R²=0.3780 Gap=0.2558 ✓
[2025-10-28 17:49:26]     Epoch 11/30: Val R²=0.1226 Train R²=0.3812 Gap=0.2585 ✓
[2025-10-28 17:49:30]     Epoch 12/30: Val R²=0.1248 Train R²=0.3836 Gap=0.2588 ✓
[2025-10-28 17:49:35]     Epoch 13/30: Val R²=0.1368 Train R²=0.3857 Gap=0.2489 ✓
[2025-10-28 17:49:39]     Epoch 14/30: Val R²=0.1271 Train R²=0.3896 Gap=0.2625  
[2025-10-28 17:49:44]     Epoch 15/30: Val R²=0.1447 Train R²=0.3878 Gap=0.2431 ✓
[2025-10-28 17:49:48]     Epoch 16/30: Val R²=0.1491 Train R²=0.3959 Gap=0.2468 ✓
[2025-10-28 17:49:53]     Epoch 17/30: Val R²=0.1562 Train R²=0.3995 Gap=0.2433 ✓
[2025-10-28 17:49:57]     Epoch 18/30: Val R²=0.1573 Train R²=0.4015 Gap=0.2442 ✓
[2025-10-28 17:50:01]     Epoch 19/30: Val R²=0.1501 Train R²=0.4005 Gap=0.2504  
[2025-10-28 17:50:06]     Epoch 20/30: Val R²=0.1451 Train R²=0.4054 Gap=0.2603  
[2025-10-28 17:50:10]     Epoch 21/30: Val R²=0.1559 Train R²=0.4103 Gap=0.2544  
[2025-10-28 17:50:10]     Early stopped at epoch 21
[2025-10-28 17:50:10] 
======================================================================
[2025-10-28 17:50:10] Config 37/1000 Complete:
[2025-10-28 17:50:10]   Best Val R²: 0.157275 (epoch 18)
[2025-10-28 17:50:10]   Best Global R²: 0.162344
[2025-10-28 17:50:10]   Overfitting Gap: 0.244226
[2025-10-28 17:50:10]   Parameters: 161,696
[2025-10-28 17:50:10]   Training Time: 93.3s
[2025-10-28 17:50:10]   Not better than global best (0.162344)
[2025-10-28 17:50:10]   Results saved to models/test_bruteforce_search_results.csv
[2025-10-28 17:50:10] 
======================================================================
[2025-10-28 17:50:10] Config 38/1000 - Starting Training:
[2025-10-28 17:50:10]   Architecture:
[2025-10-28 17:50:10]     Lookback: 30, Hidden: 128, Layers: 1, Dropout: 0.1
[2025-10-28 17:50:10]     Bidirectional: True, GRU: True
[2025-10-28 17:50:10]   Output Head:
[2025-10-28 17:50:10]     FC Layers: 2, FC Hidden: 128, Activation: gelu
[2025-10-28 17:50:10]     FC Dropout: 0.1, Batch Norm: True
[2025-10-28 17:50:10]   Training:
[2025-10-28 17:50:10]     Batch Size: 128, LR: 0.0005, Weight Decay: 0.0
[2025-10-28 17:50:10]     Optimizer: adamw, Grad Clip: 1.0, LR Patience: 3
[2025-10-28 17:50:15]     Epoch  1/30: Val R²=0.0397 Train R²=0.2530 Gap=0.2133 ✓
[2025-10-28 17:50:19]     Epoch  2/30: Val R²=0.0564 Train R²=0.3288 Gap=0.2724 ✓
[2025-10-28 17:50:23]     Epoch  3/30: Val R²=0.0705 Train R²=0.3415 Gap=0.2710 ✓
[2025-10-28 17:50:28]     Epoch  4/30: Val R²=0.0770 Train R²=0.3510 Gap=0.2740 ✓
[2025-10-28 17:50:32]     Epoch  5/30: Val R²=0.0958 Train R²=0.3563 Gap=0.2604 ✓
[2025-10-28 17:50:37]     Epoch  6/30: Val R²=0.0945 Train R²=0.3593 Gap=0.2648  
[2025-10-28 17:50:41]     Epoch  7/30: Val R²=0.1002 Train R²=0.3667 Gap=0.2665 ✓
[2025-10-28 17:50:45]     Epoch  8/30: Val R²=0.0920 Train R²=0.3700 Gap=0.2780  
[2025-10-28 17:50:50]     Epoch  9/30: Val R²=0.1175 Train R²=0.3728 Gap=0.2552 ✓
[2025-10-28 17:50:54]     Epoch 10/30: Val R²=0.1160 Train R²=0.3777 Gap=0.2617  
[2025-10-28 17:50:59]     Epoch 11/30: Val R²=0.1221 Train R²=0.3786 Gap=0.2565 ✓
[2025-10-28 17:51:03]     Epoch 12/30: Val R²=0.1288 Train R²=0.3824 Gap=0.2536 ✓
[2025-10-28 17:51:07]     Epoch 13/30: Val R²=0.1393 Train R²=0.3859 Gap=0.2467 ✓
[2025-10-28 17:51:12]     Epoch 14/30: Val R²=0.1300 Train R²=0.3885 Gap=0.2585  
[2025-10-28 17:51:16]     Epoch 15/30: Val R²=0.1323 Train R²=0.3915 Gap=0.2591  
[2025-10-28 17:51:21]     Epoch 16/30: Val R²=0.1497 Train R²=0.3910 Gap=0.2412 ✓
[2025-10-28 17:51:25]     Epoch 17/30: Val R²=0.1505 Train R²=0.3971 Gap=0.2466 ✓
[2025-10-28 17:51:29]     Epoch 18/30: Val R²=0.1527 Train R²=0.3971 Gap=0.2444 ✓
[2025-10-28 17:51:34]     Epoch 19/30: Val R²=0.1419 Train R²=0.3996 Gap=0.2577  
[2025-10-28 17:51:38]     Epoch 20/30: Val R²=0.1550 Train R²=0.4034 Gap=0.2484 ✓
[2025-10-28 17:51:43]     Epoch 21/30: Val R²=0.1616 Train R²=0.4070 Gap=0.2455 ✓
[2025-10-28 17:51:47]     Epoch 22/30: Val R²=0.1444 Train R²=0.4066 Gap=0.2622  
[2025-10-28 17:51:52]     Epoch 23/30: Val R²=0.1517 Train R²=0.4095 Gap=0.2578  
[2025-10-28 17:51:57]     Epoch 24/30: Val R²=0.1398 Train R²=0.4157 Gap=0.2759  
[2025-10-28 17:51:57]     Early stopped at epoch 24
[2025-10-28 17:51:57] 
======================================================================
[2025-10-28 17:51:57] Config 38/1000 Complete:
[2025-10-28 17:51:57]   Best Val R²: 0.161572 (epoch 21)
[2025-10-28 17:51:57]   Best Global R²: 0.162344
[2025-10-28 17:51:57]   Overfitting Gap: 0.245478
[2025-10-28 17:51:57]   Parameters: 161,696
[2025-10-28 17:51:57]   Training Time: 106.3s
[2025-10-28 17:51:57]   Not better than global best (0.162344)
[2025-10-28 17:51:57]   Results saved to models/test_bruteforce_search_results.csv
[2025-10-28 17:51:57] 
======================================================================
[2025-10-28 17:51:57] Config 39/1000 - Starting Training:
[2025-10-28 17:51:57]   Architecture:
[2025-10-28 17:51:57]     Lookback: 30, Hidden: 128, Layers: 1, Dropout: 0.1
[2025-10-28 17:51:57]     Bidirectional: True, GRU: True
[2025-10-28 17:51:57]   Output Head:
[2025-10-28 17:51:57]     FC Layers: 2, FC Hidden: 128, Activation: gelu
[2025-10-28 17:51:57]     FC Dropout: 0.1, Batch Norm: True
[2025-10-28 17:51:57]   Training:
[2025-10-28 17:51:57]     Batch Size: 128, LR: 0.0005, Weight Decay: 0.0001
[2025-10-28 17:51:57]     Optimizer: adamw, Grad Clip: 0.5, LR Patience: 3
[2025-10-28 17:52:01]     Epoch  1/30: Val R²=0.0193 Train R²=0.2540 Gap=0.2347 ✓
[2025-10-28 17:52:05]     Epoch  2/30: Val R²=0.0432 Train R²=0.3323 Gap=0.2891 ✓
[2025-10-28 17:52:10]     Epoch  3/30: Val R²=0.0702 Train R²=0.3427 Gap=0.2725 ✓
[2025-10-28 17:52:14]     Epoch  4/30: Val R²=0.0703 Train R²=0.3536 Gap=0.2833 ✓
[2025-10-28 17:52:18]     Epoch  5/30: Val R²=0.0817 Train R²=0.3585 Gap=0.2768 ✓
[2025-10-28 17:52:23]     Epoch  6/30: Val R²=0.0933 Train R²=0.3623 Gap=0.2690 ✓
[2025-10-28 17:52:27]     Epoch  7/30: Val R²=0.1016 Train R²=0.3661 Gap=0.2645 ✓
[2025-10-28 17:52:31]     Epoch  8/30: Val R²=0.1044 Train R²=0.3724 Gap=0.2680 ✓
[2025-10-28 17:52:36]     Epoch  9/30: Val R²=0.1114 Train R²=0.3736 Gap=0.2622 ✓
[2025-10-28 17:52:40]     Epoch 10/30: Val R²=0.0950 Train R²=0.3769 Gap=0.2819  
[2025-10-28 17:52:45]     Epoch 11/30: Val R²=0.1246 Train R²=0.3801 Gap=0.2555 ✓
[2025-10-28 17:52:49]     Epoch 12/30: Val R²=0.1092 Train R²=0.3843 Gap=0.2751  
[2025-10-28 17:52:54]     Epoch 13/30: Val R²=0.1027 Train R²=0.3837 Gap=0.2810  
[2025-10-28 17:52:58]     Epoch 14/30: Val R²=0.1187 Train R²=0.3870 Gap=0.2683  
[2025-10-28 17:52:58]     Early stopped at epoch 14
[2025-10-28 17:52:58] 
======================================================================
[2025-10-28 17:52:58] Config 39/1000 Complete:
[2025-10-28 17:52:58]   Best Val R²: 0.124572 (epoch 11)
[2025-10-28 17:52:58]   Best Global R²: 0.162344
[2025-10-28 17:52:58]   Overfitting Gap: 0.255521
[2025-10-28 17:52:58]   Parameters: 161,696
[2025-10-28 17:52:58]   Training Time: 61.5s
[2025-10-28 17:52:58]   Not better than global best (0.162344)
[2025-10-28 17:52:58]   Results saved to models/test_bruteforce_search_results.csv
[2025-10-28 17:52:58] 
======================================================================
[2025-10-28 17:52:58] Config 40/1000 - Starting Training:
[2025-10-28 17:52:58]   Architecture:
[2025-10-28 17:52:58]     Lookback: 30, Hidden: 128, Layers: 1, Dropout: 0.1
[2025-10-28 17:52:58]     Bidirectional: True, GRU: True
[2025-10-28 17:52:58]   Output Head:
[2025-10-28 17:52:58]     FC Layers: 2, FC Hidden: 128, Activation: gelu
[2025-10-28 17:52:58]     FC Dropout: 0.1, Batch Norm: True
[2025-10-28 17:52:58]   Training:
[2025-10-28 17:52:58]     Batch Size: 128, LR: 0.0005, Weight Decay: 0.0001
[2025-10-28 17:52:58]     Optimizer: adamw, Grad Clip: 1.0, LR Patience: 3
[2025-10-28 17:53:02]     Epoch  1/30: Val R²=0.0414 Train R²=0.2514 Gap=0.2099 ✓
[2025-10-28 17:53:07]     Epoch  2/30: Val R²=0.0580 Train R²=0.3303 Gap=0.2723 ✓
[2025-10-28 17:53:12]     Epoch  3/30: Val R²=0.0680 Train R²=0.3431 Gap=0.2751 ✓
[2025-10-28 17:53:16]     Epoch  4/30: Val R²=0.0862 Train R²=0.3527 Gap=0.2665 ✓
[2025-10-28 17:53:21]     Epoch  5/30: Val R²=0.0854 Train R²=0.3604 Gap=0.2751  
[2025-10-28 17:53:26]     Epoch  6/30: Val R²=0.1128 Train R²=0.3618 Gap=0.2490 ✓
[2025-10-28 17:53:30]     Epoch  7/30: Val R²=0.1091 Train R²=0.3678 Gap=0.2586  
[2025-10-28 17:53:34]     Epoch  8/30: Val R²=0.1077 Train R²=0.3702 Gap=0.2625  
[2025-10-28 17:53:39]     Epoch  9/30: Val R²=0.1216 Train R²=0.3786 Gap=0.2570 ✓
[2025-10-28 17:53:43]     Epoch 10/30: Val R²=0.1247 Train R²=0.3797 Gap=0.2550 ✓
[2025-10-28 17:53:48]     Epoch 11/30: Val R²=0.1354 Train R²=0.3826 Gap=0.2472 ✓
[2025-10-28 17:53:52]     Epoch 12/30: Val R²=0.1281 Train R²=0.3872 Gap=0.2591  
[2025-10-28 17:53:56]     Epoch 13/30: Val R²=0.1541 Train R²=0.3901 Gap=0.2360 ✓
[2025-10-28 17:54:01]     Epoch 14/30: Val R²=0.1521 Train R²=0.3903 Gap=0.2383  
[2025-10-28 17:54:05]     Epoch 15/30: Val R²=0.1583 Train R²=0.3916 Gap=0.2332 ✓
[2025-10-28 17:54:10]     Epoch 16/30: Val R²=0.1664 Train R²=0.3959 Gap=0.2295 ✓
[2025-10-28 17:54:14]     Epoch 17/30: Val R²=0.1466 Train R²=0.3969 Gap=0.2503  
[2025-10-28 17:54:19]     Epoch 18/30: Val R²=0.1573 Train R²=0.4024 Gap=0.2450  
[2025-10-28 17:54:23]     Epoch 19/30: Val R²=0.1653 Train R²=0.4041 Gap=0.2388  
[2025-10-28 17:54:23]     Early stopped at epoch 19
[2025-10-28 17:54:23] 
======================================================================
[2025-10-28 17:54:23] Config 40/1000 Complete:
[2025-10-28 17:54:23]   Best Val R²: 0.166443 (epoch 16)
[2025-10-28 17:54:23]   Best Global R²: 0.162344
[2025-10-28 17:54:23]   Overfitting Gap: 0.229494
[2025-10-28 17:54:23]   Parameters: 161,696
[2025-10-28 17:54:23]   Training Time: 84.9s
[2025-10-28 17:54:23] 
🎉🎉🎉 NEW GLOBAL BEST! R² improved from 0.162344 to 0.166443
[2025-10-28 17:54:23] 
======================================================================
[2025-10-28 17:54:23] 🏆 CREATING SUBMISSION - NEW BEST MODEL!
[2025-10-28 17:54:23] ======================================================================
[2025-10-28 17:54:23]   Val R²: 0.166443
[2025-10-28 17:54:23]   Directory: ../submissions/bruteforce_r2_01664_20251028_170012_cfg40
[2025-10-28 17:54:23]   Saved model: model_best.pt
[2025-10-28 17:54:23]   Generated: solution.py
[2025-10-28 17:54:23]   Copied: utils.py
[2025-10-28 17:54:23]   Saved: metadata.json
[2025-10-28 17:54:23] ======================================================================

[2025-10-28 17:54:23]   Results saved to models/test_bruteforce_search_results.csv
[2025-10-28 17:54:23] 
======================================================================
[2025-10-28 17:54:23] Config 41/1000 - Starting Training:
[2025-10-28 17:54:23]   Architecture:
[2025-10-28 17:54:23]     Lookback: 30, Hidden: 128, Layers: 1, Dropout: 0.1
[2025-10-28 17:54:23]     Bidirectional: True, GRU: True
[2025-10-28 17:54:23]   Output Head:
[2025-10-28 17:54:23]     FC Layers: 2, FC Hidden: 128, Activation: gelu
[2025-10-28 17:54:23]     FC Dropout: 0.1, Batch Norm: True
[2025-10-28 17:54:23]   Training:
[2025-10-28 17:54:23]     Batch Size: 256, LR: 0.0001, Weight Decay: 0.0
[2025-10-28 17:54:23]     Optimizer: adamw, Grad Clip: 0.5, LR Patience: 3
[2025-10-28 17:54:25]     Epoch  1/30: Val R²=-0.0236 Train R²=0.0291 Gap=0.0527 ✓
[2025-10-28 17:54:28]     Epoch  2/30: Val R²=-0.0095 Train R²=0.2300 Gap=0.2395 ✓
[2025-10-28 17:54:30]     Epoch  3/30: Val R²=0.0154 Train R²=0.2855 Gap=0.2700 ✓
[2025-10-28 17:54:33]     Epoch  4/30: Val R²=0.0274 Train R²=0.3055 Gap=0.2782 ✓
[2025-10-28 17:54:35]     Epoch  5/30: Val R²=0.0391 Train R²=0.3163 Gap=0.2772 ✓
[2025-10-28 17:54:37]     Epoch  6/30: Val R²=0.0446 Train R²=0.3229 Gap=0.2782 ✓
[2025-10-28 17:54:40]     Epoch  7/30: Val R²=0.0496 Train R²=0.3273 Gap=0.2777 ✓
[2025-10-28 17:54:42]     Epoch  8/30: Val R²=0.0547 Train R²=0.3316 Gap=0.2769 ✓
[2025-10-28 17:54:45]     Epoch  9/30: Val R²=0.0620 Train R²=0.3354 Gap=0.2734 ✓
[2025-10-28 17:54:47]     Epoch 10/30: Val R²=0.0633 Train R²=0.3379 Gap=0.2746 ✓
[2025-10-28 17:54:49]     Epoch 11/30: Val R²=0.0655 Train R²=0.3427 Gap=0.2772 ✓
[2025-10-28 17:54:52]     Epoch 12/30: Val R²=0.0680 Train R²=0.3457 Gap=0.2777 ✓
[2025-10-28 17:54:54]     Epoch 13/30: Val R²=0.0693 Train R²=0.3462 Gap=0.2769 ✓
[2025-10-28 17:54:57]     Epoch 14/30: Val R²=0.0772 Train R²=0.3497 Gap=0.2725 ✓
[2025-10-28 17:54:59]     Epoch 15/30: Val R²=0.0787 Train R²=0.3512 Gap=0.2725 ✓
[2025-10-28 17:55:02]     Epoch 16/30: Val R²=0.0795 Train R²=0.3526 Gap=0.2732 ✓
[2025-10-28 17:55:04]     Epoch 17/30: Val R²=0.0871 Train R²=0.3544 Gap=0.2673 ✓
[2025-10-28 17:55:06]     Epoch 18/30: Val R²=0.0857 Train R²=0.3574 Gap=0.2717  
[2025-10-28 17:55:09]     Epoch 19/30: Val R²=0.0917 Train R²=0.3588 Gap=0.2670 ✓
[2025-10-28 17:55:11]     Epoch 20/30: Val R²=0.0846 Train R²=0.3608 Gap=0.2762  
[2025-10-28 17:55:14]     Epoch 21/30: Val R²=0.0889 Train R²=0.3611 Gap=0.2723  
[2025-10-28 17:55:16]     Epoch 22/30: Val R²=0.0899 Train R²=0.3641 Gap=0.2743  
[2025-10-28 17:55:16]     Early stopped at epoch 22
[2025-10-28 17:55:16] 
======================================================================
[2025-10-28 17:55:16] Config 41/1000 Complete:
[2025-10-28 17:55:16]   Best Val R²: 0.091740 (epoch 19)
[2025-10-28 17:55:16]   Best Global R²: 0.166443
[2025-10-28 17:55:16]   Overfitting Gap: 0.267034
[2025-10-28 17:55:16]   Parameters: 161,696
[2025-10-28 17:55:16]   Training Time: 53.0s
[2025-10-28 17:55:16]   Not better than global best (0.166443)
[2025-10-28 17:55:16]   Results saved to models/test_bruteforce_search_results.csv
[2025-10-28 17:55:16] 
======================================================================
[2025-10-28 17:55:16] Config 42/1000 - Starting Training:
[2025-10-28 17:55:16]   Architecture:
[2025-10-28 17:55:16]     Lookback: 30, Hidden: 128, Layers: 1, Dropout: 0.1
[2025-10-28 17:55:16]     Bidirectional: True, GRU: True
[2025-10-28 17:55:16]   Output Head:
[2025-10-28 17:55:16]     FC Layers: 2, FC Hidden: 128, Activation: gelu
[2025-10-28 17:55:16]     FC Dropout: 0.1, Batch Norm: True
[2025-10-28 17:55:16]   Training:
[2025-10-28 17:55:16]     Batch Size: 256, LR: 0.0001, Weight Decay: 0.0
[2025-10-28 17:55:16]     Optimizer: adamw, Grad Clip: 1.0, LR Patience: 3
[2025-10-28 17:55:18]     Epoch  1/30: Val R²=-0.0314 Train R²=0.0085 Gap=0.0399 ✓
[2025-10-28 17:55:21]     Epoch  2/30: Val R²=-0.0264 Train R²=0.2131 Gap=0.2395 ✓
[2025-10-28 17:55:23]     Epoch  3/30: Val R²=-0.0133 Train R²=0.2745 Gap=0.2878 ✓
[2025-10-28 17:55:26]     Epoch  4/30: Val R²=0.0027 Train R²=0.3001 Gap=0.2974 ✓
[2025-10-28 17:55:28]     Epoch  5/30: Val R²=0.0107 Train R²=0.3144 Gap=0.3037 ✓
[2025-10-28 17:55:30]     Epoch  6/30: Val R²=0.0201 Train R²=0.3217 Gap=0.3016 ✓
[2025-10-28 17:55:33]     Epoch  7/30: Val R²=0.0267 Train R²=0.3273 Gap=0.3006 ✓
[2025-10-28 17:55:35]     Epoch  8/30: Val R²=0.0364 Train R²=0.3324 Gap=0.2960 ✓
[2025-10-28 17:55:38]     Epoch  9/30: Val R²=0.0405 Train R²=0.3346 Gap=0.2941 ✓
[2025-10-28 17:55:40]     Epoch 10/30: Val R²=0.0432 Train R²=0.3380 Gap=0.2948 ✓
[2025-10-28 17:55:42]     Epoch 11/30: Val R²=0.0548 Train R²=0.3401 Gap=0.2852 ✓
[2025-10-28 17:55:45]     Epoch 12/30: Val R²=0.0536 Train R²=0.3448 Gap=0.2912  
[2025-10-28 17:55:47]     Epoch 13/30: Val R²=0.0545 Train R²=0.3454 Gap=0.2909  
[2025-10-28 17:55:49]     Epoch 14/30: Val R²=0.0604 Train R²=0.3482 Gap=0.2878 ✓
[2025-10-28 17:55:52]     Epoch 15/30: Val R²=0.0638 Train R²=0.3506 Gap=0.2868 ✓
[2025-10-28 17:55:54]     Epoch 16/30: Val R²=0.0670 Train R²=0.3527 Gap=0.2857 ✓
[2025-10-28 17:55:57]     Epoch 17/30: Val R²=0.0698 Train R²=0.3552 Gap=0.2853 ✓
[2025-10-28 17:55:59]     Epoch 18/30: Val R²=0.0720 Train R²=0.3570 Gap=0.2850 ✓
[2025-10-28 17:56:01]     Epoch 19/30: Val R²=0.0739 Train R²=0.3580 Gap=0.2841 ✓
[2025-10-28 17:56:04]     Epoch 20/30: Val R²=0.0775 Train R²=0.3612 Gap=0.2837 ✓
[2025-10-28 17:56:06]     Epoch 21/30: Val R²=0.0770 Train R²=0.3610 Gap=0.2841  
[2025-10-28 17:56:09]     Epoch 22/30: Val R²=0.0843 Train R²=0.3628 Gap=0.2785 ✓
[2025-10-28 17:56:11]     Epoch 23/30: Val R²=0.0793 Train R²=0.3653 Gap=0.2860  
[2025-10-28 17:56:13]     Epoch 24/30: Val R²=0.0840 Train R²=0.3660 Gap=0.2820  
[2025-10-28 17:56:16]     Epoch 25/30: Val R²=0.0897 Train R²=0.3667 Gap=0.2770 ✓
[2025-10-28 17:56:18]     Epoch 26/30: Val R²=0.0881 Train R²=0.3683 Gap=0.2802  
[2025-10-28 17:56:20]     Epoch 27/30: Val R²=0.0909 Train R²=0.3695 Gap=0.2786 ✓
[2025-10-28 17:56:23]     Epoch 28/30: Val R²=0.0946 Train R²=0.3700 Gap=0.2754 ✓
[2025-10-28 17:56:25]     Epoch 29/30: Val R²=0.0960 Train R²=0.3709 Gap=0.2749 ✓
[2025-10-28 17:56:28]     Epoch 30/30: Val R²=0.0969 Train R²=0.3737 Gap=0.2768 ✓
[2025-10-28 17:56:28] 
======================================================================
[2025-10-28 17:56:28] Config 42/1000 Complete:
[2025-10-28 17:56:28]   Best Val R²: 0.096851 (epoch 30)
[2025-10-28 17:56:28]   Best Global R²: 0.166443
[2025-10-28 17:56:28]   Overfitting Gap: 0.276848
[2025-10-28 17:56:28]   Parameters: 161,696
[2025-10-28 17:56:28]   Training Time: 71.7s
[2025-10-28 17:56:28]   Not better than global best (0.166443)
[2025-10-28 17:56:28]   Results saved to models/test_bruteforce_search_results.csv
[2025-10-28 17:56:28] 
======================================================================
[2025-10-28 17:56:28] Config 43/1000 - Starting Training:
[2025-10-28 17:56:28]   Architecture:
[2025-10-28 17:56:28]     Lookback: 30, Hidden: 128, Layers: 1, Dropout: 0.1
[2025-10-28 17:56:28]     Bidirectional: True, GRU: True
[2025-10-28 17:56:28]   Output Head:
[2025-10-28 17:56:28]     FC Layers: 2, FC Hidden: 128, Activation: gelu
[2025-10-28 17:56:28]     FC Dropout: 0.1, Batch Norm: True
[2025-10-28 17:56:28]   Training:
[2025-10-28 17:56:28]     Batch Size: 256, LR: 0.0001, Weight Decay: 0.0001
[2025-10-28 17:56:28]     Optimizer: adamw, Grad Clip: 0.5, LR Patience: 3
[2025-10-28 17:56:30]     Epoch  1/30: Val R²=-0.0151 Train R²=0.0306 Gap=0.0457 ✓
[2025-10-28 17:56:32]     Epoch  2/30: Val R²=0.0011 Train R²=0.2306 Gap=0.2295 ✓
[2025-10-28 17:56:35]     Epoch  3/30: Val R²=0.0210 Train R²=0.2858 Gap=0.2648 ✓
[2025-10-28 17:56:37]     Epoch  4/30: Val R²=0.0385 Train R²=0.3075 Gap=0.2690 ✓
[2025-10-28 17:56:40]     Epoch  5/30: Val R²=0.0414 Train R²=0.3176 Gap=0.2762 ✓
[2025-10-28 17:56:42]     Epoch  6/30: Val R²=0.0504 Train R²=0.3248 Gap=0.2744 ✓
[2025-10-28 17:56:44]     Epoch  7/30: Val R²=0.0542 Train R²=0.3305 Gap=0.2763 ✓
[2025-10-28 17:56:47]     Epoch  8/30: Val R²=0.0584 Train R²=0.3346 Gap=0.2762 ✓
[2025-10-28 17:56:49]     Epoch  9/30: Val R²=0.0663 Train R²=0.3382 Gap=0.2718 ✓
[2025-10-28 17:56:52]     Epoch 10/30: Val R²=0.0661 Train R²=0.3411 Gap=0.2749  
[2025-10-28 17:56:54]     Epoch 11/30: Val R²=0.0712 Train R²=0.3433 Gap=0.2720 ✓
[2025-10-28 17:56:56]     Epoch 12/30: Val R²=0.0698 Train R²=0.3465 Gap=0.2767  
[2025-10-28 17:56:59]     Epoch 13/30: Val R²=0.0741 Train R²=0.3478 Gap=0.2737 ✓
[2025-10-28 17:57:01]     Epoch 14/30: Val R²=0.0789 Train R²=0.3493 Gap=0.2705 ✓
[2025-10-28 17:57:03]     Epoch 15/30: Val R²=0.0811 Train R²=0.3527 Gap=0.2716 ✓
[2025-10-28 17:57:06]     Epoch 16/30: Val R²=0.0837 Train R²=0.3543 Gap=0.2705 ✓
[2025-10-28 17:57:08]     Epoch 17/30: Val R²=0.0846 Train R²=0.3562 Gap=0.2717 ✓
[2025-10-28 17:57:11]     Epoch 18/30: Val R²=0.0875 Train R²=0.3580 Gap=0.2706 ✓
[2025-10-28 17:57:13]     Epoch 19/30: Val R²=0.0885 Train R²=0.3605 Gap=0.2721 ✓
[2025-10-28 17:57:15]     Epoch 20/30: Val R²=0.0900 Train R²=0.3618 Gap=0.2718 ✓
[2025-10-28 17:57:18]     Epoch 21/30: Val R²=0.0923 Train R²=0.3617 Gap=0.2694 ✓
[2025-10-28 17:57:20]     Epoch 22/30: Val R²=0.0936 Train R²=0.3642 Gap=0.2706 ✓
[2025-10-28 17:57:23]     Epoch 23/30: Val R²=0.0959 Train R²=0.3656 Gap=0.2697 ✓
[2025-10-28 17:57:25]     Epoch 24/30: Val R²=0.0980 Train R²=0.3671 Gap=0.2691 ✓
[2025-10-28 17:57:27]     Epoch 25/30: Val R²=0.0992 Train R²=0.3675 Gap=0.2683 ✓
[2025-10-28 17:57:30]     Epoch 26/30: Val R²=0.0978 Train R²=0.3701 Gap=0.2724  
[2025-10-28 17:57:32]     Epoch 27/30: Val R²=0.1032 Train R²=0.3697 Gap=0.2665 ✓
[2025-10-28 17:57:35]     Epoch 28/30: Val R²=0.1025 Train R²=0.3707 Gap=0.2682  
[2025-10-28 17:57:37]     Epoch 29/30: Val R²=0.1119 Train R²=0.3733 Gap=0.2614 ✓
[2025-10-28 17:57:39]     Epoch 30/30: Val R²=0.1080 Train R²=0.3726 Gap=0.2646  
[2025-10-28 17:57:39] 
======================================================================
[2025-10-28 17:57:39] Config 43/1000 Complete:
[2025-10-28 17:57:39]   Best Val R²: 0.111943 (epoch 29)
[2025-10-28 17:57:39]   Best Global R²: 0.166443
[2025-10-28 17:57:39]   Overfitting Gap: 0.261365
[2025-10-28 17:57:39]   Parameters: 161,696
[2025-10-28 17:57:39]   Training Time: 71.8s
[2025-10-28 17:57:39]   Not better than global best (0.166443)
[2025-10-28 17:57:39]   Results saved to models/test_bruteforce_search_results.csv
[2025-10-28 17:57:39] 
======================================================================
[2025-10-28 17:57:39] Config 44/1000 - Starting Training:
[2025-10-28 17:57:39]   Architecture:
[2025-10-28 17:57:39]     Lookback: 30, Hidden: 128, Layers: 1, Dropout: 0.1
[2025-10-28 17:57:39]     Bidirectional: True, GRU: True
[2025-10-28 17:57:39]   Output Head:
[2025-10-28 17:57:39]     FC Layers: 2, FC Hidden: 128, Activation: gelu
[2025-10-28 17:57:39]     FC Dropout: 0.1, Batch Norm: True
[2025-10-28 17:57:39]   Training:
[2025-10-28 17:57:39]     Batch Size: 256, LR: 0.0001, Weight Decay: 0.0001
[2025-10-28 17:57:39]     Optimizer: adamw, Grad Clip: 1.0, LR Patience: 3
[2025-10-28 17:57:42]     Epoch  1/30: Val R²=-0.0265 Train R²=0.0285 Gap=0.0550 ✓
[2025-10-28 17:57:44]     Epoch  2/30: Val R²=-0.0285 Train R²=0.2228 Gap=0.2513  
[2025-10-28 17:57:47]     Epoch  3/30: Val R²=-0.0047 Train R²=0.2773 Gap=0.2820 ✓
[2025-10-28 17:57:49]     Epoch  4/30: Val R²=0.0126 Train R²=0.3001 Gap=0.2875 ✓
[2025-10-28 17:57:51]     Epoch  5/30: Val R²=0.0215 Train R²=0.3134 Gap=0.2919 ✓
[2025-10-28 17:57:54]     Epoch  6/30: Val R²=0.0343 Train R²=0.3220 Gap=0.2878 ✓
[2025-10-28 17:57:56]     Epoch  7/30: Val R²=0.0407 Train R²=0.3261 Gap=0.2854 ✓
[2025-10-28 17:57:59]     Epoch  8/30: Val R²=0.0408 Train R²=0.3303 Gap=0.2895 ✓
[2025-10-28 17:58:01]     Epoch  9/30: Val R²=0.0465 Train R²=0.3355 Gap=0.2890 ✓
[2025-10-28 17:58:03]     Epoch 10/30: Val R²=0.0594 Train R²=0.3371 Gap=0.2777 ✓
[2025-10-28 17:58:06]     Epoch 11/30: Val R²=0.0586 Train R²=0.3407 Gap=0.2821  
[2025-10-28 17:58:08]     Epoch 12/30: Val R²=0.0597 Train R²=0.3427 Gap=0.2830 ✓
[2025-10-28 17:58:11]     Epoch 13/30: Val R²=0.0686 Train R²=0.3458 Gap=0.2771 ✓
[2025-10-28 17:58:13]     Epoch 14/30: Val R²=0.0691 Train R²=0.3479 Gap=0.2788 ✓
[2025-10-28 17:58:15]     Epoch 15/30: Val R²=0.0694 Train R²=0.3496 Gap=0.2803 ✓
[2025-10-28 17:58:18]     Epoch 16/30: Val R²=0.0722 Train R²=0.3523 Gap=0.2801 ✓
[2025-10-28 17:58:20]     Epoch 17/30: Val R²=0.0756 Train R²=0.3545 Gap=0.2789 ✓
[2025-10-28 17:58:22]     Epoch 18/30: Val R²=0.0751 Train R²=0.3556 Gap=0.2805  
[2025-10-28 17:58:25]     Epoch 19/30: Val R²=0.0804 Train R²=0.3573 Gap=0.2769 ✓
[2025-10-28 17:58:27]     Epoch 20/30: Val R²=0.0831 Train R²=0.3592 Gap=0.2761 ✓
[2025-10-28 17:58:30]     Epoch 21/30: Val R²=0.0849 Train R²=0.3607 Gap=0.2758 ✓
[2025-10-28 17:58:32]     Epoch 22/30: Val R²=0.0899 Train R²=0.3612 Gap=0.2714 ✓
[2025-10-28 17:58:34]     Epoch 23/30: Val R²=0.0857 Train R²=0.3634 Gap=0.2777  
[2025-10-28 17:58:37]     Epoch 24/30: Val R²=0.0911 Train R²=0.3645 Gap=0.2734 ✓
[2025-10-28 17:58:39]     Epoch 25/30: Val R²=0.0912 Train R²=0.3649 Gap=0.2737 ✓
[2025-10-28 17:58:42]     Epoch 26/30: Val R²=0.0962 Train R²=0.3673 Gap=0.2711 ✓
[2025-10-28 17:58:44]     Epoch 27/30: Val R²=0.0999 Train R²=0.3679 Gap=0.2681 ✓
[2025-10-28 17:58:47]     Epoch 28/30: Val R²=0.0993 Train R²=0.3687 Gap=0.2695  
[2025-10-28 17:58:49]     Epoch 29/30: Val R²=0.1022 Train R²=0.3696 Gap=0.2674 ✓
[2025-10-28 17:58:51]     Epoch 30/30: Val R²=0.1000 Train R²=0.3711 Gap=0.2711  
[2025-10-28 17:58:51] 
======================================================================
[2025-10-28 17:58:51] Config 44/1000 Complete:
[2025-10-28 17:58:51]   Best Val R²: 0.102205 (epoch 29)
[2025-10-28 17:58:51]   Best Global R²: 0.166443
[2025-10-28 17:58:51]   Overfitting Gap: 0.267368
[2025-10-28 17:58:51]   Parameters: 161,696
[2025-10-28 17:58:51]   Training Time: 72.0s
[2025-10-28 17:58:51]   Not better than global best (0.166443)
[2025-10-28 17:58:51]   Results saved to models/test_bruteforce_search_results.csv
[2025-10-28 17:58:51] 
======================================================================
[2025-10-28 17:58:51] Config 45/1000 - Starting Training:
[2025-10-28 17:58:51]   Architecture:
[2025-10-28 17:58:51]     Lookback: 30, Hidden: 128, Layers: 1, Dropout: 0.1
[2025-10-28 17:58:51]     Bidirectional: True, GRU: True
[2025-10-28 17:58:51]   Output Head:
[2025-10-28 17:58:51]     FC Layers: 2, FC Hidden: 128, Activation: gelu
[2025-10-28 17:58:51]     FC Dropout: 0.1, Batch Norm: True
[2025-10-28 17:58:51]   Training:
[2025-10-28 17:58:51]     Batch Size: 256, LR: 0.0005, Weight Decay: 0.0
[2025-10-28 17:58:51]     Optimizer: adamw, Grad Clip: 0.5, LR Patience: 3
[2025-10-28 17:58:54]     Epoch  1/30: Val R²=0.0241 Train R²=0.2038 Gap=0.1797 ✓
[2025-10-28 17:58:56]     Epoch  2/30: Val R²=0.0563 Train R²=0.3216 Gap=0.2653 ✓
[2025-10-28 17:58:59]     Epoch  3/30: Val R²=0.0650 Train R²=0.3381 Gap=0.2731 ✓
[2025-10-28 17:59:01]     Epoch  4/30: Val R²=0.0794 Train R²=0.3497 Gap=0.2703 ✓
[2025-10-28 17:59:03]     Epoch  5/30: Val R²=0.0814 Train R²=0.3536 Gap=0.2722 ✓
[2025-10-28 17:59:06]     Epoch  6/30: Val R²=0.0864 Train R²=0.3590 Gap=0.2726 ✓
[2025-10-28 17:59:08]     Epoch  7/30: Val R²=0.0789 Train R²=0.3644 Gap=0.2855  
[2025-10-28 17:59:10]     Epoch  8/30: Val R²=0.0932 Train R²=0.3661 Gap=0.2728 ✓
[2025-10-28 17:59:13]     Epoch  9/30: Val R²=0.0930 Train R²=0.3725 Gap=0.2795  
[2025-10-28 17:59:15]     Epoch 10/30: Val R²=0.0947 Train R²=0.3713 Gap=0.2766 ✓
[2025-10-28 17:59:17]     Epoch 11/30: Val R²=0.0933 Train R²=0.3767 Gap=0.2834  
[2025-10-28 17:59:20]     Epoch 12/30: Val R²=0.1014 Train R²=0.3777 Gap=0.2763 ✓
[2025-10-28 17:59:22]     Epoch 13/30: Val R²=0.1017 Train R²=0.3805 Gap=0.2788 ✓
[2025-10-28 17:59:25]     Epoch 14/30: Val R²=0.0980 Train R²=0.3818 Gap=0.2839  
[2025-10-28 17:59:27]     Epoch 15/30: Val R²=0.1066 Train R²=0.3852 Gap=0.2786 ✓
[2025-10-28 17:59:29]     Epoch 16/30: Val R²=0.1142 Train R²=0.3902 Gap=0.2760 ✓
[2025-10-28 17:59:32]     Epoch 17/30: Val R²=0.1171 Train R²=0.3918 Gap=0.2747 ✓
[2025-10-28 17:59:34]     Epoch 18/30: Val R²=0.1157 Train R²=0.3913 Gap=0.2756  
[2025-10-28 17:59:36]     Epoch 19/30: Val R²=0.1099 Train R²=0.3944 Gap=0.2844  
[2025-10-28 17:59:39]     Epoch 20/30: Val R²=0.1188 Train R²=0.3935 Gap=0.2747 ✓
[2025-10-28 17:59:41]     Epoch 21/30: Val R²=0.1297 Train R²=0.3982 Gap=0.2685 ✓
[2025-10-28 17:59:44]     Epoch 22/30: Val R²=0.1352 Train R²=0.4033 Gap=0.2680 ✓
[2025-10-28 17:59:46]     Epoch 23/30: Val R²=0.1355 Train R²=0.4028 Gap=0.2672 ✓
[2025-10-28 17:59:48]     Epoch 24/30: Val R²=0.1397 Train R²=0.4016 Gap=0.2620 ✓
[2025-10-28 17:59:51]     Epoch 25/30: Val R²=0.1299 Train R²=0.4071 Gap=0.2772  
[2025-10-28 17:59:53]     Epoch 26/30: Val R²=0.1272 Train R²=0.4106 Gap=0.2834  
[2025-10-28 17:59:56]     Epoch 27/30: Val R²=0.1182 Train R²=0.4107 Gap=0.2925  
[2025-10-28 17:59:56]     Early stopped at epoch 27
[2025-10-28 17:59:56] 
======================================================================
[2025-10-28 17:59:56] Config 45/1000 Complete:
[2025-10-28 17:59:56]   Best Val R²: 0.139687 (epoch 24)
[2025-10-28 17:59:56]   Best Global R²: 0.166443
[2025-10-28 17:59:56]   Overfitting Gap: 0.261951
[2025-10-28 17:59:56]   Parameters: 161,696
[2025-10-28 17:59:56]   Training Time: 64.1s
[2025-10-28 17:59:56]   Not better than global best (0.166443)
[2025-10-28 17:59:56]   Results saved to models/test_bruteforce_search_results.csv
[2025-10-28 17:59:56] 
======================================================================
[2025-10-28 17:59:56] Config 46/1000 - Starting Training:
[2025-10-28 17:59:56]   Architecture:
[2025-10-28 17:59:56]     Lookback: 30, Hidden: 128, Layers: 1, Dropout: 0.1
[2025-10-28 17:59:56]     Bidirectional: True, GRU: True
[2025-10-28 17:59:56]   Output Head:
[2025-10-28 17:59:56]     FC Layers: 2, FC Hidden: 128, Activation: gelu
[2025-10-28 17:59:56]     FC Dropout: 0.1, Batch Norm: True
[2025-10-28 17:59:56]   Training:
[2025-10-28 17:59:56]     Batch Size: 256, LR: 0.0005, Weight Decay: 0.0
[2025-10-28 17:59:56]     Optimizer: adamw, Grad Clip: 1.0, LR Patience: 3
[2025-10-28 17:59:58]     Epoch  1/30: Val R²=0.0093 Train R²=0.2123 Gap=0.2030 ✓
[2025-10-28 18:00:00]     Epoch  2/30: Val R²=0.0329 Train R²=0.3234 Gap=0.2906 ✓
[2025-10-28 18:00:03]     Epoch  3/30: Val R²=0.0607 Train R²=0.3381 Gap=0.2773 ✓
[2025-10-28 18:00:05]     Epoch  4/30: Val R²=0.0695 Train R²=0.3463 Gap=0.2769 ✓
[2025-10-28 18:00:08]     Epoch  5/30: Val R²=0.0755 Train R²=0.3541 Gap=0.2787 ✓
[2025-10-28 18:00:10]     Epoch  6/30: Val R²=0.0828 Train R²=0.3587 Gap=0.2758 ✓
[2025-10-28 18:00:12]     Epoch  7/30: Val R²=0.0816 Train R²=0.3635 Gap=0.2819  
[2025-10-28 18:00:15]     Epoch  8/30: Val R²=0.0962 Train R²=0.3655 Gap=0.2693 ✓
[2025-10-28 18:00:17]     Epoch  9/30: Val R²=0.1039 Train R²=0.3680 Gap=0.2641 ✓
[2025-10-28 18:00:19]     Epoch 10/30: Val R²=0.0891 Train R²=0.3723 Gap=0.2833  
[2025-10-28 18:00:22]     Epoch 11/30: Val R²=0.1109 Train R²=0.3750 Gap=0.2641 ✓
[2025-10-28 18:00:24]     Epoch 12/30: Val R²=0.1041 Train R²=0.3760 Gap=0.2719  
[2025-10-28 18:00:27]     Epoch 13/30: Val R²=0.1135 Train R²=0.3814 Gap=0.2679 ✓
[2025-10-28 18:00:29]     Epoch 14/30: Val R²=0.1207 Train R²=0.3834 Gap=0.2627 ✓
[2025-10-28 18:00:31]     Epoch 15/30: Val R²=0.1208 Train R²=0.3866 Gap=0.2658 ✓
[2025-10-28 18:00:34]     Epoch 16/30: Val R²=0.1259 Train R²=0.3866 Gap=0.2607 ✓
[2025-10-28 18:00:36]     Epoch 17/30: Val R²=0.1294 Train R²=0.3902 Gap=0.2608 ✓
[2025-10-28 18:00:38]     Epoch 18/30: Val R²=0.1395 Train R²=0.3934 Gap=0.2539 ✓
[2025-10-28 18:00:41]     Epoch 19/30: Val R²=0.1377 Train R²=0.3956 Gap=0.2579  
[2025-10-28 18:00:43]     Epoch 20/30: Val R²=0.1437 Train R²=0.3966 Gap=0.2528 ✓
[2025-10-28 18:00:46]     Epoch 21/30: Val R²=0.1410 Train R²=0.3966 Gap=0.2556  
[2025-10-28 18:00:48]     Epoch 22/30: Val R²=0.1539 Train R²=0.3997 Gap=0.2459 ✓
[2025-10-28 18:00:50]     Epoch 23/30: Val R²=0.1449 Train R²=0.4015 Gap=0.2566  
[2025-10-28 18:00:53]     Epoch 24/30: Val R²=0.1488 Train R²=0.4051 Gap=0.2563  
[2025-10-28 18:00:55]     Epoch 25/30: Val R²=0.1585 Train R²=0.4067 Gap=0.2481 ✓
[2025-10-28 18:00:58]     Epoch 26/30: Val R²=0.1603 Train R²=0.4046 Gap=0.2443 ✓
[2025-10-28 18:01:00]     Epoch 27/30: Val R²=0.1427 Train R²=0.4091 Gap=0.2664  
[2025-10-28 18:01:03]     Epoch 28/30: Val R²=0.1575 Train R²=0.4116 Gap=0.2541  
[2025-10-28 18:01:05]     Epoch 29/30: Val R²=0.1645 Train R²=0.4147 Gap=0.2503 ✓
[2025-10-28 18:01:07]     Epoch 30/30: Val R²=0.1616 Train R²=0.4165 Gap=0.2548  
[2025-10-28 18:01:07] 
======================================================================
[2025-10-28 18:01:07] Config 46/1000 Complete:
[2025-10-28 18:01:07]   Best Val R²: 0.164464 (epoch 29)
[2025-10-28 18:01:07]   Best Global R²: 0.166443
[2025-10-28 18:01:07]   Overfitting Gap: 0.250261
[2025-10-28 18:01:07]   Parameters: 161,696
[2025-10-28 18:01:07]   Training Time: 71.9s
[2025-10-28 18:01:07]   Not better than global best (0.166443)
[2025-10-28 18:01:07]   Results saved to models/test_bruteforce_search_results.csv
[2025-10-28 18:01:07] 
======================================================================
[2025-10-28 18:01:07] Config 47/1000 - Starting Training:
[2025-10-28 18:01:07]   Architecture:
[2025-10-28 18:01:07]     Lookback: 30, Hidden: 128, Layers: 1, Dropout: 0.1
[2025-10-28 18:01:07]     Bidirectional: True, GRU: True
[2025-10-28 18:01:07]   Output Head:
[2025-10-28 18:01:07]     FC Layers: 2, FC Hidden: 128, Activation: gelu
[2025-10-28 18:01:07]     FC Dropout: 0.1, Batch Norm: True
[2025-10-28 18:01:07]   Training:
[2025-10-28 18:01:07]     Batch Size: 256, LR: 0.0005, Weight Decay: 0.0001
[2025-10-28 18:01:07]     Optimizer: adamw, Grad Clip: 0.5, LR Patience: 3
[2025-10-28 18:01:10]     Epoch  1/30: Val R²=0.0086 Train R²=0.2165 Gap=0.2079 ✓
[2025-10-28 18:01:12]     Epoch  2/30: Val R²=0.0446 Train R²=0.3236 Gap=0.2790 ✓
[2025-10-28 18:01:15]     Epoch  3/30: Val R²=0.0528 Train R²=0.3393 Gap=0.2865 ✓
[2025-10-28 18:01:17]     Epoch  4/30: Val R²=0.0621 Train R²=0.3476 Gap=0.2855 ✓
[2025-10-28 18:01:20]     Epoch  5/30: Val R²=0.0829 Train R²=0.3527 Gap=0.2699 ✓
[2025-10-28 18:01:22]     Epoch  6/30: Val R²=0.0837 Train R²=0.3598 Gap=0.2761 ✓
[2025-10-28 18:01:25]     Epoch  7/30: Val R²=0.0950 Train R²=0.3644 Gap=0.2695 ✓
[2025-10-28 18:01:27]     Epoch  8/30: Val R²=0.0966 Train R²=0.3683 Gap=0.2716 ✓
[2025-10-28 18:01:29]     Epoch  9/30: Val R²=0.1051 Train R²=0.3686 Gap=0.2635 ✓
[2025-10-28 18:01:32]     Epoch 10/30: Val R²=0.1051 Train R²=0.3740 Gap=0.2689  
[2025-10-28 18:01:34]     Epoch 11/30: Val R²=0.1184 Train R²=0.3746 Gap=0.2561 ✓
[2025-10-28 18:01:37]     Epoch 12/30: Val R²=0.1148 Train R²=0.3778 Gap=0.2631  
[2025-10-28 18:01:39]     Epoch 13/30: Val R²=0.1121 Train R²=0.3807 Gap=0.2686  
[2025-10-28 18:01:41]     Epoch 14/30: Val R²=0.1145 Train R²=0.3851 Gap=0.2706  
[2025-10-28 18:01:41]     Early stopped at epoch 14
[2025-10-28 18:01:41] 
======================================================================
[2025-10-28 18:01:41] Config 47/1000 Complete:
[2025-10-28 18:01:41]   Best Val R²: 0.118424 (epoch 11)
[2025-10-28 18:01:41]   Best Global R²: 0.166443
[2025-10-28 18:01:41]   Overfitting Gap: 0.256127
[2025-10-28 18:01:41]   Parameters: 161,696
[2025-10-28 18:01:41]   Training Time: 33.9s
[2025-10-28 18:01:41]   Not better than global best (0.166443)
[2025-10-28 18:01:41]   Results saved to models/test_bruteforce_search_results.csv
[2025-10-28 18:01:41] 
======================================================================
[2025-10-28 18:01:41] Config 48/1000 - Starting Training:
[2025-10-28 18:01:41]   Architecture:
[2025-10-28 18:01:41]     Lookback: 30, Hidden: 128, Layers: 1, Dropout: 0.1
[2025-10-28 18:01:41]     Bidirectional: True, GRU: True
[2025-10-28 18:01:41]   Output Head:
[2025-10-28 18:01:41]     FC Layers: 2, FC Hidden: 128, Activation: gelu
[2025-10-28 18:01:41]     FC Dropout: 0.1, Batch Norm: True
[2025-10-28 18:01:41]   Training:
[2025-10-28 18:01:41]     Batch Size: 256, LR: 0.0005, Weight Decay: 0.0001
[2025-10-28 18:01:41]     Optimizer: adamw, Grad Clip: 1.0, LR Patience: 3
[2025-10-28 18:01:44]     Epoch  1/30: Val R²=0.0148 Train R²=0.2062 Gap=0.1913 ✓
[2025-10-28 18:01:46]     Epoch  2/30: Val R²=0.0392 Train R²=0.3192 Gap=0.2800 ✓
[2025-10-28 18:01:48]     Epoch  3/30: Val R²=0.0457 Train R²=0.3350 Gap=0.2893 ✓
[2025-10-28 18:01:51]     Epoch  4/30: Val R²=0.0660 Train R²=0.3463 Gap=0.2803 ✓
[2025-10-28 18:01:53]     Epoch  5/30: Val R²=0.0682 Train R²=0.3515 Gap=0.2833 ✓
[2025-10-28 18:01:55]     Epoch  6/30: Val R²=0.0661 Train R²=0.3576 Gap=0.2915  
[2025-10-28 18:01:58]     Epoch  7/30: Val R²=0.0819 Train R²=0.3634 Gap=0.2816 ✓
[2025-10-28 18:02:00]     Epoch  8/30: Val R²=0.0786 Train R²=0.3665 Gap=0.2879  
[2025-10-28 18:02:02]     Epoch  9/30: Val R²=0.0911 Train R²=0.3697 Gap=0.2786 ✓
[2025-10-28 18:02:05]     Epoch 10/30: Val R²=0.1012 Train R²=0.3713 Gap=0.2701 ✓
[2025-10-28 18:02:07]     Epoch 11/30: Val R²=0.1060 Train R²=0.3747 Gap=0.2687 ✓
[2025-10-28 18:02:10]     Epoch 12/30: Val R²=0.1028 Train R²=0.3740 Gap=0.2712  
[2025-10-28 18:02:12]     Epoch 13/30: Val R²=0.1148 Train R²=0.3810 Gap=0.2662 ✓
[2025-10-28 18:02:14]     Epoch 14/30: Val R²=0.1064 Train R²=0.3844 Gap=0.2780  
[2025-10-28 18:02:17]     Epoch 15/30: Val R²=0.1048 Train R²=0.3828 Gap=0.2780  
[2025-10-28 18:02:19]     Epoch 16/30: Val R²=0.1139 Train R²=0.3834 Gap=0.2695  
[2025-10-28 18:02:19]     Early stopped at epoch 16
[2025-10-28 18:02:19] 
======================================================================
[2025-10-28 18:02:19] Config 48/1000 Complete:
[2025-10-28 18:02:19]   Best Val R²: 0.114786 (epoch 13)
[2025-10-28 18:02:19]   Best Global R²: 0.166443
[2025-10-28 18:02:19]   Overfitting Gap: 0.266242
[2025-10-28 18:02:19]   Parameters: 161,696
[2025-10-28 18:02:19]   Training Time: 37.8s
[2025-10-28 18:02:19]   Not better than global best (0.166443)
[2025-10-28 18:02:19]   Results saved to models/test_bruteforce_search_results.csv
[2025-10-28 18:02:19] 
======================================================================
[2025-10-28 18:02:19] Config 49/1000 - Starting Training:
[2025-10-28 18:02:19]   Architecture:
[2025-10-28 18:02:19]     Lookback: 30, Hidden: 128, Layers: 1, Dropout: 0.1
[2025-10-28 18:02:19]     Bidirectional: True, GRU: True
[2025-10-28 18:02:19]   Output Head:
[2025-10-28 18:02:19]     FC Layers: 2, FC Hidden: 128, Activation: gelu
[2025-10-28 18:02:19]     FC Dropout: 0.2, Batch Norm: True
[2025-10-28 18:02:19]   Training:
[2025-10-28 18:02:19]     Batch Size: 128, LR: 0.0001, Weight Decay: 0.0
[2025-10-28 18:02:19]     Optimizer: adamw, Grad Clip: 0.5, LR Patience: 3
[2025-10-28 18:02:23]     Epoch  1/30: Val R²=-0.0201 Train R²=0.0824 Gap=0.1025 ✓
[2025-10-28 18:02:28]     Epoch  2/30: Val R²=0.0126 Train R²=0.2557 Gap=0.2431 ✓
[2025-10-28 18:02:32]     Epoch  3/30: Val R²=0.0269 Train R²=0.2856 Gap=0.2586 ✓
[2025-10-28 18:02:37]     Epoch  4/30: Val R²=0.0332 Train R²=0.2955 Gap=0.2623 ✓
[2025-10-28 18:02:41]     Epoch  5/30: Val R²=0.0467 Train R²=0.3060 Gap=0.2594 ✓
[2025-10-28 18:02:46]     Epoch  6/30: Val R²=0.0590 Train R²=0.3115 Gap=0.2526 ✓
[2025-10-28 18:02:50]     Epoch  7/30: Val R²=0.0684 Train R²=0.3188 Gap=0.2504 ✓
[2025-10-28 18:02:55]     Epoch  8/30: Val R²=0.0665 Train R²=0.3215 Gap=0.2550  
[2025-10-28 18:02:59]     Epoch  9/30: Val R²=0.0708 Train R²=0.3276 Gap=0.2568 ✓
[2025-10-28 18:03:04]     Epoch 10/30: Val R²=0.0709 Train R²=0.3315 Gap=0.2606 ✓
[2025-10-28 18:03:08]     Epoch 11/30: Val R²=0.0730 Train R²=0.3359 Gap=0.2629 ✓
[2025-10-28 18:03:13]     Epoch 12/30: Val R²=0.0839 Train R²=0.3375 Gap=0.2536 ✓
[2025-10-28 18:03:17]     Epoch 13/30: Val R²=0.0788 Train R²=0.3397 Gap=0.2609  
[2025-10-28 18:03:22]     Epoch 14/30: Val R²=0.0953 Train R²=0.3448 Gap=0.2494 ✓
[2025-10-28 18:03:26]     Epoch 15/30: Val R²=0.0901 Train R²=0.3460 Gap=0.2559  
[2025-10-28 18:03:31]     Epoch 16/30: Val R²=0.0909 Train R²=0.3496 Gap=0.2587  
[2025-10-28 18:03:35]     Epoch 17/30: Val R²=0.0923 Train R²=0.3510 Gap=0.2587  
[2025-10-28 18:03:35]     Early stopped at epoch 17
[2025-10-28 18:03:35] 
======================================================================
[2025-10-28 18:03:35] Config 49/1000 Complete:
[2025-10-28 18:03:35]   Best Val R²: 0.095326 (epoch 14)
[2025-10-28 18:03:35]   Best Global R²: 0.166443
[2025-10-28 18:03:35]   Overfitting Gap: 0.249449
[2025-10-28 18:03:35]   Parameters: 161,696
[2025-10-28 18:03:35]   Training Time: 75.7s
[2025-10-28 18:03:35]   Not better than global best (0.166443)
[2025-10-28 18:03:35]   Results saved to models/test_bruteforce_search_results.csv
[2025-10-28 18:03:35] 
======================================================================
[2025-10-28 18:03:35] Config 50/1000 - Starting Training:
[2025-10-28 18:03:35]   Architecture:
[2025-10-28 18:03:35]     Lookback: 30, Hidden: 128, Layers: 1, Dropout: 0.1
[2025-10-28 18:03:35]     Bidirectional: True, GRU: True
[2025-10-28 18:03:35]   Output Head:
[2025-10-28 18:03:35]     FC Layers: 2, FC Hidden: 128, Activation: gelu
[2025-10-28 18:03:35]     FC Dropout: 0.2, Batch Norm: True
[2025-10-28 18:03:35]   Training:
[2025-10-28 18:03:35]     Batch Size: 128, LR: 0.0001, Weight Decay: 0.0
[2025-10-28 18:03:35]     Optimizer: adamw, Grad Clip: 1.0, LR Patience: 3
[2025-10-28 18:03:39]     Epoch  1/30: Val R²=-0.0498 Train R²=0.0747 Gap=0.1244 ✓
[2025-10-28 18:03:44]     Epoch  2/30: Val R²=-0.0129 Train R²=0.2461 Gap=0.2590 ✓
[2025-10-28 18:03:48]     Epoch  3/30: Val R²=0.0179 Train R²=0.2770 Gap=0.2591 ✓
[2025-10-28 18:03:52]     Epoch  4/30: Val R²=0.0323 Train R²=0.2944 Gap=0.2621 ✓
[2025-10-28 18:03:57]     Epoch  5/30: Val R²=0.0418 Train R²=0.3030 Gap=0.2612 ✓
[2025-10-28 18:04:01]     Epoch  6/30: Val R²=0.0481 Train R²=0.3079 Gap=0.2597 ✓
[2025-10-28 18:04:06]     Epoch  7/30: Val R²=0.0565 Train R²=0.3173 Gap=0.2608 ✓
[2025-10-28 18:04:10]     Epoch  8/30: Val R²=0.0624 Train R²=0.3185 Gap=0.2561 ✓
[2025-10-28 18:04:14]     Epoch  9/30: Val R²=0.0656 Train R²=0.3217 Gap=0.2561 ✓
[2025-10-28 18:04:19]     Epoch 10/30: Val R²=0.0723 Train R²=0.3271 Gap=0.2548 ✓
[2025-10-28 18:04:23]     Epoch 11/30: Val R²=0.0749 Train R²=0.3337 Gap=0.2588 ✓
[2025-10-28 18:04:28]     Epoch 12/30: Val R²=0.0744 Train R²=0.3369 Gap=0.2624  
[2025-10-28 18:04:32]     Epoch 13/30: Val R²=0.0835 Train R²=0.3395 Gap=0.2560 ✓
[2025-10-28 18:04:36]     Epoch 14/30: Val R²=0.0935 Train R²=0.3441 Gap=0.2506 ✓
[2025-10-28 18:04:41]     Epoch 15/30: Val R²=0.0956 Train R²=0.3443 Gap=0.2487 ✓
[2025-10-28 18:04:45]     Epoch 16/30: Val R²=0.0898 Train R²=0.3496 Gap=0.2598  
[2025-10-28 18:04:49]     Epoch 17/30: Val R²=0.0909 Train R²=0.3507 Gap=0.2598  
[2025-10-28 18:04:54]     Epoch 18/30: Val R²=0.0825 Train R²=0.3526 Gap=0.2701  
[2025-10-28 18:04:54]     Early stopped at epoch 18
[2025-10-28 18:04:54] 
======================================================================
[2025-10-28 18:04:54] Config 50/1000 Complete:
[2025-10-28 18:04:54]   Best Val R²: 0.095577 (epoch 15)
[2025-10-28 18:04:54]   Best Global R²: 0.166443
[2025-10-28 18:04:54]   Overfitting Gap: 0.248719
[2025-10-28 18:04:54]   Parameters: 161,696
[2025-10-28 18:04:54]   Training Time: 78.9s
[2025-10-28 18:04:54]   Not better than global best (0.166443)
[2025-10-28 18:04:54]   Results saved to models/test_bruteforce_search_results.csv
[2025-10-28 18:04:54] 
======================================================================
[2025-10-28 18:04:54] Config 51/1000 - Starting Training:
[2025-10-28 18:04:54]   Architecture:
[2025-10-28 18:04:54]     Lookback: 30, Hidden: 128, Layers: 1, Dropout: 0.1
[2025-10-28 18:04:54]     Bidirectional: True, GRU: True
[2025-10-28 18:04:54]   Output Head:
[2025-10-28 18:04:54]     FC Layers: 2, FC Hidden: 128, Activation: gelu
[2025-10-28 18:04:54]     FC Dropout: 0.2, Batch Norm: True
[2025-10-28 18:04:54]   Training:
[2025-10-28 18:04:54]     Batch Size: 128, LR: 0.0001, Weight Decay: 0.0001
[2025-10-28 18:04:54]     Optimizer: adamw, Grad Clip: 0.5, LR Patience: 3
[2025-10-28 18:04:58]     Epoch  1/30: Val R²=-0.0272 Train R²=0.0466 Gap=0.0738 ✓
[2025-10-28 18:05:03]     Epoch  2/30: Val R²=0.0064 Train R²=0.2520 Gap=0.2456 ✓
[2025-10-28 18:05:07]     Epoch  3/30: Val R²=0.0226 Train R²=0.2843 Gap=0.2617 ✓
[2025-10-28 18:05:12]     Epoch  4/30: Val R²=0.0425 Train R²=0.2975 Gap=0.2549 ✓
[2025-10-28 18:05:17]     Epoch  5/30: Val R²=0.0412 Train R²=0.3057 Gap=0.2645  
[2025-10-28 18:05:21]     Epoch  6/30: Val R²=0.0521 Train R²=0.3116 Gap=0.2595 ✓
[2025-10-28 18:05:26]     Epoch  7/30: Val R²=0.0580 Train R²=0.3174 Gap=0.2594 ✓
[2025-10-28 18:05:31]     Epoch  8/30: Val R²=0.0653 Train R²=0.3227 Gap=0.2574 ✓
[2025-10-28 18:05:36]     Epoch  9/30: Val R²=0.0664 Train R²=0.3264 Gap=0.2600 ✓
[2025-10-28 18:05:41]     Epoch 10/30: Val R²=0.0713 Train R²=0.3303 Gap=0.2591 ✓
[2025-10-28 18:05:46]     Epoch 11/30: Val R²=0.0771 Train R²=0.3345 Gap=0.2573 ✓
[2025-10-28 18:05:50]     Epoch 12/30: Val R²=0.0698 Train R²=0.3401 Gap=0.2703  
[2025-10-28 18:05:55]     Epoch 13/30: Val R²=0.0863 Train R²=0.3426 Gap=0.2563 ✓
[2025-10-28 18:06:00]     Epoch 14/30: Val R²=0.0811 Train R²=0.3440 Gap=0.2629  
[2025-10-28 18:06:05]     Epoch 15/30: Val R²=0.0915 Train R²=0.3462 Gap=0.2547 ✓
[2025-10-28 18:06:10]     Epoch 16/30: Val R²=0.0925 Train R²=0.3481 Gap=0.2556 ✓
[2025-10-28 18:06:14]     Epoch 17/30: Val R²=0.0849 Train R²=0.3509 Gap=0.2660  
[2025-10-28 18:06:18]     Epoch 18/30: Val R²=0.0904 Train R²=0.3524 Gap=0.2620  
[2025-10-28 18:06:23]     Epoch 19/30: Val R²=0.0954 Train R²=0.3545 Gap=0.2591 ✓
[2025-10-28 18:06:28]     Epoch 20/30: Val R²=0.1027 Train R²=0.3563 Gap=0.2536 ✓
[2025-10-28 18:06:32]     Epoch 21/30: Val R²=0.1065 Train R²=0.3566 Gap=0.2501 ✓
[2025-10-28 18:06:37]     Epoch 22/30: Val R²=0.1016 Train R²=0.3590 Gap=0.2574  
[2025-10-28 18:06:41]     Epoch 23/30: Val R²=0.1037 Train R²=0.3605 Gap=0.2568  
[2025-10-28 18:06:46]     Epoch 24/30: Val R²=0.1042 Train R²=0.3607 Gap=0.2566  
[2025-10-28 18:06:46]     Early stopped at epoch 24
[2025-10-28 18:06:46] 
======================================================================
[2025-10-28 18:06:46] Config 51/1000 Complete:
[2025-10-28 18:06:46]   Best Val R²: 0.106481 (epoch 21)
[2025-10-28 18:06:46]   Best Global R²: 0.166443
[2025-10-28 18:06:46]   Overfitting Gap: 0.250093
[2025-10-28 18:06:46]   Parameters: 161,696
[2025-10-28 18:06:46]   Training Time: 112.2s
[2025-10-28 18:06:46]   Not better than global best (0.166443)
[2025-10-28 18:06:46]   Results saved to models/test_bruteforce_search_results.csv
[2025-10-28 18:06:46] 
======================================================================
[2025-10-28 18:06:46] Config 52/1000 - Starting Training:
[2025-10-28 18:06:46]   Architecture:
[2025-10-28 18:06:46]     Lookback: 30, Hidden: 128, Layers: 1, Dropout: 0.1
[2025-10-28 18:06:46]     Bidirectional: True, GRU: True
[2025-10-28 18:06:46]   Output Head:
[2025-10-28 18:06:46]     FC Layers: 2, FC Hidden: 128, Activation: gelu
[2025-10-28 18:06:46]     FC Dropout: 0.2, Batch Norm: True
[2025-10-28 18:06:46]   Training:
[2025-10-28 18:06:46]     Batch Size: 128, LR: 0.0001, Weight Decay: 0.0001
[2025-10-28 18:06:46]     Optimizer: adamw, Grad Clip: 1.0, LR Patience: 3
[2025-10-28 18:06:50]     Epoch  1/30: Val R²=-0.0388 Train R²=0.0523 Gap=0.0912 ✓
[2025-10-28 18:06:55]     Epoch  2/30: Val R²=-0.0051 Train R²=0.2346 Gap=0.2397 ✓
[2025-10-28 18:06:59]     Epoch  3/30: Val R²=0.0195 Train R²=0.2738 Gap=0.2543 ✓
[2025-10-28 18:07:04]     Epoch  4/30: Val R²=0.0354 Train R²=0.2904 Gap=0.2550 ✓
[2025-10-28 18:07:08]     Epoch  5/30: Val R²=0.0353 Train R²=0.2998 Gap=0.2644  
[2025-10-28 18:07:12]     Epoch  6/30: Val R²=0.0438 Train R²=0.3063 Gap=0.2625 ✓
[2025-10-28 18:07:17]     Epoch  7/30: Val R²=0.0499 Train R²=0.3099 Gap=0.2600 ✓
[2025-10-28 18:07:21]     Epoch  8/30: Val R²=0.0529 Train R²=0.3178 Gap=0.2649 ✓
[2025-10-28 18:07:25]     Epoch  9/30: Val R²=0.0536 Train R²=0.3217 Gap=0.2682 ✓
[2025-10-28 18:07:30]     Epoch 10/30: Val R²=0.0574 Train R²=0.3257 Gap=0.2683 ✓
[2025-10-28 18:07:34]     Epoch 11/30: Val R²=0.0678 Train R²=0.3282 Gap=0.2604 ✓
[2025-10-28 18:07:39]     Epoch 12/30: Val R²=0.0718 Train R²=0.3326 Gap=0.2609 ✓
[2025-10-28 18:07:43]     Epoch 13/30: Val R²=0.0716 Train R²=0.3356 Gap=0.2639  
[2025-10-28 18:07:48]     Epoch 14/30: Val R²=0.0772 Train R²=0.3405 Gap=0.2633 ✓
[2025-10-28 18:07:52]     Epoch 15/30: Val R²=0.0823 Train R²=0.3420 Gap=0.2597 ✓
[2025-10-28 18:07:57]     Epoch 16/30: Val R²=0.0811 Train R²=0.3437 Gap=0.2626  
[2025-10-28 18:08:02]     Epoch 17/30: Val R²=0.0788 Train R²=0.3465 Gap=0.2677  
[2025-10-28 18:08:07]     Epoch 18/30: Val R²=0.0838 Train R²=0.3474 Gap=0.2636 ✓
[2025-10-28 18:08:11]     Epoch 19/30: Val R²=0.0840 Train R²=0.3517 Gap=0.2677 ✓
[2025-10-28 18:08:16]     Epoch 20/30: Val R²=0.0895 Train R²=0.3532 Gap=0.2637 ✓
[2025-10-28 18:08:20]     Epoch 21/30: Val R²=0.0887 Train R²=0.3556 Gap=0.2669  
[2025-10-28 18:08:25]     Epoch 22/30: Val R²=0.0999 Train R²=0.3576 Gap=0.2576 ✓
[2025-10-28 18:08:29]     Epoch 23/30: Val R²=0.1006 Train R²=0.3594 Gap=0.2588 ✓
[2025-10-28 18:08:34]     Epoch 24/30: Val R²=0.0964 Train R²=0.3625 Gap=0.2661  
[2025-10-28 18:08:38]     Epoch 25/30: Val R²=0.1043 Train R²=0.3625 Gap=0.2581 ✓
[2025-10-28 18:08:43]     Epoch 26/30: Val R²=0.1053 Train R²=0.3621 Gap=0.2568 ✓
[2025-10-28 18:08:47]     Epoch 27/30: Val R²=0.1079 Train R²=0.3664 Gap=0.2585 ✓
[2025-10-28 18:08:51]     Epoch 28/30: Val R²=0.1040 Train R²=0.3665 Gap=0.2625  
[2025-10-28 18:08:56]     Epoch 29/30: Val R²=0.1106 Train R²=0.3683 Gap=0.2577 ✓
[2025-10-28 18:09:00]     Epoch 30/30: Val R²=0.1140 Train R²=0.3723 Gap=0.2583 ✓
[2025-10-28 18:09:00] 
======================================================================
[2025-10-28 18:09:00] Config 52/1000 Complete:
[2025-10-28 18:09:00]   Best Val R²: 0.114028 (epoch 30)
[2025-10-28 18:09:00]   Best Global R²: 0.166443
[2025-10-28 18:09:00]   Overfitting Gap: 0.258267
[2025-10-28 18:09:00]   Parameters: 161,696
[2025-10-28 18:09:00]   Training Time: 134.4s
[2025-10-28 18:09:00]   Not better than global best (0.166443)
[2025-10-28 18:09:00]   Results saved to models/test_bruteforce_search_results.csv
[2025-10-28 18:09:00] 
======================================================================
[2025-10-28 18:09:00] Config 53/1000 - Starting Training:
[2025-10-28 18:09:00]   Architecture:
[2025-10-28 18:09:00]     Lookback: 30, Hidden: 128, Layers: 1, Dropout: 0.1
[2025-10-28 18:09:00]     Bidirectional: True, GRU: True
[2025-10-28 18:09:00]   Output Head:
[2025-10-28 18:09:00]     FC Layers: 2, FC Hidden: 128, Activation: gelu
[2025-10-28 18:09:00]     FC Dropout: 0.2, Batch Norm: True
[2025-10-28 18:09:00]   Training:
[2025-10-28 18:09:00]     Batch Size: 128, LR: 0.0005, Weight Decay: 0.0
[2025-10-28 18:09:00]     Optimizer: adamw, Grad Clip: 0.5, LR Patience: 3
[2025-10-28 18:09:05]     Epoch  1/30: Val R²=0.0307 Train R²=0.2231 Gap=0.1924 ✓
[2025-10-28 18:09:09]     Epoch  2/30: Val R²=0.0380 Train R²=0.3138 Gap=0.2758 ✓
[2025-10-28 18:09:14]     Epoch  3/30: Val R²=0.0563 Train R²=0.3298 Gap=0.2735 ✓
[2025-10-28 18:09:18]     Epoch  4/30: Val R²=0.0745 Train R²=0.3409 Gap=0.2665 ✓
[2025-10-28 18:09:23]     Epoch  5/30: Val R²=0.0598 Train R²=0.3449 Gap=0.2851  
[2025-10-28 18:09:28]     Epoch  6/30: Val R²=0.0788 Train R²=0.3551 Gap=0.2762 ✓
[2025-10-28 18:09:32]     Epoch  7/30: Val R²=0.1045 Train R²=0.3613 Gap=0.2569 ✓
[2025-10-28 18:09:37]     Epoch  8/30: Val R²=0.0806 Train R²=0.3660 Gap=0.2854  
[2025-10-28 18:09:41]     Epoch  9/30: Val R²=0.1002 Train R²=0.3690 Gap=0.2687  
[2025-10-28 18:09:46]     Epoch 10/30: Val R²=0.1157 Train R²=0.3730 Gap=0.2573 ✓
[2025-10-28 18:09:50]     Epoch 11/30: Val R²=0.1210 Train R²=0.3746 Gap=0.2536 ✓
[2025-10-28 18:09:54]     Epoch 12/30: Val R²=0.1146 Train R²=0.3778 Gap=0.2631  
[2025-10-28 18:09:59]     Epoch 13/30: Val R²=0.1260 Train R²=0.3822 Gap=0.2562 ✓
[2025-10-28 18:10:03]     Epoch 14/30: Val R²=0.1321 Train R²=0.3856 Gap=0.2535 ✓
[2025-10-28 18:10:08]     Epoch 15/30: Val R²=0.1308 Train R²=0.3890 Gap=0.2582  
[2025-10-28 18:10:12]     Epoch 16/30: Val R²=0.1200 Train R²=0.3896 Gap=0.2696  
[2025-10-28 18:10:16]     Epoch 17/30: Val R²=0.1330 Train R²=0.3926 Gap=0.2596 ✓
[2025-10-28 18:10:21]     Epoch 18/30: Val R²=0.1282 Train R²=0.3928 Gap=0.2646  
[2025-10-28 18:10:25]     Epoch 19/30: Val R²=0.1435 Train R²=0.3977 Gap=0.2542 ✓
[2025-10-28 18:10:30]     Epoch 20/30: Val R²=0.1458 Train R²=0.3997 Gap=0.2540 ✓
[2025-10-28 18:10:34]     Epoch 21/30: Val R²=0.1369 Train R²=0.4042 Gap=0.2673  
[2025-10-28 18:10:38]     Epoch 22/30: Val R²=0.1284 Train R²=0.4056 Gap=0.2772  
[2025-10-28 18:10:43]     Epoch 23/30: Val R²=0.1444 Train R²=0.4088 Gap=0.2645  
[2025-10-28 18:10:43]     Early stopped at epoch 23
[2025-10-28 18:10:43] 
======================================================================
[2025-10-28 18:10:43] Config 53/1000 Complete:
[2025-10-28 18:10:43]   Best Val R²: 0.145753 (epoch 20)
[2025-10-28 18:10:43]   Best Global R²: 0.166443
[2025-10-28 18:10:43]   Overfitting Gap: 0.253973
[2025-10-28 18:10:43]   Parameters: 161,696
[2025-10-28 18:10:43]   Training Time: 102.4s
[2025-10-28 18:10:43]   Not better than global best (0.166443)
[2025-10-28 18:10:43]   Results saved to models/test_bruteforce_search_results.csv
[2025-10-28 18:10:43] 
======================================================================
[2025-10-28 18:10:43] Config 54/1000 - Starting Training:
[2025-10-28 18:10:43]   Architecture:
[2025-10-28 18:10:43]     Lookback: 30, Hidden: 128, Layers: 1, Dropout: 0.1
[2025-10-28 18:10:43]     Bidirectional: True, GRU: True
[2025-10-28 18:10:43]   Output Head:
[2025-10-28 18:10:43]     FC Layers: 2, FC Hidden: 128, Activation: gelu
[2025-10-28 18:10:43]     FC Dropout: 0.2, Batch Norm: True
[2025-10-28 18:10:43]   Training:
[2025-10-28 18:10:43]     Batch Size: 128, LR: 0.0005, Weight Decay: 0.0
[2025-10-28 18:10:43]     Optimizer: adamw, Grad Clip: 1.0, LR Patience: 3
[2025-10-28 18:10:47]     Epoch  1/30: Val R²=0.0306 Train R²=0.2116 Gap=0.1809 ✓
[2025-10-28 18:10:52]     Epoch  2/30: Val R²=0.0457 Train R²=0.3098 Gap=0.2642 ✓
[2025-10-28 18:10:57]     Epoch  3/30: Val R²=0.0583 Train R²=0.3265 Gap=0.2682 ✓
[2025-10-28 18:11:01]     Epoch  4/30: Val R²=0.0841 Train R²=0.3369 Gap=0.2527 ✓
[2025-10-28 18:11:06]     Epoch  5/30: Val R²=0.0798 Train R²=0.3449 Gap=0.2650  
[2025-10-28 18:11:11]     Epoch  6/30: Val R²=0.0824 Train R²=0.3500 Gap=0.2676  
[2025-10-28 18:11:15]     Epoch  7/30: Val R²=0.0924 Train R²=0.3582 Gap=0.2658 ✓
[2025-10-28 18:11:19]     Epoch  8/30: Val R²=0.1013 Train R²=0.3612 Gap=0.2599 ✓
[2025-10-28 18:11:24]     Epoch  9/30: Val R²=0.1068 Train R²=0.3691 Gap=0.2623 ✓
[2025-10-28 18:11:28]     Epoch 10/30: Val R²=0.1182 Train R²=0.3690 Gap=0.2508 ✓
[2025-10-28 18:11:32]     Epoch 11/30: Val R²=0.1203 Train R²=0.3736 Gap=0.2533 ✓
[2025-10-28 18:11:37]     Epoch 12/30: Val R²=0.1282 Train R²=0.3756 Gap=0.2474 ✓
[2025-10-28 18:11:42]     Epoch 13/30: Val R²=0.1413 Train R²=0.3823 Gap=0.2410 ✓
[2025-10-28 18:11:46]     Epoch 14/30: Val R²=0.1488 Train R²=0.3837 Gap=0.2349 ✓
[2025-10-28 18:11:51]     Epoch 15/30: Val R²=0.1594 Train R²=0.3823 Gap=0.2229 ✓
[2025-10-28 18:11:55]     Epoch 16/30: Val R²=0.1599 Train R²=0.3900 Gap=0.2301 ✓
[2025-10-28 18:11:59]     Epoch 17/30: Val R²=0.1582 Train R²=0.3904 Gap=0.2322  
[2025-10-28 18:12:04]     Epoch 18/30: Val R²=0.1630 Train R²=0.3936 Gap=0.2306 ✓
[2025-10-28 18:12:08]     Epoch 19/30: Val R²=0.1650 Train R²=0.3966 Gap=0.2316 ✓
[2025-10-28 18:12:12]     Epoch 20/30: Val R²=0.1543 Train R²=0.4002 Gap=0.2458  
[2025-10-28 18:12:17]     Epoch 21/30: Val R²=0.1693 Train R²=0.4003 Gap=0.2310 ✓
[2025-10-28 18:12:21]     Epoch 22/30: Val R²=0.1696 Train R²=0.4032 Gap=0.2336 ✓
[2025-10-28 18:12:26]     Epoch 23/30: Val R²=0.1782 Train R²=0.4103 Gap=0.2321 ✓
[2025-10-28 18:12:30]     Epoch 24/30: Val R²=0.1668 Train R²=0.4114 Gap=0.2446  
[2025-10-28 18:12:34]     Epoch 25/30: Val R²=0.1764 Train R²=0.4126 Gap=0.2362  
[2025-10-28 18:12:39]     Epoch 26/30: Val R²=0.1705 Train R²=0.4171 Gap=0.2466  
[2025-10-28 18:12:39]     Early stopped at epoch 26
[2025-10-28 18:12:39] 
======================================================================
[2025-10-28 18:12:39] Config 54/1000 Complete:
[2025-10-28 18:12:39]   Best Val R²: 0.178249 (epoch 23)
[2025-10-28 18:12:39]   Best Global R²: 0.166443
[2025-10-28 18:12:39]   Overfitting Gap: 0.232081
[2025-10-28 18:12:39]   Parameters: 161,696
[2025-10-28 18:12:39]   Training Time: 115.9s
[2025-10-28 18:12:39] 
🎉🎉🎉 NEW GLOBAL BEST! R² improved from 0.166443 to 0.178249
[2025-10-28 18:12:39] 
======================================================================
[2025-10-28 18:12:39] 🏆 CREATING SUBMISSION - NEW BEST MODEL!
[2025-10-28 18:12:39] ======================================================================
[2025-10-28 18:12:39]   Val R²: 0.178249
[2025-10-28 18:12:39]   Directory: ../submissions/bruteforce_r2_01782_20251028_170012_cfg54
[2025-10-28 18:12:39]   Saved model: model_best.pt
[2025-10-28 18:12:39]   Generated: solution.py
[2025-10-28 18:12:39]   Copied: utils.py
[2025-10-28 18:12:39]   Saved: metadata.json
[2025-10-28 18:12:39] ======================================================================

[2025-10-28 18:12:39]   Results saved to models/test_bruteforce_search_results.csv
[2025-10-28 18:12:39] 
======================================================================
[2025-10-28 18:12:39] Config 55/1000 - Starting Training:
[2025-10-28 18:12:39]   Architecture:
[2025-10-28 18:12:39]     Lookback: 30, Hidden: 128, Layers: 1, Dropout: 0.1
[2025-10-28 18:12:39]     Bidirectional: True, GRU: True
[2025-10-28 18:12:39]   Output Head:
[2025-10-28 18:12:39]     FC Layers: 2, FC Hidden: 128, Activation: gelu
[2025-10-28 18:12:39]     FC Dropout: 0.2, Batch Norm: True
[2025-10-28 18:12:39]   Training:
[2025-10-28 18:12:39]     Batch Size: 128, LR: 0.0005, Weight Decay: 0.0001
[2025-10-28 18:12:39]     Optimizer: adamw, Grad Clip: 0.5, LR Patience: 3
[2025-10-28 18:12:43]     Epoch  1/30: Val R²=0.0162 Train R²=0.2252 Gap=0.2090 ✓
[2025-10-28 18:12:48]     Epoch  2/30: Val R²=0.0640 Train R²=0.3093 Gap=0.2453 ✓
[2025-10-28 18:12:52]     Epoch  3/30: Val R²=0.0693 Train R²=0.3270 Gap=0.2577 ✓
[2025-10-28 18:12:57]     Epoch  4/30: Val R²=0.0806 Train R²=0.3367 Gap=0.2561 ✓
[2025-10-28 18:13:01]     Epoch  5/30: Val R²=0.0827 Train R²=0.3493 Gap=0.2666 ✓
[2025-10-28 18:13:06]     Epoch  6/30: Val R²=0.0895 Train R²=0.3550 Gap=0.2655 ✓
[2025-10-28 18:13:10]     Epoch  7/30: Val R²=0.1012 Train R²=0.3594 Gap=0.2582 ✓
[2025-10-28 18:13:15]     Epoch  8/30: Val R²=0.1139 Train R²=0.3630 Gap=0.2491 ✓
[2025-10-28 18:13:19]     Epoch  9/30: Val R²=0.1101 Train R²=0.3680 Gap=0.2579  
[2025-10-28 18:13:24]     Epoch 10/30: Val R²=0.1218 Train R²=0.3732 Gap=0.2514 ✓
[2025-10-28 18:13:28]     Epoch 11/30: Val R²=0.1113 Train R²=0.3757 Gap=0.2645  
[2025-10-28 18:13:32]     Epoch 12/30: Val R²=0.1300 Train R²=0.3770 Gap=0.2469 ✓
[2025-10-28 18:13:37]     Epoch 13/30: Val R²=0.1329 Train R²=0.3840 Gap=0.2512 ✓
[2025-10-28 18:13:41]     Epoch 14/30: Val R²=0.1421 Train R²=0.3861 Gap=0.2440 ✓
[2025-10-28 18:13:46]     Epoch 15/30: Val R²=0.1572 Train R²=0.3876 Gap=0.2305 ✓
[2025-10-28 18:13:50]     Epoch 16/30: Val R²=0.1439 Train R²=0.3873 Gap=0.2434  
[2025-10-28 18:13:55]     Epoch 17/30: Val R²=0.1553 Train R²=0.3952 Gap=0.2399  
[2025-10-28 18:13:59]     Epoch 18/30: Val R²=0.1298 Train R²=0.3972 Gap=0.2675  
[2025-10-28 18:13:59]     Early stopped at epoch 18
[2025-10-28 18:13:59] 
======================================================================
[2025-10-28 18:13:59] Config 55/1000 Complete:
[2025-10-28 18:13:59]   Best Val R²: 0.157177 (epoch 15)
[2025-10-28 18:13:59]   Best Global R²: 0.178249
[2025-10-28 18:13:59]   Overfitting Gap: 0.230452
[2025-10-28 18:13:59]   Parameters: 161,696
[2025-10-28 18:13:59]   Training Time: 80.4s
[2025-10-28 18:13:59]   Not better than global best (0.178249)
[2025-10-28 18:13:59]   Results saved to models/test_bruteforce_search_results.csv
[2025-10-28 18:13:59] 
======================================================================
[2025-10-28 18:13:59] Config 56/1000 - Starting Training:
[2025-10-28 18:13:59]   Architecture:
[2025-10-28 18:13:59]     Lookback: 30, Hidden: 128, Layers: 1, Dropout: 0.1
[2025-10-28 18:13:59]     Bidirectional: True, GRU: True
[2025-10-28 18:13:59]   Output Head:
[2025-10-28 18:13:59]     FC Layers: 2, FC Hidden: 128, Activation: gelu
[2025-10-28 18:13:59]     FC Dropout: 0.2, Batch Norm: True
[2025-10-28 18:13:59]   Training:
[2025-10-28 18:13:59]     Batch Size: 128, LR: 0.0005, Weight Decay: 0.0001
[2025-10-28 18:13:59]     Optimizer: adamw, Grad Clip: 1.0, LR Patience: 3
[2025-10-28 18:14:04]     Epoch  1/30: Val R²=0.0222 Train R²=0.2177 Gap=0.1954 ✓
[2025-10-28 18:14:08]     Epoch  2/30: Val R²=0.0433 Train R²=0.3073 Gap=0.2640 ✓
[2025-10-28 18:14:12]     Epoch  3/30: Val R²=0.0558 Train R²=0.3232 Gap=0.2675 ✓
[2025-10-28 18:14:17]     Epoch  4/30: Val R²=0.0705 Train R²=0.3378 Gap=0.2673 ✓
[2025-10-28 18:14:21]     Epoch  5/30: Val R²=0.0785 Train R²=0.3468 Gap=0.2683 ✓
[2025-10-28 18:14:26]     Epoch  6/30: Val R²=0.0887 Train R²=0.3531 Gap=0.2643 ✓
[2025-10-28 18:14:30]     Epoch  7/30: Val R²=0.0901 Train R²=0.3573 Gap=0.2672 ✓
[2025-10-28 18:14:35]     Epoch  8/30: Val R²=0.0933 Train R²=0.3630 Gap=0.2698 ✓
[2025-10-28 18:14:39]     Epoch  9/30: Val R²=0.0861 Train R²=0.3655 Gap=0.2794  
[2025-10-28 18:14:44]     Epoch 10/30: Val R²=0.0989 Train R²=0.3691 Gap=0.2702 ✓
[2025-10-28 18:14:48]     Epoch 11/30: Val R²=0.1072 Train R²=0.3739 Gap=0.2667 ✓
[2025-10-28 18:14:52]     Epoch 12/30: Val R²=0.1048 Train R²=0.3751 Gap=0.2703  
[2025-10-28 18:14:57]     Epoch 13/30: Val R²=0.1238 Train R²=0.3786 Gap=0.2548 ✓
[2025-10-28 18:15:01]     Epoch 14/30: Val R²=0.1262 Train R²=0.3824 Gap=0.2562 ✓
[2025-10-28 18:15:06]     Epoch 15/30: Val R²=0.1325 Train R²=0.3836 Gap=0.2511 ✓
[2025-10-28 18:15:10]     Epoch 16/30: Val R²=0.1344 Train R²=0.3875 Gap=0.2531 ✓
[2025-10-28 18:15:14]     Epoch 17/30: Val R²=0.1330 Train R²=0.3900 Gap=0.2569  
[2025-10-28 18:15:19]     Epoch 18/30: Val R²=0.1489 Train R²=0.3928 Gap=0.2439 ✓
[2025-10-28 18:15:23]     Epoch 19/30: Val R²=0.1436 Train R²=0.3934 Gap=0.2498  
[2025-10-28 18:15:28]     Epoch 20/30: Val R²=0.1334 Train R²=0.3989 Gap=0.2655  
[2025-10-28 18:15:32]     Epoch 21/30: Val R²=0.1481 Train R²=0.3980 Gap=0.2499  
[2025-10-28 18:15:32]     Early stopped at epoch 21
[2025-10-28 18:15:32] 
======================================================================
[2025-10-28 18:15:32] Config 56/1000 Complete:
[2025-10-28 18:15:32]   Best Val R²: 0.148917 (epoch 18)
[2025-10-28 18:15:32]   Best Global R²: 0.178249
[2025-10-28 18:15:32]   Overfitting Gap: 0.243927
[2025-10-28 18:15:32]   Parameters: 161,696
[2025-10-28 18:15:32]   Training Time: 92.9s
[2025-10-28 18:15:32]   Not better than global best (0.178249)
[2025-10-28 18:15:32]   Results saved to models/test_bruteforce_search_results.csv
[2025-10-28 18:15:32] 
======================================================================
[2025-10-28 18:15:32] Config 57/1000 - Starting Training:
[2025-10-28 18:15:32]   Architecture:
[2025-10-28 18:15:32]     Lookback: 30, Hidden: 128, Layers: 1, Dropout: 0.1
[2025-10-28 18:15:32]     Bidirectional: True, GRU: True
[2025-10-28 18:15:32]   Output Head:
[2025-10-28 18:15:32]     FC Layers: 2, FC Hidden: 128, Activation: gelu
[2025-10-28 18:15:32]     FC Dropout: 0.2, Batch Norm: True
[2025-10-28 18:15:32]   Training:
[2025-10-28 18:15:32]     Batch Size: 256, LR: 0.0001, Weight Decay: 0.0
[2025-10-28 18:15:32]     Optimizer: adamw, Grad Clip: 0.5, LR Patience: 3
[2025-10-28 18:15:34]     Epoch  1/30: Val R²=-0.0212 Train R²=-0.0260 Gap=-0.0048 ✓
[2025-10-28 18:15:37]     Epoch  2/30: Val R²=-0.0151 Train R²=0.1943 Gap=0.2094 ✓
[2025-10-28 18:15:39]     Epoch  3/30: Val R²=0.0061 Train R²=0.2581 Gap=0.2520 ✓
[2025-10-28 18:15:42]     Epoch  4/30: Val R²=0.0272 Train R²=0.2814 Gap=0.2543 ✓
[2025-10-28 18:15:44]     Epoch  5/30: Val R²=0.0353 Train R²=0.2926 Gap=0.2572 ✓
[2025-10-28 18:15:47]     Epoch  6/30: Val R²=0.0472 Train R²=0.2995 Gap=0.2522 ✓
[2025-10-28 18:15:49]     Epoch  7/30: Val R²=0.0480 Train R²=0.3075 Gap=0.2595 ✓
[2025-10-28 18:15:51]     Epoch  8/30: Val R²=0.0555 Train R²=0.3125 Gap=0.2570 ✓
[2025-10-28 18:15:54]     Epoch  9/30: Val R²=0.0570 Train R²=0.3152 Gap=0.2582 ✓
[2025-10-28 18:15:57]     Epoch 10/30: Val R²=0.0606 Train R²=0.3180 Gap=0.2575 ✓
[2025-10-28 18:15:59]     Epoch 11/30: Val R²=0.0692 Train R²=0.3221 Gap=0.2528 ✓
[2025-10-28 18:16:02]     Epoch 12/30: Val R²=0.0673 Train R²=0.3243 Gap=0.2570  
[2025-10-28 18:16:05]     Epoch 13/30: Val R²=0.0671 Train R²=0.3273 Gap=0.2602  
[2025-10-28 18:16:07]     Epoch 14/30: Val R²=0.0694 Train R²=0.3322 Gap=0.2628 ✓
[2025-10-28 18:16:09]     Epoch 15/30: Val R²=0.0764 Train R²=0.3328 Gap=0.2564 ✓
[2025-10-28 18:16:12]     Epoch 16/30: Val R²=0.0757 Train R²=0.3364 Gap=0.2607  
[2025-10-28 18:16:14]     Epoch 17/30: Val R²=0.0755 Train R²=0.3370 Gap=0.2615  
[2025-10-28 18:16:17]     Epoch 18/30: Val R²=0.0845 Train R²=0.3391 Gap=0.2546 ✓
[2025-10-28 18:16:19]     Epoch 19/30: Val R²=0.0844 Train R²=0.3427 Gap=0.2583  
[2025-10-28 18:16:22]     Epoch 20/30: Val R²=0.0877 Train R²=0.3435 Gap=0.2559 ✓
[2025-10-28 18:16:24]     Epoch 21/30: Val R²=0.0834 Train R²=0.3469 Gap=0.2635  
[2025-10-28 18:16:27]     Epoch 22/30: Val R²=0.0861 Train R²=0.3483 Gap=0.2622  
[2025-10-28 18:16:29]     Epoch 23/30: Val R²=0.0927 Train R²=0.3506 Gap=0.2579 ✓
[2025-10-28 18:16:32]     Epoch 24/30: Val R²=0.0887 Train R²=0.3512 Gap=0.2625  
[2025-10-28 18:16:34]     Epoch 25/30: Val R²=0.0924 Train R²=0.3533 Gap=0.2609  
[2025-10-28 18:16:37]     Epoch 26/30: Val R²=0.0924 Train R²=0.3546 Gap=0.2622  
[2025-10-28 18:16:37]     Early stopped at epoch 26
[2025-10-28 18:16:37] 
======================================================================
[2025-10-28 18:16:37] Config 57/1000 Complete:
[2025-10-28 18:16:37]   Best Val R²: 0.092689 (epoch 23)
[2025-10-28 18:16:37]   Best Global R²: 0.178249
[2025-10-28 18:16:37]   Overfitting Gap: 0.257925
[2025-10-28 18:16:37]   Parameters: 161,696
[2025-10-28 18:16:37]   Training Time: 64.5s
[2025-10-28 18:16:37]   Not better than global best (0.178249)
[2025-10-28 18:16:37]   Results saved to models/test_bruteforce_search_results.csv
[2025-10-28 18:16:37] 
======================================================================
[2025-10-28 18:16:37] Config 58/1000 - Starting Training:
[2025-10-28 18:16:37]   Architecture:
[2025-10-28 18:16:37]     Lookback: 30, Hidden: 128, Layers: 1, Dropout: 0.1
[2025-10-28 18:16:37]     Bidirectional: True, GRU: True
[2025-10-28 18:16:37]   Output Head:
[2025-10-28 18:16:37]     FC Layers: 2, FC Hidden: 128, Activation: gelu
[2025-10-28 18:16:37]     FC Dropout: 0.2, Batch Norm: True
[2025-10-28 18:16:37]   Training:
[2025-10-28 18:16:37]     Batch Size: 256, LR: 0.0001, Weight Decay: 0.0
[2025-10-28 18:16:37]     Optimizer: adamw, Grad Clip: 1.0, LR Patience: 3
[2025-10-28 18:16:39]     Epoch  1/30: Val R²=-0.0213 Train R²=-0.0077 Gap=0.0136 ✓
[2025-10-28 18:16:42]     Epoch  2/30: Val R²=-0.0066 Train R²=0.1851 Gap=0.1917 ✓
[2025-10-28 18:16:44]     Epoch  3/30: Val R²=0.0128 Train R²=0.2424 Gap=0.2296 ✓
[2025-10-28 18:16:47]     Epoch  4/30: Val R²=0.0256 Train R²=0.2686 Gap=0.2430 ✓
[2025-10-28 18:16:49]     Epoch  5/30: Val R²=0.0370 Train R²=0.2823 Gap=0.2453 ✓
[2025-10-28 18:16:52]     Epoch  6/30: Val R²=0.0415 Train R²=0.2927 Gap=0.2512 ✓
[2025-10-28 18:16:54]     Epoch  7/30: Val R²=0.0444 Train R²=0.2995 Gap=0.2551 ✓
[2025-10-28 18:16:57]     Epoch  8/30: Val R²=0.0507 Train R²=0.3034 Gap=0.2527 ✓
[2025-10-28 18:16:59]     Epoch  9/30: Val R²=0.0564 Train R²=0.3086 Gap=0.2521 ✓
[2025-10-28 18:17:02]     Epoch 10/30: Val R²=0.0585 Train R²=0.3132 Gap=0.2547 ✓
[2025-10-28 18:17:05]     Epoch 11/30: Val R²=0.0589 Train R²=0.3154 Gap=0.2565 ✓
[2025-10-28 18:17:07]     Epoch 12/30: Val R²=0.0615 Train R²=0.3190 Gap=0.2575 ✓
[2025-10-28 18:17:09]     Epoch 13/30: Val R²=0.0693 Train R²=0.3212 Gap=0.2519 ✓
[2025-10-28 18:17:12]     Epoch 14/30: Val R²=0.0704 Train R²=0.3241 Gap=0.2536 ✓
[2025-10-28 18:17:14]     Epoch 15/30: Val R²=0.0701 Train R²=0.3277 Gap=0.2576  
[2025-10-28 18:17:17]     Epoch 16/30: Val R²=0.0738 Train R²=0.3292 Gap=0.2554 ✓
[2025-10-28 18:17:19]     Epoch 17/30: Val R²=0.0730 Train R²=0.3311 Gap=0.2581  
[2025-10-28 18:17:22]     Epoch 18/30: Val R²=0.0757 Train R²=0.3348 Gap=0.2591 ✓
[2025-10-28 18:17:24]     Epoch 19/30: Val R²=0.0800 Train R²=0.3375 Gap=0.2575 ✓
[2025-10-28 18:17:26]     Epoch 20/30: Val R²=0.0811 Train R²=0.3382 Gap=0.2570 ✓
[2025-10-28 18:17:29]     Epoch 21/30: Val R²=0.0810 Train R²=0.3410 Gap=0.2600  
[2025-10-28 18:17:31]     Epoch 22/30: Val R²=0.0842 Train R²=0.3442 Gap=0.2601 ✓
[2025-10-28 18:17:34]     Epoch 23/30: Val R²=0.0869 Train R²=0.3469 Gap=0.2600 ✓
[2025-10-28 18:17:36]     Epoch 24/30: Val R²=0.0828 Train R²=0.3443 Gap=0.2616  
[2025-10-28 18:17:39]     Epoch 25/30: Val R²=0.0861 Train R²=0.3469 Gap=0.2608  
[2025-10-28 18:17:41]     Epoch 26/30: Val R²=0.0910 Train R²=0.3493 Gap=0.2583 ✓
[2025-10-28 18:17:43]     Epoch 27/30: Val R²=0.0927 Train R²=0.3520 Gap=0.2593 ✓
[2025-10-28 18:17:46]     Epoch 28/30: Val R²=0.0881 Train R²=0.3518 Gap=0.2637  
[2025-10-28 18:17:48]     Epoch 29/30: Val R²=0.0944 Train R²=0.3560 Gap=0.2616 ✓
[2025-10-28 18:17:51]     Epoch 30/30: Val R²=0.0955 Train R²=0.3566 Gap=0.2611 ✓
[2025-10-28 18:17:51] 
======================================================================
[2025-10-28 18:17:51] Config 58/1000 Complete:
[2025-10-28 18:17:51]   Best Val R²: 0.095457 (epoch 30)
[2025-10-28 18:17:51]   Best Global R²: 0.178249
[2025-10-28 18:17:51]   Overfitting Gap: 0.261102
[2025-10-28 18:17:51]   Parameters: 161,696
[2025-10-28 18:17:51]   Training Time: 73.9s
[2025-10-28 18:17:51]   Not better than global best (0.178249)
[2025-10-28 18:17:51]   Results saved to models/test_bruteforce_search_results.csv
[2025-10-28 18:17:51] 
======================================================================
[2025-10-28 18:17:51] Config 59/1000 - Starting Training:
[2025-10-28 18:17:51]   Architecture:
[2025-10-28 18:17:51]     Lookback: 30, Hidden: 128, Layers: 1, Dropout: 0.1
[2025-10-28 18:17:51]     Bidirectional: True, GRU: True
[2025-10-28 18:17:51]   Output Head:
[2025-10-28 18:17:51]     FC Layers: 2, FC Hidden: 128, Activation: gelu
[2025-10-28 18:17:51]     FC Dropout: 0.2, Batch Norm: True
[2025-10-28 18:17:51]   Training:
[2025-10-28 18:17:51]     Batch Size: 256, LR: 0.0001, Weight Decay: 0.0001
[2025-10-28 18:17:51]     Optimizer: adamw, Grad Clip: 0.5, LR Patience: 3
[2025-10-28 18:17:53]     Epoch  1/30: Val R²=-0.0252 Train R²=-0.0183 Gap=0.0069 ✓
[2025-10-28 18:17:55]     Epoch  2/30: Val R²=-0.0109 Train R²=0.1835 Gap=0.1944 ✓
[2025-10-28 18:17:58]     Epoch  3/30: Val R²=0.0096 Train R²=0.2439 Gap=0.2343 ✓
[2025-10-28 18:18:00]     Epoch  4/30: Val R²=0.0286 Train R²=0.2728 Gap=0.2442 ✓
[2025-10-28 18:18:03]     Epoch  5/30: Val R²=0.0337 Train R²=0.2845 Gap=0.2508 ✓
[2025-10-28 18:18:05]     Epoch  6/30: Val R²=0.0410 Train R²=0.2950 Gap=0.2539 ✓
[2025-10-28 18:18:07]     Epoch  7/30: Val R²=0.0456 Train R²=0.3017 Gap=0.2561 ✓
[2025-10-28 18:18:10]     Epoch  8/30: Val R²=0.0497 Train R²=0.3077 Gap=0.2580 ✓
[2025-10-28 18:18:12]     Epoch  9/30: Val R²=0.0575 Train R²=0.3089 Gap=0.2514 ✓
[2025-10-28 18:18:15]     Epoch 10/30: Val R²=0.0573 Train R²=0.3128 Gap=0.2555  
[2025-10-28 18:18:17]     Epoch 11/30: Val R²=0.0630 Train R²=0.3173 Gap=0.2543 ✓
[2025-10-28 18:18:19]     Epoch 12/30: Val R²=0.0607 Train R²=0.3219 Gap=0.2612  
[2025-10-28 18:18:22]     Epoch 13/30: Val R²=0.0704 Train R²=0.3250 Gap=0.2546 ✓
[2025-10-28 18:18:24]     Epoch 14/30: Val R²=0.0690 Train R²=0.3298 Gap=0.2608  
[2025-10-28 18:18:26]     Epoch 15/30: Val R²=0.0731 Train R²=0.3306 Gap=0.2576 ✓
[2025-10-28 18:18:29]     Epoch 16/30: Val R²=0.0777 Train R²=0.3314 Gap=0.2537 ✓
[2025-10-28 18:18:31]     Epoch 17/30: Val R²=0.0770 Train R²=0.3344 Gap=0.2573  
[2025-10-28 18:18:34]     Epoch 18/30: Val R²=0.0770 Train R²=0.3379 Gap=0.2609  
[2025-10-28 18:18:36]     Epoch 19/30: Val R²=0.0771 Train R²=0.3408 Gap=0.2636  
[2025-10-28 18:18:36]     Early stopped at epoch 19
[2025-10-28 18:18:36] 
======================================================================
[2025-10-28 18:18:36] Config 59/1000 Complete:
[2025-10-28 18:18:36]   Best Val R²: 0.077731 (epoch 16)
[2025-10-28 18:18:36]   Best Global R²: 0.178249
[2025-10-28 18:18:36]   Overfitting Gap: 0.253695
[2025-10-28 18:18:36]   Parameters: 161,696
[2025-10-28 18:18:36]   Training Time: 45.4s
[2025-10-28 18:18:36]   Not better than global best (0.178249)
[2025-10-28 18:18:36]   Results saved to models/test_bruteforce_search_results.csv
[2025-10-28 18:18:36] 
======================================================================
[2025-10-28 18:18:36] Config 60/1000 - Starting Training:
[2025-10-28 18:18:36]   Architecture:
[2025-10-28 18:18:36]     Lookback: 30, Hidden: 128, Layers: 1, Dropout: 0.1
[2025-10-28 18:18:36]     Bidirectional: True, GRU: True
[2025-10-28 18:18:36]   Output Head:
[2025-10-28 18:18:36]     FC Layers: 2, FC Hidden: 128, Activation: gelu
[2025-10-28 18:18:36]     FC Dropout: 0.2, Batch Norm: True
[2025-10-28 18:18:36]   Training:
[2025-10-28 18:18:36]     Batch Size: 256, LR: 0.0001, Weight Decay: 0.0001
[2025-10-28 18:18:36]     Optimizer: adamw, Grad Clip: 1.0, LR Patience: 3
[2025-10-28 18:18:38]     Epoch  1/30: Val R²=-0.0225 Train R²=-0.0181 Gap=0.0045 ✓
[2025-10-28 18:18:41]     Epoch  2/30: Val R²=-0.0361 Train R²=0.1825 Gap=0.2186  
[2025-10-28 18:18:43]     Epoch  3/30: Val R²=-0.0107 Train R²=0.2431 Gap=0.2538 ✓
[2025-10-28 18:18:45]     Epoch  4/30: Val R²=0.0120 Train R²=0.2694 Gap=0.2574 ✓
[2025-10-28 18:18:48]     Epoch  5/30: Val R²=0.0253 Train R²=0.2861 Gap=0.2608 ✓
[2025-10-28 18:18:50]     Epoch  6/30: Val R²=0.0307 Train R²=0.2948 Gap=0.2641 ✓
[2025-10-28 18:18:53]     Epoch  7/30: Val R²=0.0402 Train R²=0.3023 Gap=0.2621 ✓
[2025-10-28 18:18:55]     Epoch  8/30: Val R²=0.0433 Train R²=0.3063 Gap=0.2630 ✓
[2025-10-28 18:18:58]     Epoch  9/30: Val R²=0.0507 Train R²=0.3120 Gap=0.2612 ✓
[2025-10-28 18:19:00]     Epoch 10/30: Val R²=0.0508 Train R²=0.3175 Gap=0.2668 ✓
[2025-10-28 18:19:02]     Epoch 11/30: Val R²=0.0536 Train R²=0.3196 Gap=0.2660 ✓
[2025-10-28 18:19:05]     Epoch 12/30: Val R²=0.0577 Train R²=0.3236 Gap=0.2659 ✓
[2025-10-28 18:19:07]     Epoch 13/30: Val R²=0.0590 Train R²=0.3279 Gap=0.2690 ✓
[2025-10-28 18:19:10]     Epoch 14/30: Val R²=0.0638 Train R²=0.3278 Gap=0.2640 ✓
[2025-10-28 18:19:12]     Epoch 15/30: Val R²=0.0643 Train R²=0.3312 Gap=0.2669 ✓
[2025-10-28 18:19:14]     Epoch 16/30: Val R²=0.0698 Train R²=0.3355 Gap=0.2658 ✓
[2025-10-28 18:19:17]     Epoch 17/30: Val R²=0.0655 Train R²=0.3373 Gap=0.2719  
[2025-10-28 18:19:19]     Epoch 18/30: Val R²=0.0734 Train R²=0.3409 Gap=0.2674 ✓
[2025-10-28 18:19:22]     Epoch 19/30: Val R²=0.0723 Train R²=0.3421 Gap=0.2699  
[2025-10-28 18:19:24]     Epoch 20/30: Val R²=0.0784 Train R²=0.3432 Gap=0.2648 ✓
[2025-10-28 18:19:27]     Epoch 21/30: Val R²=0.0760 Train R²=0.3452 Gap=0.2692  
[2025-10-28 18:19:29]     Epoch 22/30: Val R²=0.0758 Train R²=0.3469 Gap=0.2711  
[2025-10-28 18:19:31]     Epoch 23/30: Val R²=0.0797 Train R²=0.3506 Gap=0.2709 ✓
[2025-10-28 18:19:34]     Epoch 24/30: Val R²=0.0808 Train R²=0.3522 Gap=0.2714 ✓
[2025-10-28 18:19:36]     Epoch 25/30: Val R²=0.0816 Train R²=0.3549 Gap=0.2733 ✓
[2025-10-28 18:19:39]     Epoch 26/30: Val R²=0.0834 Train R²=0.3549 Gap=0.2715 ✓
[2025-10-28 18:19:41]     Epoch 27/30: Val R²=0.0859 Train R²=0.3545 Gap=0.2686 ✓
[2025-10-28 18:19:43]     Epoch 28/30: Val R²=0.0909 Train R²=0.3570 Gap=0.2661 ✓
[2025-10-28 18:19:46]     Epoch 29/30: Val R²=0.0898 Train R²=0.3585 Gap=0.2687  
[2025-10-28 18:19:48]     Epoch 30/30: Val R²=0.0915 Train R²=0.3592 Gap=0.2677 ✓
[2025-10-28 18:19:48] 
======================================================================
[2025-10-28 18:19:48] Config 60/1000 Complete:
[2025-10-28 18:19:48]   Best Val R²: 0.091480 (epoch 30)
[2025-10-28 18:19:48]   Best Global R²: 0.178249
[2025-10-28 18:19:48]   Overfitting Gap: 0.267738
[2025-10-28 18:19:48]   Parameters: 161,696
[2025-10-28 18:19:48]   Training Time: 72.3s
[2025-10-28 18:19:48]   Not better than global best (0.178249)
[2025-10-28 18:19:48]   Results saved to models/test_bruteforce_search_results.csv
[2025-10-28 18:19:48] 
======================================================================
[2025-10-28 18:19:48] Config 61/1000 - Starting Training:
[2025-10-28 18:19:48]   Architecture:
[2025-10-28 18:19:48]     Lookback: 30, Hidden: 128, Layers: 1, Dropout: 0.1
[2025-10-28 18:19:48]     Bidirectional: True, GRU: True
[2025-10-28 18:19:48]   Output Head:
[2025-10-28 18:19:48]     FC Layers: 2, FC Hidden: 128, Activation: gelu
[2025-10-28 18:19:48]     FC Dropout: 0.2, Batch Norm: True
[2025-10-28 18:19:48]   Training:
[2025-10-28 18:19:48]     Batch Size: 256, LR: 0.0005, Weight Decay: 0.0
[2025-10-28 18:19:48]     Optimizer: adamw, Grad Clip: 0.5, LR Patience: 3
[2025-10-28 18:19:51]     Epoch  1/30: Val R²=0.0089 Train R²=0.1328 Gap=0.1240 ✓
[2025-10-28 18:19:53]     Epoch  2/30: Val R²=0.0367 Train R²=0.2976 Gap=0.2609 ✓
[2025-10-28 18:19:56]     Epoch  3/30: Val R²=0.0496 Train R²=0.3168 Gap=0.2672 ✓
[2025-10-28 18:19:58]     Epoch  4/30: Val R²=0.0636 Train R²=0.3274 Gap=0.2638 ✓
[2025-10-28 18:20:01]     Epoch  5/30: Val R²=0.0652 Train R²=0.3380 Gap=0.2728 ✓
[2025-10-28 18:20:03]     Epoch  6/30: Val R²=0.0770 Train R²=0.3443 Gap=0.2673 ✓
[2025-10-28 18:20:05]     Epoch  7/30: Val R²=0.0894 Train R²=0.3521 Gap=0.2628 ✓
[2025-10-28 18:20:08]     Epoch  8/30: Val R²=0.0861 Train R²=0.3580 Gap=0.2719  
[2025-10-28 18:20:10]     Epoch  9/30: Val R²=0.0979 Train R²=0.3608 Gap=0.2630 ✓
[2025-10-28 18:20:13]     Epoch 10/30: Val R²=0.0969 Train R²=0.3641 Gap=0.2672  
[2025-10-28 18:20:15]     Epoch 11/30: Val R²=0.1013 Train R²=0.3637 Gap=0.2624 ✓
[2025-10-28 18:20:17]     Epoch 12/30: Val R²=0.1004 Train R²=0.3692 Gap=0.2687  
[2025-10-28 18:20:20]     Epoch 13/30: Val R²=0.1094 Train R²=0.3732 Gap=0.2638 ✓
[2025-10-28 18:20:22]     Epoch 14/30: Val R²=0.1232 Train R²=0.3784 Gap=0.2552 ✓
[2025-10-28 18:20:25]     Epoch 15/30: Val R²=0.1186 Train R²=0.3779 Gap=0.2593  
[2025-10-28 18:20:27]     Epoch 16/30: Val R²=0.1231 Train R²=0.3803 Gap=0.2572  
[2025-10-28 18:20:29]     Epoch 17/30: Val R²=0.1244 Train R²=0.3826 Gap=0.2582 ✓
[2025-10-28 18:20:32]     Epoch 18/30: Val R²=0.1401 Train R²=0.3847 Gap=0.2445 ✓
[2025-10-28 18:20:34]     Epoch 19/30: Val R²=0.1382 Train R²=0.3863 Gap=0.2481  
[2025-10-28 18:20:37]     Epoch 20/30: Val R²=0.1270 Train R²=0.3889 Gap=0.2619  
[2025-10-28 18:20:39]     Epoch 21/30: Val R²=0.1350 Train R²=0.3929 Gap=0.2579  
[2025-10-28 18:20:39]     Early stopped at epoch 21
[2025-10-28 18:20:39] 
======================================================================
[2025-10-28 18:20:39] Config 61/1000 Complete:
[2025-10-28 18:20:39]   Best Val R²: 0.140133 (epoch 18)
[2025-10-28 18:20:39]   Best Global R²: 0.178249
[2025-10-28 18:20:39]   Overfitting Gap: 0.244550
[2025-10-28 18:20:39]   Parameters: 161,696
[2025-10-28 18:20:39]   Training Time: 50.7s
[2025-10-28 18:20:39]   Not better than global best (0.178249)
[2025-10-28 18:20:39]   Results saved to models/test_bruteforce_search_results.csv
[2025-10-28 18:20:39] 
======================================================================
[2025-10-28 18:20:39] Config 62/1000 - Starting Training:
[2025-10-28 18:20:39]   Architecture:
[2025-10-28 18:20:39]     Lookback: 30, Hidden: 128, Layers: 1, Dropout: 0.1
[2025-10-28 18:20:39]     Bidirectional: True, GRU: True
[2025-10-28 18:20:39]   Output Head:
[2025-10-28 18:20:39]     FC Layers: 2, FC Hidden: 128, Activation: gelu
[2025-10-28 18:20:39]     FC Dropout: 0.2, Batch Norm: True
[2025-10-28 18:20:39]   Training:
[2025-10-28 18:20:39]     Batch Size: 256, LR: 0.0005, Weight Decay: 0.0
[2025-10-28 18:20:39]     Optimizer: adamw, Grad Clip: 1.0, LR Patience: 3
[2025-10-28 18:20:41]     Epoch  1/30: Val R²=0.0041 Train R²=0.1711 Gap=0.1670 ✓
[2025-10-28 18:20:44]     Epoch  2/30: Val R²=0.0379 Train R²=0.2935 Gap=0.2556 ✓
[2025-10-28 18:20:46]     Epoch  3/30: Val R²=0.0591 Train R²=0.3112 Gap=0.2521 ✓
[2025-10-28 18:20:49]     Epoch  4/30: Val R²=0.0674 Train R²=0.3250 Gap=0.2576 ✓
[2025-10-28 18:20:51]     Epoch  5/30: Val R²=0.0733 Train R²=0.3357 Gap=0.2624 ✓
[2025-10-28 18:20:53]     Epoch  6/30: Val R²=0.0872 Train R²=0.3423 Gap=0.2551 ✓
[2025-10-28 18:20:56]     Epoch  7/30: Val R²=0.0945 Train R²=0.3492 Gap=0.2547 ✓
[2025-10-28 18:20:58]     Epoch  8/30: Val R²=0.0902 Train R²=0.3530 Gap=0.2628  
[2025-10-28 18:21:01]     Epoch  9/30: Val R²=0.1040 Train R²=0.3601 Gap=0.2561 ✓
[2025-10-28 18:21:03]     Epoch 10/30: Val R²=0.1005 Train R²=0.3625 Gap=0.2621  
[2025-10-28 18:21:05]     Epoch 11/30: Val R²=0.1174 Train R²=0.3649 Gap=0.2475 ✓
[2025-10-28 18:21:08]     Epoch 12/30: Val R²=0.1200 Train R²=0.3669 Gap=0.2469 ✓
[2025-10-28 18:21:10]     Epoch 13/30: Val R²=0.1192 Train R²=0.3692 Gap=0.2500  
[2025-10-28 18:21:12]     Epoch 14/30: Val R²=0.1260 Train R²=0.3748 Gap=0.2487 ✓
[2025-10-28 18:21:15]     Epoch 15/30: Val R²=0.1332 Train R²=0.3783 Gap=0.2451 ✓
[2025-10-28 18:21:17]     Epoch 16/30: Val R²=0.1342 Train R²=0.3763 Gap=0.2422 ✓
[2025-10-28 18:21:20]     Epoch 17/30: Val R²=0.1392 Train R²=0.3830 Gap=0.2437 ✓
[2025-10-28 18:21:22]     Epoch 18/30: Val R²=0.1396 Train R²=0.3825 Gap=0.2429 ✓
[2025-10-28 18:21:24]     Epoch 19/30: Val R²=0.1517 Train R²=0.3879 Gap=0.2362 ✓
[2025-10-28 18:21:27]     Epoch 20/30: Val R²=0.1547 Train R²=0.3873 Gap=0.2327 ✓
[2025-10-28 18:21:29]     Epoch 21/30: Val R²=0.1584 Train R²=0.3896 Gap=0.2313 ✓
[2025-10-28 18:21:32]     Epoch 22/30: Val R²=0.1658 Train R²=0.3918 Gap=0.2260 ✓
[2025-10-28 18:21:34]     Epoch 23/30: Val R²=0.1594 Train R²=0.3967 Gap=0.2373  
[2025-10-28 18:21:36]     Epoch 24/30: Val R²=0.1500 Train R²=0.3953 Gap=0.2453  
[2025-10-28 18:21:39]     Epoch 25/30: Val R²=0.1599 Train R²=0.3985 Gap=0.2386  
[2025-10-28 18:21:39]     Early stopped at epoch 25
[2025-10-28 18:21:39] 
======================================================================
[2025-10-28 18:21:39] Config 62/1000 Complete:
[2025-10-28 18:21:39]   Best Val R²: 0.165804 (epoch 22)
[2025-10-28 18:21:39]   Best Global R²: 0.178249
[2025-10-28 18:21:39]   Overfitting Gap: 0.226013
[2025-10-28 18:21:39]   Parameters: 161,696
[2025-10-28 18:21:39]   Training Time: 59.8s
[2025-10-28 18:21:39]   Not better than global best (0.178249)
[2025-10-28 18:21:39]   Results saved to models/test_bruteforce_search_results.csv
[2025-10-28 18:21:39] 
======================================================================
[2025-10-28 18:21:39] Config 63/1000 - Starting Training:
[2025-10-28 18:21:39]   Architecture:
[2025-10-28 18:21:39]     Lookback: 30, Hidden: 128, Layers: 1, Dropout: 0.1
[2025-10-28 18:21:39]     Bidirectional: True, GRU: True
[2025-10-28 18:21:39]   Output Head:
[2025-10-28 18:21:39]     FC Layers: 2, FC Hidden: 128, Activation: gelu
[2025-10-28 18:21:39]     FC Dropout: 0.2, Batch Norm: True
[2025-10-28 18:21:39]   Training:
[2025-10-28 18:21:39]     Batch Size: 256, LR: 0.0005, Weight Decay: 0.0001
[2025-10-28 18:21:39]     Optimizer: adamw, Grad Clip: 0.5, LR Patience: 3
[2025-10-28 18:21:41]     Epoch  1/30: Val R²=0.0144 Train R²=0.1805 Gap=0.1661 ✓
[2025-10-28 18:21:44]     Epoch  2/30: Val R²=0.0422 Train R²=0.2964 Gap=0.2542 ✓
[2025-10-28 18:21:46]     Epoch  3/30: Val R²=0.0550 Train R²=0.3149 Gap=0.2599 ✓
[2025-10-28 18:21:49]     Epoch  4/30: Val R²=0.0582 Train R²=0.3271 Gap=0.2689 ✓
[2025-10-28 18:21:51]     Epoch  5/30: Val R²=0.0661 Train R²=0.3395 Gap=0.2734 ✓
[2025-10-28 18:21:53]     Epoch  6/30: Val R²=0.0651 Train R²=0.3425 Gap=0.2773  
[2025-10-28 18:21:56]     Epoch  7/30: Val R²=0.0869 Train R²=0.3511 Gap=0.2642 ✓
[2025-10-28 18:21:58]     Epoch  8/30: Val R²=0.0778 Train R²=0.3553 Gap=0.2774  
[2025-10-28 18:22:01]     Epoch  9/30: Val R²=0.0778 Train R²=0.3594 Gap=0.2816  
[2025-10-28 18:22:03]     Epoch 10/30: Val R²=0.0835 Train R²=0.3623 Gap=0.2788  
[2025-10-28 18:22:03]     Early stopped at epoch 10
[2025-10-28 18:22:03] 
======================================================================
[2025-10-28 18:22:03] Config 63/1000 Complete:
[2025-10-28 18:22:03]   Best Val R²: 0.086859 (epoch 7)
[2025-10-28 18:22:03]   Best Global R²: 0.178249
[2025-10-28 18:22:03]   Overfitting Gap: 0.264204
[2025-10-28 18:22:03]   Parameters: 161,696
[2025-10-28 18:22:03]   Training Time: 24.3s
[2025-10-28 18:22:03]   Not better than global best (0.178249)
[2025-10-28 18:22:03]   Results saved to models/test_bruteforce_search_results.csv
[2025-10-28 18:22:03] 
======================================================================
[2025-10-28 18:22:03] Config 64/1000 - Starting Training:
[2025-10-28 18:22:03]   Architecture:
[2025-10-28 18:22:03]     Lookback: 30, Hidden: 128, Layers: 1, Dropout: 0.1
[2025-10-28 18:22:03]     Bidirectional: True, GRU: True
[2025-10-28 18:22:03]   Output Head:
[2025-10-28 18:22:03]     FC Layers: 2, FC Hidden: 128, Activation: gelu
[2025-10-28 18:22:03]     FC Dropout: 0.2, Batch Norm: True
[2025-10-28 18:22:03]   Training:
[2025-10-28 18:22:03]     Batch Size: 256, LR: 0.0005, Weight Decay: 0.0001
[2025-10-28 18:22:03]     Optimizer: adamw, Grad Clip: 1.0, LR Patience: 3
[2025-10-28 18:22:05]     Epoch  1/30: Val R²=0.0082 Train R²=0.1755 Gap=0.1673 ✓
[2025-10-28 18:22:08]     Epoch  2/30: Val R²=0.0328 Train R²=0.2940 Gap=0.2612 ✓
[2025-10-28 18:22:10]     Epoch  3/30: Val R²=0.0546 Train R²=0.3122 Gap=0.2577 ✓
[2025-10-28 18:22:13]     Epoch  4/30: Val R²=0.0561 Train R²=0.3265 Gap=0.2704 ✓
[2025-10-28 18:22:15]     Epoch  5/30: Val R²=0.0636 Train R²=0.3340 Gap=0.2704 ✓
[2025-10-28 18:22:18]     Epoch  6/30: Val R²=0.0567 Train R²=0.3411 Gap=0.2845  
[2025-10-28 18:22:20]     Epoch  7/30: Val R²=0.0834 Train R²=0.3497 Gap=0.2663 ✓
[2025-10-28 18:22:22]     Epoch  8/30: Val R²=0.0876 Train R²=0.3541 Gap=0.2665 ✓
[2025-10-28 18:22:25]     Epoch  9/30: Val R²=0.0846 Train R²=0.3568 Gap=0.2723  
[2025-10-28 18:22:27]     Epoch 10/30: Val R²=0.0887 Train R²=0.3597 Gap=0.2710 ✓
[2025-10-28 18:22:30]     Epoch 11/30: Val R²=0.0916 Train R²=0.3648 Gap=0.2732 ✓
[2025-10-28 18:22:32]     Epoch 12/30: Val R²=0.0962 Train R²=0.3684 Gap=0.2722 ✓
[2025-10-28 18:22:34]     Epoch 13/30: Val R²=0.0885 Train R²=0.3724 Gap=0.2839  
[2025-10-28 18:22:37]     Epoch 14/30: Val R²=0.0953 Train R²=0.3731 Gap=0.2778  
[2025-10-28 18:22:39]     Epoch 15/30: Val R²=0.1103 Train R²=0.3771 Gap=0.2668 ✓
[2025-10-28 18:22:42]     Epoch 16/30: Val R²=0.1142 Train R²=0.3800 Gap=0.2659 ✓
[2025-10-28 18:22:44]     Epoch 17/30: Val R²=0.1120 Train R²=0.3822 Gap=0.2702  
[2025-10-28 18:22:47]     Epoch 18/30: Val R²=0.1208 Train R²=0.3810 Gap=0.2602 ✓
[2025-10-28 18:22:49]     Epoch 19/30: Val R²=0.1121 Train R²=0.3871 Gap=0.2750  
[2025-10-28 18:22:51]     Epoch 20/30: Val R²=0.1200 Train R²=0.3866 Gap=0.2666  
[2025-10-28 18:22:54]     Epoch 21/30: Val R²=0.1319 Train R²=0.3895 Gap=0.2575 ✓
[2025-10-28 18:22:56]     Epoch 22/30: Val R²=0.1394 Train R²=0.3916 Gap=0.2523 ✓
[2025-10-28 18:22:59]     Epoch 23/30: Val R²=0.1318 Train R²=0.3944 Gap=0.2627  
[2025-10-28 18:23:01]     Epoch 24/30: Val R²=0.1279 Train R²=0.3952 Gap=0.2673  
[2025-10-28 18:23:03]     Epoch 25/30: Val R²=0.1382 Train R²=0.3999 Gap=0.2617  
[2025-10-28 18:23:03]     Early stopped at epoch 25
[2025-10-28 18:23:03] 
======================================================================
[2025-10-28 18:23:03] Config 64/1000 Complete:
[2025-10-28 18:23:03]   Best Val R²: 0.139355 (epoch 22)
[2025-10-28 18:23:03]   Best Global R²: 0.178249
[2025-10-28 18:23:03]   Overfitting Gap: 0.252281
[2025-10-28 18:23:03]   Parameters: 161,696
[2025-10-28 18:23:03]   Training Time: 60.3s
[2025-10-28 18:23:03]   Not better than global best (0.178249)
[2025-10-28 18:23:03]   Results saved to models/test_bruteforce_search_results.csv
[2025-10-28 18:23:03] 
======================================================================
[2025-10-28 18:23:03] Config 65/1000 - Starting Training:
[2025-10-28 18:23:03]   Architecture:
[2025-10-28 18:23:03]     Lookback: 30, Hidden: 128, Layers: 1, Dropout: 0.1
[2025-10-28 18:23:03]     Bidirectional: True, GRU: True
[2025-10-28 18:23:03]   Output Head:
[2025-10-28 18:23:03]     FC Layers: 2, FC Hidden: 256, Activation: relu
[2025-10-28 18:23:03]     FC Dropout: 0.1, Batch Norm: True
[2025-10-28 18:23:03]   Training:
[2025-10-28 18:23:03]     Batch Size: 128, LR: 0.0001, Weight Decay: 0.0
[2025-10-28 18:23:03]     Optimizer: adamw, Grad Clip: 0.5, LR Patience: 3
[2025-10-28 18:23:08]     Epoch  1/30: Val R²=-0.0143 Train R²=0.1533 Gap=0.1676 ✓
[2025-10-28 18:23:12]     Epoch  2/30: Val R²=0.0312 Train R²=0.3087 Gap=0.2774 ✓
[2025-10-28 18:23:17]     Epoch  3/30: Val R²=0.0412 Train R²=0.3213 Gap=0.2801 ✓
[2025-10-28 18:23:21]     Epoch  4/30: Val R²=0.0506 Train R²=0.3321 Gap=0.2814 ✓
[2025-10-28 18:23:26]     Epoch  5/30: Val R²=0.0554 Train R²=0.3352 Gap=0.2798 ✓
[2025-10-28 18:23:30]     Epoch  6/30: Val R²=0.0683 Train R²=0.3395 Gap=0.2712 ✓
[2025-10-28 18:23:35]     Epoch  7/30: Val R²=0.0703 Train R²=0.3447 Gap=0.2744 ✓
[2025-10-28 18:23:39]     Epoch  8/30: Val R²=0.0806 Train R²=0.3480 Gap=0.2673 ✓
[2025-10-28 18:23:44]     Epoch  9/30: Val R²=0.0796 Train R²=0.3518 Gap=0.2722  
[2025-10-28 18:23:48]     Epoch 10/30: Val R²=0.0881 Train R²=0.3536 Gap=0.2655 ✓
[2025-10-28 18:23:53]     Epoch 11/30: Val R²=0.0858 Train R²=0.3559 Gap=0.2701  
[2025-10-28 18:23:57]     Epoch 12/30: Val R²=0.0869 Train R²=0.3584 Gap=0.2715  
[2025-10-28 18:24:02]     Epoch 13/30: Val R²=0.0899 Train R²=0.3605 Gap=0.2706 ✓
[2025-10-28 18:24:06]     Epoch 14/30: Val R²=0.0970 Train R²=0.3613 Gap=0.2643 ✓
[2025-10-28 18:24:11]     Epoch 15/30: Val R²=0.0963 Train R²=0.3639 Gap=0.2675  
[2025-10-28 18:24:15]     Epoch 16/30: Val R²=0.0970 Train R²=0.3660 Gap=0.2690 ✓
[2025-10-28 18:24:19]     Epoch 17/30: Val R²=0.0997 Train R²=0.3692 Gap=0.2696 ✓
[2025-10-28 18:24:24]     Epoch 18/30: Val R²=0.0976 Train R²=0.3689 Gap=0.2713  
[2025-10-28 18:24:28]     Epoch 19/30: Val R²=0.1056 Train R²=0.3703 Gap=0.2647 ✓
[2025-10-28 18:24:33]     Epoch 20/30: Val R²=0.1078 Train R²=0.3695 Gap=0.2617 ✓
[2025-10-28 18:24:37]     Epoch 21/30: Val R²=0.1089 Train R²=0.3741 Gap=0.2652 ✓
[2025-10-28 18:24:42]     Epoch 22/30: Val R²=0.1057 Train R²=0.3742 Gap=0.2685  
[2025-10-28 18:24:46]     Epoch 23/30: Val R²=0.1073 Train R²=0.3762 Gap=0.2689  
[2025-10-28 18:24:51]     Epoch 24/30: Val R²=0.1123 Train R²=0.3781 Gap=0.2658 ✓
[2025-10-28 18:24:55]     Epoch 25/30: Val R²=0.1146 Train R²=0.3798 Gap=0.2652 ✓
[2025-10-28 18:25:00]     Epoch 26/30: Val R²=0.1147 Train R²=0.3796 Gap=0.2649 ✓
[2025-10-28 18:25:04]     Epoch 27/30: Val R²=0.1162 Train R²=0.3816 Gap=0.2655 ✓
[2025-10-28 18:25:09]     Epoch 28/30: Val R²=0.1186 Train R²=0.3813 Gap=0.2627 ✓
[2025-10-28 18:25:13]     Epoch 29/30: Val R²=0.1170 Train R²=0.3846 Gap=0.2676  
[2025-10-28 18:25:17]     Epoch 30/30: Val R²=0.1108 Train R²=0.3859 Gap=0.2752  
[2025-10-28 18:25:17] 
======================================================================
[2025-10-28 18:25:17] Config 65/1000 Complete:
[2025-10-28 18:25:17]   Best Val R²: 0.118573 (epoch 28)
[2025-10-28 18:25:17]   Best Global R²: 0.178249
[2025-10-28 18:25:17]   Overfitting Gap: 0.262703
[2025-10-28 18:25:17]   Parameters: 198,944
[2025-10-28 18:25:17]   Training Time: 134.1s
[2025-10-28 18:25:17]   Not better than global best (0.178249)
[2025-10-28 18:25:17]   Results saved to models/test_bruteforce_search_results.csv
[2025-10-28 18:25:17] 
======================================================================
[2025-10-28 18:25:17] Config 66/1000 - Starting Training:
[2025-10-28 18:25:17]   Architecture:
[2025-10-28 18:25:17]     Lookback: 30, Hidden: 128, Layers: 1, Dropout: 0.1
[2025-10-28 18:25:17]     Bidirectional: True, GRU: True
[2025-10-28 18:25:17]   Output Head:
[2025-10-28 18:25:17]     FC Layers: 2, FC Hidden: 256, Activation: relu
[2025-10-28 18:25:17]     FC Dropout: 0.1, Batch Norm: True
[2025-10-28 18:25:17]   Training:
[2025-10-28 18:25:17]     Batch Size: 128, LR: 0.0001, Weight Decay: 0.0
[2025-10-28 18:25:17]     Optimizer: adamw, Grad Clip: 1.0, LR Patience: 3
[2025-10-28 18:25:22]     Epoch  1/30: Val R²=-0.0071 Train R²=0.1531 Gap=0.1602 ✓
[2025-10-28 18:25:26]     Epoch  2/30: Val R²=0.0273 Train R²=0.3021 Gap=0.2748 ✓
[2025-10-28 18:25:31]     Epoch  3/30: Val R²=0.0365 Train R²=0.3189 Gap=0.2824 ✓
[2025-10-28 18:25:35]     Epoch  4/30: Val R²=0.0512 Train R²=0.3279 Gap=0.2767 ✓
[2025-10-28 18:25:40]     Epoch  5/30: Val R²=0.0555 Train R²=0.3330 Gap=0.2776 ✓
[2025-10-28 18:25:44]     Epoch  6/30: Val R²=0.0559 Train R²=0.3401 Gap=0.2841 ✓
[2025-10-28 18:25:49]     Epoch  7/30: Val R²=0.0658 Train R²=0.3412 Gap=0.2754 ✓
[2025-10-28 18:25:53]     Epoch  8/30: Val R²=0.0708 Train R²=0.3459 Gap=0.2751 ✓
[2025-10-28 18:25:58]     Epoch  9/30: Val R²=0.0733 Train R²=0.3487 Gap=0.2754 ✓
[2025-10-28 18:26:02]     Epoch 10/30: Val R²=0.0716 Train R²=0.3519 Gap=0.2803  
[2025-10-28 18:26:06]     Epoch 11/30: Val R²=0.0886 Train R²=0.3539 Gap=0.2653 ✓
[2025-10-28 18:26:11]     Epoch 12/30: Val R²=0.0874 Train R²=0.3569 Gap=0.2695  
[2025-10-28 18:26:15]     Epoch 13/30: Val R²=0.0948 Train R²=0.3579 Gap=0.2631 ✓
[2025-10-28 18:26:19]     Epoch 14/30: Val R²=0.0909 Train R²=0.3602 Gap=0.2694  
[2025-10-28 18:26:24]     Epoch 15/30: Val R²=0.0893 Train R²=0.3640 Gap=0.2747  
[2025-10-28 18:26:28]     Epoch 16/30: Val R²=0.0951 Train R²=0.3666 Gap=0.2714 ✓
[2025-10-28 18:26:33]     Epoch 17/30: Val R²=0.1003 Train R²=0.3665 Gap=0.2661 ✓
[2025-10-28 18:26:37]     Epoch 18/30: Val R²=0.1020 Train R²=0.3684 Gap=0.2664 ✓
[2025-10-28 18:26:42]     Epoch 19/30: Val R²=0.1039 Train R²=0.3720 Gap=0.2682 ✓
[2025-10-28 18:26:46]     Epoch 20/30: Val R²=0.1029 Train R²=0.3719 Gap=0.2690  
[2025-10-28 18:26:50]     Epoch 21/30: Val R²=0.1164 Train R²=0.3724 Gap=0.2560 ✓
[2025-10-28 18:26:55]     Epoch 22/30: Val R²=0.1078 Train R²=0.3750 Gap=0.2672  
[2025-10-28 18:26:59]     Epoch 23/30: Val R²=0.1121 Train R²=0.3751 Gap=0.2630  
[2025-10-28 18:27:04]     Epoch 24/30: Val R²=0.1162 Train R²=0.3782 Gap=0.2620  
[2025-10-28 18:27:04]     Early stopped at epoch 24
[2025-10-28 18:27:04] 
======================================================================
[2025-10-28 18:27:04] Config 66/1000 Complete:
[2025-10-28 18:27:04]   Best Val R²: 0.116422 (epoch 21)
[2025-10-28 18:27:04]   Best Global R²: 0.178249
[2025-10-28 18:27:04]   Overfitting Gap: 0.255958
[2025-10-28 18:27:04]   Parameters: 198,944
[2025-10-28 18:27:04]   Training Time: 106.4s
[2025-10-28 18:27:04]   Not better than global best (0.178249)
[2025-10-28 18:27:04]   Results saved to models/test_bruteforce_search_results.csv
[2025-10-28 18:27:04] 
======================================================================
[2025-10-28 18:27:04] Config 67/1000 - Starting Training:
[2025-10-28 18:27:04]   Architecture:
[2025-10-28 18:27:04]     Lookback: 30, Hidden: 128, Layers: 1, Dropout: 0.1
[2025-10-28 18:27:04]     Bidirectional: True, GRU: True
[2025-10-28 18:27:04]   Output Head:
[2025-10-28 18:27:04]     FC Layers: 2, FC Hidden: 256, Activation: relu
[2025-10-28 18:27:04]     FC Dropout: 0.1, Batch Norm: True
[2025-10-28 18:27:04]   Training:
[2025-10-28 18:27:04]     Batch Size: 128, LR: 0.0001, Weight Decay: 0.0001
[2025-10-28 18:27:04]     Optimizer: adamw, Grad Clip: 0.5, LR Patience: 3
[2025-10-28 18:27:08]     Epoch  1/30: Val R²=-0.0124 Train R²=0.1583 Gap=0.1708 ✓
[2025-10-28 18:27:13]     Epoch  2/30: Val R²=0.0390 Train R²=0.3041 Gap=0.2650 ✓
[2025-10-28 18:27:17]     Epoch  3/30: Val R²=0.0525 Train R²=0.3220 Gap=0.2695 ✓
[2025-10-28 18:27:22]     Epoch  4/30: Val R²=0.0606 Train R²=0.3296 Gap=0.2690 ✓
[2025-10-28 18:27:26]     Epoch  5/30: Val R²=0.0724 Train R²=0.3347 Gap=0.2623 ✓
[2025-10-28 18:27:31]     Epoch  6/30: Val R²=0.0772 Train R²=0.3390 Gap=0.2618 ✓
[2025-10-28 18:27:35]     Epoch  7/30: Val R²=0.0788 Train R²=0.3431 Gap=0.2642 ✓
[2025-10-28 18:27:40]     Epoch  8/30: Val R²=0.0851 Train R²=0.3470 Gap=0.2618 ✓
[2025-10-28 18:27:44]     Epoch  9/30: Val R²=0.0817 Train R²=0.3500 Gap=0.2684  
[2025-10-28 18:27:49]     Epoch 10/30: Val R²=0.0880 Train R²=0.3523 Gap=0.2643 ✓
[2025-10-28 18:27:54]     Epoch 11/30: Val R²=0.0863 Train R²=0.3549 Gap=0.2687  
[2025-10-28 18:27:58]     Epoch 12/30: Val R²=0.0920 Train R²=0.3587 Gap=0.2667 ✓
[2025-10-28 18:28:02]     Epoch 13/30: Val R²=0.0981 Train R²=0.3607 Gap=0.2627 ✓
[2025-10-28 18:28:07]     Epoch 14/30: Val R²=0.0891 Train R²=0.3629 Gap=0.2738  
[2025-10-28 18:28:11]     Epoch 15/30: Val R²=0.1132 Train R²=0.3639 Gap=0.2507 ✓
[2025-10-28 18:28:16]     Epoch 16/30: Val R²=0.1004 Train R²=0.3664 Gap=0.2660  
[2025-10-28 18:28:20]     Epoch 17/30: Val R²=0.1038 Train R²=0.3682 Gap=0.2644  
[2025-10-28 18:28:25]     Epoch 18/30: Val R²=0.1099 Train R²=0.3708 Gap=0.2609  
[2025-10-28 18:28:25]     Early stopped at epoch 18
[2025-10-28 18:28:25] 
======================================================================
[2025-10-28 18:28:25] Config 67/1000 Complete:
[2025-10-28 18:28:25]   Best Val R²: 0.113221 (epoch 15)
[2025-10-28 18:28:25]   Best Global R²: 0.178249
[2025-10-28 18:28:25]   Overfitting Gap: 0.250716
[2025-10-28 18:28:25]   Parameters: 198,944
[2025-10-28 18:28:25]   Training Time: 81.0s
[2025-10-28 18:28:25]   Not better than global best (0.178249)
[2025-10-28 18:28:25]   Results saved to models/test_bruteforce_search_results.csv
[2025-10-28 18:28:25] 
======================================================================
[2025-10-28 18:28:25] Config 68/1000 - Starting Training:
[2025-10-28 18:28:25]   Architecture:
[2025-10-28 18:28:25]     Lookback: 30, Hidden: 128, Layers: 1, Dropout: 0.1
[2025-10-28 18:28:25]     Bidirectional: True, GRU: True
[2025-10-28 18:28:25]   Output Head:
[2025-10-28 18:28:25]     FC Layers: 2, FC Hidden: 256, Activation: relu
[2025-10-28 18:28:25]     FC Dropout: 0.1, Batch Norm: True
[2025-10-28 18:28:25]   Training:
[2025-10-28 18:28:25]     Batch Size: 128, LR: 0.0001, Weight Decay: 0.0001
[2025-10-28 18:28:25]     Optimizer: adamw, Grad Clip: 1.0, LR Patience: 3
[2025-10-28 18:28:29]     Epoch  1/30: Val R²=-0.0163 Train R²=0.1235 Gap=0.1398 ✓
[2025-10-28 18:28:34]     Epoch  2/30: Val R²=0.0268 Train R²=0.2995 Gap=0.2727 ✓
[2025-10-28 18:28:38]     Epoch  3/30: Val R²=0.0408 Train R²=0.3201 Gap=0.2793 ✓
[2025-10-28 18:28:43]     Epoch  4/30: Val R²=0.0517 Train R²=0.3284 Gap=0.2768 ✓
[2025-10-28 18:28:47]     Epoch  5/30: Val R²=0.0693 Train R²=0.3339 Gap=0.2646 ✓
[2025-10-28 18:28:52]     Epoch  6/30: Val R²=0.0716 Train R²=0.3357 Gap=0.2641 ✓
[2025-10-28 18:28:56]     Epoch  7/30: Val R²=0.0802 Train R²=0.3414 Gap=0.2613 ✓
[2025-10-28 18:29:01]     Epoch  8/30: Val R²=0.0733 Train R²=0.3442 Gap=0.2709  
[2025-10-28 18:29:05]     Epoch  9/30: Val R²=0.0895 Train R²=0.3480 Gap=0.2585 ✓
[2025-10-28 18:29:10]     Epoch 10/30: Val R²=0.0790 Train R²=0.3498 Gap=0.2708  
[2025-10-28 18:29:14]     Epoch 11/30: Val R²=0.0859 Train R²=0.3552 Gap=0.2693  
[2025-10-28 18:29:19]     Epoch 12/30: Val R²=0.0890 Train R²=0.3582 Gap=0.2692  
[2025-10-28 18:29:19]     Early stopped at epoch 12
[2025-10-28 18:29:19] 
======================================================================
[2025-10-28 18:29:19] Config 68/1000 Complete:
[2025-10-28 18:29:19]   Best Val R²: 0.089523 (epoch 9)
[2025-10-28 18:29:19]   Best Global R²: 0.178249
[2025-10-28 18:29:19]   Overfitting Gap: 0.258500
[2025-10-28 18:29:19]   Parameters: 198,944
[2025-10-28 18:29:19]   Training Time: 53.8s
[2025-10-28 18:29:19]   Not better than global best (0.178249)
[2025-10-28 18:29:19]   Results saved to models/test_bruteforce_search_results.csv
[2025-10-28 18:29:19] 
======================================================================
[2025-10-28 18:29:19] Config 69/1000 - Starting Training:
[2025-10-28 18:29:19]   Architecture:
[2025-10-28 18:29:19]     Lookback: 30, Hidden: 128, Layers: 1, Dropout: 0.1
[2025-10-28 18:29:19]     Bidirectional: True, GRU: True
[2025-10-28 18:29:19]   Output Head:
[2025-10-28 18:29:19]     FC Layers: 2, FC Hidden: 256, Activation: relu
[2025-10-28 18:29:19]     FC Dropout: 0.1, Batch Norm: True
[2025-10-28 18:29:19]   Training:
[2025-10-28 18:29:19]     Batch Size: 128, LR: 0.0005, Weight Decay: 0.0
[2025-10-28 18:29:19]     Optimizer: adamw, Grad Clip: 0.5, LR Patience: 3
[2025-10-28 18:29:23]     Epoch  1/30: Val R²=0.0494 Train R²=0.2757 Gap=0.2263 ✓
[2025-10-28 18:29:28]     Epoch  2/30: Val R²=0.0715 Train R²=0.3311 Gap=0.2596 ✓
[2025-10-28 18:29:32]     Epoch  3/30: Val R²=0.0793 Train R²=0.3448 Gap=0.2655 ✓
[2025-10-28 18:29:36]     Epoch  4/30: Val R²=0.0843 Train R²=0.3522 Gap=0.2679 ✓
[2025-10-28 18:29:41]     Epoch  5/30: Val R²=0.0867 Train R²=0.3571 Gap=0.2704 ✓
[2025-10-28 18:29:46]     Epoch  6/30: Val R²=0.1018 Train R²=0.3629 Gap=0.2611 ✓
[2025-10-28 18:29:50]     Epoch  7/30: Val R²=0.1151 Train R²=0.3664 Gap=0.2513 ✓
[2025-10-28 18:29:54]     Epoch  8/30: Val R²=0.1164 Train R²=0.3720 Gap=0.2557 ✓
[2025-10-28 18:29:59]     Epoch  9/30: Val R²=0.1296 Train R²=0.3759 Gap=0.2463 ✓
[2025-10-28 18:30:03]     Epoch 10/30: Val R²=0.1324 Train R²=0.3781 Gap=0.2457 ✓
[2025-10-28 18:30:07]     Epoch 11/30: Val R²=0.1353 Train R²=0.3831 Gap=0.2478 ✓
[2025-10-28 18:30:12]     Epoch 12/30: Val R²=0.1260 Train R²=0.3852 Gap=0.2592  
[2025-10-28 18:30:16]     Epoch 13/30: Val R²=0.1442 Train R²=0.3891 Gap=0.2448 ✓
[2025-10-28 18:30:21]     Epoch 14/30: Val R²=0.1274 Train R²=0.3928 Gap=0.2654  
[2025-10-28 18:30:25]     Epoch 15/30: Val R²=0.1448 Train R²=0.3914 Gap=0.2465 ✓
[2025-10-28 18:30:29]     Epoch 16/30: Val R²=0.1559 Train R²=0.3987 Gap=0.2429 ✓
[2025-10-28 18:30:34]     Epoch 17/30: Val R²=0.1484 Train R²=0.3999 Gap=0.2515  
[2025-10-28 18:30:38]     Epoch 18/30: Val R²=0.1504 Train R²=0.4026 Gap=0.2523  
[2025-10-28 18:30:43]     Epoch 19/30: Val R²=0.1602 Train R²=0.4049 Gap=0.2447 ✓
[2025-10-28 18:30:47]     Epoch 20/30: Val R²=0.1345 Train R²=0.4100 Gap=0.2754  
[2025-10-28 18:30:52]     Epoch 21/30: Val R²=0.1508 Train R²=0.4125 Gap=0.2617  
[2025-10-28 18:30:56]     Epoch 22/30: Val R²=0.1483 Train R²=0.4143 Gap=0.2659  
[2025-10-28 18:30:56]     Early stopped at epoch 22
[2025-10-28 18:30:56] 
======================================================================
[2025-10-28 18:30:56] Config 69/1000 Complete:
[2025-10-28 18:30:56]   Best Val R²: 0.160180 (epoch 19)
[2025-10-28 18:30:56]   Best Global R²: 0.178249
[2025-10-28 18:30:56]   Overfitting Gap: 0.244697
[2025-10-28 18:30:56]   Parameters: 198,944
[2025-10-28 18:30:56]   Training Time: 97.3s
[2025-10-28 18:30:56]   Not better than global best (0.178249)
[2025-10-28 18:30:56]   Results saved to models/test_bruteforce_search_results.csv
[2025-10-28 18:30:56] 
======================================================================
[2025-10-28 18:30:56] Config 70/1000 - Starting Training:
[2025-10-28 18:30:56]   Architecture:
[2025-10-28 18:30:56]     Lookback: 30, Hidden: 128, Layers: 1, Dropout: 0.1
[2025-10-28 18:30:56]     Bidirectional: True, GRU: True
[2025-10-28 18:30:56]   Output Head:
[2025-10-28 18:30:56]     FC Layers: 2, FC Hidden: 256, Activation: relu
[2025-10-28 18:30:56]     FC Dropout: 0.1, Batch Norm: True
[2025-10-28 18:30:56]   Training:
[2025-10-28 18:30:56]     Batch Size: 128, LR: 0.0005, Weight Decay: 0.0
[2025-10-28 18:30:56]     Optimizer: adamw, Grad Clip: 1.0, LR Patience: 3
[2025-10-28 18:31:00]     Epoch  1/30: Val R²=0.0542 Train R²=0.2649 Gap=0.2107 ✓
[2025-10-28 18:31:05]     Epoch  2/30: Val R²=0.0673 Train R²=0.3323 Gap=0.2649 ✓
[2025-10-28 18:31:09]     Epoch  3/30: Val R²=0.0875 Train R²=0.3443 Gap=0.2569 ✓
[2025-10-28 18:31:14]     Epoch  4/30: Val R²=0.0963 Train R²=0.3505 Gap=0.2542 ✓
[2025-10-28 18:31:18]     Epoch  5/30: Val R²=0.0878 Train R²=0.3584 Gap=0.2706  
[2025-10-28 18:31:22]     Epoch  6/30: Val R²=0.0865 Train R²=0.3602 Gap=0.2737  
[2025-10-28 18:31:27]     Epoch  7/30: Val R²=0.0972 Train R²=0.3686 Gap=0.2714 ✓
[2025-10-28 18:31:31]     Epoch  8/30: Val R²=0.1106 Train R²=0.3696 Gap=0.2590 ✓
[2025-10-28 18:31:35]     Epoch  9/30: Val R²=0.1087 Train R²=0.3749 Gap=0.2662  
[2025-10-28 18:31:40]     Epoch 10/30: Val R²=0.1183 Train R²=0.3775 Gap=0.2592 ✓
[2025-10-28 18:31:44]     Epoch 11/30: Val R²=0.1390 Train R²=0.3835 Gap=0.2445 ✓
[2025-10-28 18:31:49]     Epoch 12/30: Val R²=0.1269 Train R²=0.3846 Gap=0.2577  
[2025-10-28 18:31:53]     Epoch 13/30: Val R²=0.1498 Train R²=0.3844 Gap=0.2347 ✓
[2025-10-28 18:31:57]     Epoch 14/30: Val R²=0.1396 Train R²=0.3929 Gap=0.2533  
[2025-10-28 18:32:02]     Epoch 15/30: Val R²=0.1414 Train R²=0.3943 Gap=0.2529  
[2025-10-28 18:32:06]     Epoch 16/30: Val R²=0.1492 Train R²=0.3999 Gap=0.2506  
[2025-10-28 18:32:06]     Early stopped at epoch 16
[2025-10-28 18:32:06] 
======================================================================
[2025-10-28 18:32:06] Config 70/1000 Complete:
[2025-10-28 18:32:06]   Best Val R²: 0.149777 (epoch 13)
[2025-10-28 18:32:06]   Best Global R²: 0.178249
[2025-10-28 18:32:06]   Overfitting Gap: 0.234654
[2025-10-28 18:32:06]   Parameters: 198,944
[2025-10-28 18:32:06]   Training Time: 70.2s
[2025-10-28 18:32:06]   Not better than global best (0.178249)
[2025-10-28 18:32:06]   Results saved to models/test_bruteforce_search_results.csv
[2025-10-28 18:32:06] 
======================================================================
[2025-10-28 18:32:06] Config 71/1000 - Starting Training:
[2025-10-28 18:32:06]   Architecture:
[2025-10-28 18:32:06]     Lookback: 30, Hidden: 128, Layers: 1, Dropout: 0.1
[2025-10-28 18:32:06]     Bidirectional: True, GRU: True
[2025-10-28 18:32:06]   Output Head:
[2025-10-28 18:32:06]     FC Layers: 2, FC Hidden: 256, Activation: relu
[2025-10-28 18:32:06]     FC Dropout: 0.1, Batch Norm: True
[2025-10-28 18:32:06]   Training:
[2025-10-28 18:32:06]     Batch Size: 128, LR: 0.0005, Weight Decay: 0.0001
[2025-10-28 18:32:06]     Optimizer: adamw, Grad Clip: 0.5, LR Patience: 3
[2025-10-28 18:32:11]     Epoch  1/30: Val R²=0.0502 Train R²=0.2693 Gap=0.2191 ✓
[2025-10-28 18:32:15]     Epoch  2/30: Val R²=0.0814 Train R²=0.3305 Gap=0.2491 ✓
[2025-10-28 18:32:20]     Epoch  3/30: Val R²=0.0895 Train R²=0.3437 Gap=0.2542 ✓
[2025-10-28 18:32:24]     Epoch  4/30: Val R²=0.0961 Train R²=0.3525 Gap=0.2564 ✓
[2025-10-28 18:32:29]     Epoch  5/30: Val R²=0.0987 Train R²=0.3591 Gap=0.2604 ✓
[2025-10-28 18:32:33]     Epoch  6/30: Val R²=0.1002 Train R²=0.3634 Gap=0.2633 ✓
[2025-10-28 18:32:38]     Epoch  7/30: Val R²=0.1143 Train R²=0.3678 Gap=0.2536 ✓
[2025-10-28 18:32:42]     Epoch  8/30: Val R²=0.0917 Train R²=0.3727 Gap=0.2810  
[2025-10-28 18:32:47]     Epoch  9/30: Val R²=0.1000 Train R²=0.3750 Gap=0.2750  
[2025-10-28 18:32:51]     Epoch 10/30: Val R²=0.1247 Train R²=0.3822 Gap=0.2575 ✓
[2025-10-28 18:32:56]     Epoch 11/30: Val R²=0.1311 Train R²=0.3802 Gap=0.2491 ✓
[2025-10-28 18:33:00]     Epoch 12/30: Val R²=0.1246 Train R²=0.3873 Gap=0.2628  
[2025-10-28 18:33:05]     Epoch 13/30: Val R²=0.1358 Train R²=0.3875 Gap=0.2517 ✓
[2025-10-28 18:33:09]     Epoch 14/30: Val R²=0.1361 Train R²=0.3910 Gap=0.2549 ✓
[2025-10-28 18:33:14]     Epoch 15/30: Val R²=0.1467 Train R²=0.3962 Gap=0.2495 ✓
[2025-10-28 18:33:18]     Epoch 16/30: Val R²=0.1544 Train R²=0.3976 Gap=0.2433 ✓
[2025-10-28 18:33:23]     Epoch 17/30: Val R²=0.1456 Train R²=0.3996 Gap=0.2540  
[2025-10-28 18:33:27]     Epoch 18/30: Val R²=0.1370 Train R²=0.4012 Gap=0.2642  
[2025-10-28 18:33:32]     Epoch 19/30: Val R²=0.1430 Train R²=0.4043 Gap=0.2613  
[2025-10-28 18:33:32]     Early stopped at epoch 19
[2025-10-28 18:33:32] 
======================================================================
[2025-10-28 18:33:32] Config 71/1000 Complete:
[2025-10-28 18:33:32]   Best Val R²: 0.154380 (epoch 16)
[2025-10-28 18:33:32]   Best Global R²: 0.178249
[2025-10-28 18:33:32]   Overfitting Gap: 0.243262
[2025-10-28 18:33:32]   Parameters: 198,944
[2025-10-28 18:33:32]   Training Time: 85.4s
[2025-10-28 18:33:32]   Not better than global best (0.178249)
[2025-10-28 18:33:32]   Results saved to models/test_bruteforce_search_results.csv
[2025-10-28 18:33:32] 
======================================================================
[2025-10-28 18:33:32] Config 72/1000 - Starting Training:
[2025-10-28 18:33:32]   Architecture:
[2025-10-28 18:33:32]     Lookback: 30, Hidden: 128, Layers: 1, Dropout: 0.1
[2025-10-28 18:33:32]     Bidirectional: True, GRU: True
[2025-10-28 18:33:32]   Output Head:
[2025-10-28 18:33:32]     FC Layers: 2, FC Hidden: 256, Activation: relu
[2025-10-28 18:33:32]     FC Dropout: 0.1, Batch Norm: True
[2025-10-28 18:33:32]   Training:
[2025-10-28 18:33:32]     Batch Size: 128, LR: 0.0005, Weight Decay: 0.0001
[2025-10-28 18:33:32]     Optimizer: adamw, Grad Clip: 1.0, LR Patience: 3
[2025-10-28 18:33:36]     Epoch  1/30: Val R²=0.0548 Train R²=0.2659 Gap=0.2111 ✓
[2025-10-28 18:33:41]     Epoch  2/30: Val R²=0.0717 Train R²=0.3323 Gap=0.2607 ✓
[2025-10-28 18:33:45]     Epoch  3/30: Val R²=0.0786 Train R²=0.3432 Gap=0.2645 ✓
[2025-10-28 18:33:50]     Epoch  4/30: Val R²=0.0784 Train R²=0.3523 Gap=0.2739  
[2025-10-28 18:33:54]     Epoch  5/30: Val R²=0.0871 Train R²=0.3600 Gap=0.2729 ✓
[2025-10-28 18:33:59]     Epoch  6/30: Val R²=0.1088 Train R²=0.3627 Gap=0.2539 ✓
[2025-10-28 18:34:03]     Epoch  7/30: Val R²=0.0948 Train R²=0.3651 Gap=0.2703  
[2025-10-28 18:34:08]     Epoch  8/30: Val R²=0.1079 Train R²=0.3700 Gap=0.2621  
[2025-10-28 18:34:12]     Epoch  9/30: Val R²=0.1173 Train R²=0.3759 Gap=0.2586 ✓
[2025-10-28 18:34:17]     Epoch 10/30: Val R²=0.1247 Train R²=0.3777 Gap=0.2530 ✓
[2025-10-28 18:34:21]     Epoch 11/30: Val R²=0.1404 Train R²=0.3822 Gap=0.2418 ✓
[2025-10-28 18:34:26]     Epoch 12/30: Val R²=0.1287 Train R²=0.3838 Gap=0.2551  
[2025-10-28 18:34:30]     Epoch 13/30: Val R²=0.1384 Train R²=0.3875 Gap=0.2491  
[2025-10-28 18:34:34]     Epoch 14/30: Val R²=0.1550 Train R²=0.3915 Gap=0.2365 ✓
[2025-10-28 18:34:39]     Epoch 15/30: Val R²=0.1484 Train R²=0.3924 Gap=0.2441  
[2025-10-28 18:34:43]     Epoch 16/30: Val R²=0.1409 Train R²=0.3942 Gap=0.2533  
[2025-10-28 18:34:48]     Epoch 17/30: Val R²=0.1631 Train R²=0.3995 Gap=0.2363 ✓
[2025-10-28 18:34:53]     Epoch 18/30: Val R²=0.1441 Train R²=0.4041 Gap=0.2600  
[2025-10-28 18:34:57]     Epoch 19/30: Val R²=0.1509 Train R²=0.4041 Gap=0.2533  
[2025-10-28 18:35:02]     Epoch 20/30: Val R²=0.1455 Train R²=0.4076 Gap=0.2621  
[2025-10-28 18:35:02]     Early stopped at epoch 20
[2025-10-28 18:35:02] 
======================================================================
[2025-10-28 18:35:02] Config 72/1000 Complete:
[2025-10-28 18:35:02]   Best Val R²: 0.163136 (epoch 17)
[2025-10-28 18:35:02]   Best Global R²: 0.178249
[2025-10-28 18:35:02]   Overfitting Gap: 0.236325
[2025-10-28 18:35:02]   Parameters: 198,944
[2025-10-28 18:35:02]   Training Time: 89.9s
[2025-10-28 18:35:02]   Not better than global best (0.178249)
[2025-10-28 18:35:02]   Results saved to models/test_bruteforce_search_results.csv
[2025-10-28 18:35:02] 
======================================================================
[2025-10-28 18:35:02] Config 73/1000 - Starting Training:
[2025-10-28 18:35:02]   Architecture:
[2025-10-28 18:35:02]     Lookback: 30, Hidden: 128, Layers: 1, Dropout: 0.1
[2025-10-28 18:35:02]     Bidirectional: True, GRU: True
[2025-10-28 18:35:02]   Output Head:
[2025-10-28 18:35:02]     FC Layers: 2, FC Hidden: 256, Activation: relu
[2025-10-28 18:35:02]     FC Dropout: 0.1, Batch Norm: True
[2025-10-28 18:35:02]   Training:
[2025-10-28 18:35:02]     Batch Size: 256, LR: 0.0001, Weight Decay: 0.0
[2025-10-28 18:35:02]     Optimizer: adamw, Grad Clip: 0.5, LR Patience: 3
[2025-10-28 18:35:04]     Epoch  1/30: Val R²=-0.0244 Train R²=0.0252 Gap=0.0496 ✓
[2025-10-28 18:35:06]     Epoch  2/30: Val R²=-0.0041 Train R²=0.2763 Gap=0.2805 ✓
[2025-10-28 18:35:09]     Epoch  3/30: Val R²=0.0232 Train R²=0.3113 Gap=0.2881 ✓
[2025-10-28 18:35:11]     Epoch  4/30: Val R²=0.0405 Train R²=0.3254 Gap=0.2849 ✓
[2025-10-28 18:35:14]     Epoch  5/30: Val R²=0.0484 Train R²=0.3298 Gap=0.2814 ✓
[2025-10-28 18:35:16]     Epoch  6/30: Val R²=0.0570 Train R²=0.3349 Gap=0.2778 ✓
[2025-10-28 18:35:19]     Epoch  7/30: Val R²=0.0576 Train R²=0.3401 Gap=0.2825 ✓
[2025-10-28 18:35:21]     Epoch  8/30: Val R²=0.0664 Train R²=0.3424 Gap=0.2760 ✓
[2025-10-28 18:35:24]     Epoch  9/30: Val R²=0.0643 Train R²=0.3459 Gap=0.2817  
[2025-10-28 18:35:26]     Epoch 10/30: Val R²=0.0679 Train R²=0.3485 Gap=0.2806 ✓
[2025-10-28 18:35:28]     Epoch 11/30: Val R²=0.0752 Train R²=0.3504 Gap=0.2752 ✓
[2025-10-28 18:35:31]     Epoch 12/30: Val R²=0.0719 Train R²=0.3534 Gap=0.2815  
[2025-10-28 18:35:33]     Epoch 13/30: Val R²=0.0786 Train R²=0.3542 Gap=0.2756 ✓
[2025-10-28 18:35:36]     Epoch 14/30: Val R²=0.0783 Train R²=0.3564 Gap=0.2781  
[2025-10-28 18:35:38]     Epoch 15/30: Val R²=0.0743 Train R²=0.3593 Gap=0.2850  
[2025-10-28 18:35:40]     Epoch 16/30: Val R²=0.0766 Train R²=0.3598 Gap=0.2831  
[2025-10-28 18:35:40]     Early stopped at epoch 16
[2025-10-28 18:35:40] 
======================================================================
[2025-10-28 18:35:40] Config 73/1000 Complete:
[2025-10-28 18:35:40]   Best Val R²: 0.078562 (epoch 13)
[2025-10-28 18:35:40]   Best Global R²: 0.178249
[2025-10-28 18:35:40]   Overfitting Gap: 0.275607
[2025-10-28 18:35:40]   Parameters: 198,944
[2025-10-28 18:35:40]   Training Time: 38.8s
[2025-10-28 18:35:40]   Not better than global best (0.178249)
[2025-10-28 18:35:40]   Results saved to models/test_bruteforce_search_results.csv
[2025-10-28 18:35:40] 
======================================================================
[2025-10-28 18:35:40] Config 74/1000 - Starting Training:
[2025-10-28 18:35:40]   Architecture:
[2025-10-28 18:35:40]     Lookback: 30, Hidden: 128, Layers: 1, Dropout: 0.1
[2025-10-28 18:35:40]     Bidirectional: True, GRU: True
[2025-10-28 18:35:40]   Output Head:
[2025-10-28 18:35:40]     FC Layers: 2, FC Hidden: 256, Activation: relu
[2025-10-28 18:35:40]     FC Dropout: 0.1, Batch Norm: True
[2025-10-28 18:35:40]   Training:
[2025-10-28 18:35:40]     Batch Size: 256, LR: 0.0001, Weight Decay: 0.0
[2025-10-28 18:35:40]     Optimizer: adamw, Grad Clip: 1.0, LR Patience: 3
[2025-10-28 18:35:43]     Epoch  1/30: Val R²=-0.0127 Train R²=0.0842 Gap=0.0969 ✓
[2025-10-28 18:35:45]     Epoch  2/30: Val R²=-0.0019 Train R²=0.2802 Gap=0.2822 ✓
[2025-10-28 18:35:48]     Epoch  3/30: Val R²=0.0253 Train R²=0.3106 Gap=0.2854 ✓
[2025-10-28 18:35:50]     Epoch  4/30: Val R²=0.0359 Train R²=0.3210 Gap=0.2851 ✓
[2025-10-28 18:35:52]     Epoch  5/30: Val R²=0.0469 Train R²=0.3284 Gap=0.2815 ✓
[2025-10-28 18:35:55]     Epoch  6/30: Val R²=0.0517 Train R²=0.3311 Gap=0.2794 ✓
[2025-10-28 18:35:57]     Epoch  7/30: Val R²=0.0607 Train R²=0.3352 Gap=0.2744 ✓
[2025-10-28 18:36:00]     Epoch  8/30: Val R²=0.0686 Train R²=0.3384 Gap=0.2698 ✓
[2025-10-28 18:36:02]     Epoch  9/30: Val R²=0.0706 Train R²=0.3435 Gap=0.2730 ✓
[2025-10-28 18:36:04]     Epoch 10/30: Val R²=0.0745 Train R²=0.3452 Gap=0.2708 ✓
[2025-10-28 18:36:07]     Epoch 11/30: Val R²=0.0720 Train R²=0.3476 Gap=0.2756  
[2025-10-28 18:36:09]     Epoch 12/30: Val R²=0.0787 Train R²=0.3507 Gap=0.2720 ✓
[2025-10-28 18:36:12]     Epoch 13/30: Val R²=0.0823 Train R²=0.3530 Gap=0.2707 ✓
[2025-10-28 18:36:14]     Epoch 14/30: Val R²=0.0838 Train R²=0.3542 Gap=0.2703 ✓
[2025-10-28 18:36:17]     Epoch 15/30: Val R²=0.0860 Train R²=0.3557 Gap=0.2696 ✓
[2025-10-28 18:36:19]     Epoch 16/30: Val R²=0.0861 Train R²=0.3584 Gap=0.2722 ✓
[2025-10-28 18:36:21]     Epoch 17/30: Val R²=0.0907 Train R²=0.3606 Gap=0.2699 ✓
[2025-10-28 18:36:24]     Epoch 18/30: Val R²=0.0942 Train R²=0.3606 Gap=0.2664 ✓
[2025-10-28 18:36:26]     Epoch 19/30: Val R²=0.0954 Train R²=0.3640 Gap=0.2685 ✓
[2025-10-28 18:36:29]     Epoch 20/30: Val R²=0.0982 Train R²=0.3651 Gap=0.2669 ✓
[2025-10-28 18:36:31]     Epoch 21/30: Val R²=0.0976 Train R²=0.3668 Gap=0.2692  
[2025-10-28 18:36:34]     Epoch 22/30: Val R²=0.1008 Train R²=0.3687 Gap=0.2679 ✓
[2025-10-28 18:36:36]     Epoch 23/30: Val R²=0.0954 Train R²=0.3677 Gap=0.2723  
[2025-10-28 18:36:38]     Epoch 24/30: Val R²=0.0960 Train R²=0.3698 Gap=0.2737  
[2025-10-28 18:36:41]     Epoch 25/30: Val R²=0.0950 Train R²=0.3724 Gap=0.2774  
[2025-10-28 18:36:41]     Early stopped at epoch 25
[2025-10-28 18:36:41] 
======================================================================
[2025-10-28 18:36:41] Config 74/1000 Complete:
[2025-10-28 18:36:41]   Best Val R²: 0.100771 (epoch 22)
[2025-10-28 18:36:41]   Best Global R²: 0.178249
[2025-10-28 18:36:41]   Overfitting Gap: 0.267909
[2025-10-28 18:36:41]   Parameters: 198,944
[2025-10-28 18:36:41]   Training Time: 60.3s
[2025-10-28 18:36:41]   Not better than global best (0.178249)
[2025-10-28 18:36:41]   Results saved to models/test_bruteforce_search_results.csv
[2025-10-28 18:36:41] 
======================================================================
[2025-10-28 18:36:41] Config 75/1000 - Starting Training:
[2025-10-28 18:36:41]   Architecture:
[2025-10-28 18:36:41]     Lookback: 30, Hidden: 128, Layers: 1, Dropout: 0.1
[2025-10-28 18:36:41]     Bidirectional: True, GRU: True
[2025-10-28 18:36:41]   Output Head:
[2025-10-28 18:36:41]     FC Layers: 2, FC Hidden: 256, Activation: relu
[2025-10-28 18:36:41]     FC Dropout: 0.1, Batch Norm: True
[2025-10-28 18:36:41]   Training:
[2025-10-28 18:36:41]     Batch Size: 256, LR: 0.0001, Weight Decay: 0.0001
[2025-10-28 18:36:41]     Optimizer: adamw, Grad Clip: 0.5, LR Patience: 3
[2025-10-28 18:36:43]     Epoch  1/30: Val R²=-0.0149 Train R²=0.0617 Gap=0.0765 ✓
[2025-10-28 18:36:46]     Epoch  2/30: Val R²=-0.0082 Train R²=0.2774 Gap=0.2857 ✓
[2025-10-28 18:36:48]     Epoch  3/30: Val R²=0.0162 Train R²=0.3092 Gap=0.2931 ✓
[2025-10-28 18:36:50]     Epoch  4/30: Val R²=0.0297 Train R²=0.3215 Gap=0.2917 ✓
[2025-10-28 18:36:53]     Epoch  5/30: Val R²=0.0455 Train R²=0.3286 Gap=0.2831 ✓
[2025-10-28 18:36:55]     Epoch  6/30: Val R²=0.0484 Train R²=0.3322 Gap=0.2838 ✓
[2025-10-28 18:36:58]     Epoch  7/30: Val R²=0.0568 Train R²=0.3359 Gap=0.2791 ✓
[2025-10-28 18:37:00]     Epoch  8/30: Val R²=0.0603 Train R²=0.3399 Gap=0.2796 ✓
[2025-10-28 18:37:03]     Epoch  9/30: Val R²=0.0673 Train R²=0.3427 Gap=0.2753 ✓
[2025-10-28 18:37:05]     Epoch 10/30: Val R²=0.0669 Train R²=0.3455 Gap=0.2786  
[2025-10-28 18:37:08]     Epoch 11/30: Val R²=0.0691 Train R²=0.3475 Gap=0.2783 ✓
[2025-10-28 18:37:10]     Epoch 12/30: Val R²=0.0761 Train R²=0.3491 Gap=0.2729 ✓
[2025-10-28 18:37:12]     Epoch 13/30: Val R²=0.0749 Train R²=0.3519 Gap=0.2770  
[2025-10-28 18:37:15]     Epoch 14/30: Val R²=0.0777 Train R²=0.3547 Gap=0.2769 ✓
[2025-10-28 18:37:17]     Epoch 15/30: Val R²=0.0842 Train R²=0.3560 Gap=0.2719 ✓
[2025-10-28 18:37:20]     Epoch 16/30: Val R²=0.0865 Train R²=0.3574 Gap=0.2708 ✓
[2025-10-28 18:37:22]     Epoch 17/30: Val R²=0.0907 Train R²=0.3594 Gap=0.2687 ✓
[2025-10-28 18:37:25]     Epoch 18/30: Val R²=0.0867 Train R²=0.3604 Gap=0.2737  
[2025-10-28 18:37:27]     Epoch 19/30: Val R²=0.0900 Train R²=0.3630 Gap=0.2729  
[2025-10-28 18:37:30]     Epoch 20/30: Val R²=0.0941 Train R²=0.3644 Gap=0.2703 ✓
[2025-10-28 18:37:32]     Epoch 21/30: Val R²=0.0932 Train R²=0.3657 Gap=0.2724  
[2025-10-28 18:37:34]     Epoch 22/30: Val R²=0.0938 Train R²=0.3665 Gap=0.2727  
[2025-10-28 18:37:37]     Epoch 23/30: Val R²=0.0951 Train R²=0.3679 Gap=0.2728 ✓
[2025-10-28 18:37:39]     Epoch 24/30: Val R²=0.0963 Train R²=0.3696 Gap=0.2733 ✓
[2025-10-28 18:37:42]     Epoch 25/30: Val R²=0.0988 Train R²=0.3711 Gap=0.2723 ✓
[2025-10-28 18:37:44]     Epoch 26/30: Val R²=0.0870 Train R²=0.3721 Gap=0.2850  
[2025-10-28 18:37:47]     Epoch 27/30: Val R²=0.1022 Train R²=0.3727 Gap=0.2706 ✓
[2025-10-28 18:37:49]     Epoch 28/30: Val R²=0.1000 Train R²=0.3751 Gap=0.2751  
[2025-10-28 18:37:51]     Epoch 29/30: Val R²=0.1072 Train R²=0.3770 Gap=0.2697 ✓
[2025-10-28 18:37:54]     Epoch 30/30: Val R²=0.0991 Train R²=0.3760 Gap=0.2769  
[2025-10-28 18:37:54] 
======================================================================
[2025-10-28 18:37:54] Config 75/1000 Complete:
[2025-10-28 18:37:54]   Best Val R²: 0.107240 (epoch 29)
[2025-10-28 18:37:54]   Best Global R²: 0.178249
[2025-10-28 18:37:54]   Overfitting Gap: 0.269725
[2025-10-28 18:37:54]   Parameters: 198,944
[2025-10-28 18:37:54]   Training Time: 73.2s
[2025-10-28 18:37:54]   Not better than global best (0.178249)
[2025-10-28 18:37:54]   Results saved to models/test_bruteforce_search_results.csv
[2025-10-28 18:37:54] 
======================================================================
[2025-10-28 18:37:54] Config 76/1000 - Starting Training:
[2025-10-28 18:37:54]   Architecture:
[2025-10-28 18:37:54]     Lookback: 30, Hidden: 128, Layers: 1, Dropout: 0.1
[2025-10-28 18:37:54]     Bidirectional: True, GRU: True
[2025-10-28 18:37:54]   Output Head:
[2025-10-28 18:37:54]     FC Layers: 2, FC Hidden: 256, Activation: relu
[2025-10-28 18:37:54]     FC Dropout: 0.1, Batch Norm: True
[2025-10-28 18:37:54]   Training:
[2025-10-28 18:37:54]     Batch Size: 256, LR: 0.0001, Weight Decay: 0.0001
[2025-10-28 18:37:54]     Optimizer: adamw, Grad Clip: 1.0, LR Patience: 3
[2025-10-28 18:37:56]     Epoch  1/30: Val R²=-0.0303 Train R²=0.0273 Gap=0.0577 ✓
[2025-10-28 18:37:59]     Epoch  2/30: Val R²=-0.0235 Train R²=0.2694 Gap=0.2929 ✓
[2025-10-28 18:38:01]     Epoch  3/30: Val R²=0.0036 Train R²=0.3067 Gap=0.3031 ✓
[2025-10-28 18:38:03]     Epoch  4/30: Val R²=0.0254 Train R²=0.3180 Gap=0.2926 ✓
[2025-10-28 18:38:06]     Epoch  5/30: Val R²=0.0323 Train R²=0.3268 Gap=0.2945 ✓
[2025-10-28 18:38:08]     Epoch  6/30: Val R²=0.0423 Train R²=0.3313 Gap=0.2890 ✓
[2025-10-28 18:38:11]     Epoch  7/30: Val R²=0.0464 Train R²=0.3352 Gap=0.2888 ✓
[2025-10-28 18:38:13]     Epoch  8/30: Val R²=0.0547 Train R²=0.3377 Gap=0.2830 ✓
[2025-10-28 18:38:16]     Epoch  9/30: Val R²=0.0595 Train R²=0.3409 Gap=0.2814 ✓
[2025-10-28 18:38:18]     Epoch 10/30: Val R²=0.0641 Train R²=0.3452 Gap=0.2811 ✓
[2025-10-28 18:38:20]     Epoch 11/30: Val R²=0.0615 Train R²=0.3490 Gap=0.2875  
[2025-10-28 18:38:23]     Epoch 12/30: Val R²=0.0705 Train R²=0.3488 Gap=0.2783 ✓
[2025-10-28 18:38:25]     Epoch 13/30: Val R²=0.0757 Train R²=0.3517 Gap=0.2759 ✓
[2025-10-28 18:38:28]     Epoch 14/30: Val R²=0.0763 Train R²=0.3521 Gap=0.2758 ✓
[2025-10-28 18:38:30]     Epoch 15/30: Val R²=0.0825 Train R²=0.3550 Gap=0.2725 ✓
[2025-10-28 18:38:33]     Epoch 16/30: Val R²=0.0835 Train R²=0.3574 Gap=0.2739 ✓
[2025-10-28 18:38:35]     Epoch 17/30: Val R²=0.0805 Train R²=0.3584 Gap=0.2778  
[2025-10-28 18:38:38]     Epoch 18/30: Val R²=0.0819 Train R²=0.3600 Gap=0.2780  
[2025-10-28 18:38:40]     Epoch 19/30: Val R²=0.0874 Train R²=0.3632 Gap=0.2758 ✓
[2025-10-28 18:38:43]     Epoch 20/30: Val R²=0.0810 Train R²=0.3647 Gap=0.2837  
[2025-10-28 18:38:45]     Epoch 21/30: Val R²=0.0888 Train R²=0.3644 Gap=0.2756 ✓
[2025-10-28 18:38:47]     Epoch 22/30: Val R²=0.0880 Train R²=0.3661 Gap=0.2781  
[2025-10-28 18:38:50]     Epoch 23/30: Val R²=0.0881 Train R²=0.3673 Gap=0.2792  
[2025-10-28 18:38:52]     Epoch 24/30: Val R²=0.0940 Train R²=0.3704 Gap=0.2763 ✓
[2025-10-28 18:38:55]     Epoch 25/30: Val R²=0.0947 Train R²=0.3709 Gap=0.2762 ✓
[2025-10-28 18:38:57]     Epoch 26/30: Val R²=0.0955 Train R²=0.3720 Gap=0.2765 ✓
[2025-10-28 18:39:00]     Epoch 27/30: Val R²=0.0973 Train R²=0.3727 Gap=0.2754 ✓
[2025-10-28 18:39:02]     Epoch 28/30: Val R²=0.1010 Train R²=0.3744 Gap=0.2733 ✓
[2025-10-28 18:39:04]     Epoch 29/30: Val R²=0.1011 Train R²=0.3757 Gap=0.2746 ✓
[2025-10-28 18:39:07]     Epoch 30/30: Val R²=0.0991 Train R²=0.3757 Gap=0.2767  
[2025-10-28 18:39:07] 
======================================================================
[2025-10-28 18:39:07] Config 76/1000 Complete:
[2025-10-28 18:39:07]   Best Val R²: 0.101112 (epoch 29)
[2025-10-28 18:39:07]   Best Global R²: 0.178249
[2025-10-28 18:39:07]   Overfitting Gap: 0.274591
[2025-10-28 18:39:07]   Parameters: 198,944
[2025-10-28 18:39:07]   Training Time: 72.9s
[2025-10-28 18:39:07]   Not better than global best (0.178249)
[2025-10-28 18:39:07]   Results saved to models/test_bruteforce_search_results.csv
[2025-10-28 18:39:07] 
======================================================================
[2025-10-28 18:39:07] Config 77/1000 - Starting Training:
[2025-10-28 18:39:07]   Architecture:
[2025-10-28 18:39:07]     Lookback: 30, Hidden: 128, Layers: 1, Dropout: 0.1
[2025-10-28 18:39:07]     Bidirectional: True, GRU: True
[2025-10-28 18:39:07]   Output Head:
[2025-10-28 18:39:07]     FC Layers: 2, FC Hidden: 256, Activation: relu
[2025-10-28 18:39:07]     FC Dropout: 0.1, Batch Norm: True
[2025-10-28 18:39:07]   Training:
[2025-10-28 18:39:07]     Batch Size: 256, LR: 0.0005, Weight Decay: 0.0
[2025-10-28 18:39:07]     Optimizer: adamw, Grad Clip: 0.5, LR Patience: 3
[2025-10-28 18:39:09]     Epoch  1/30: Val R²=0.0313 Train R²=0.2283 Gap=0.1970 ✓
[2025-10-28 18:39:12]     Epoch  2/30: Val R²=0.0635 Train R²=0.3261 Gap=0.2627 ✓
[2025-10-28 18:39:14]     Epoch  3/30: Val R²=0.0756 Train R²=0.3404 Gap=0.2648 ✓
[2025-10-28 18:39:16]     Epoch  4/30: Val R²=0.0806 Train R²=0.3501 Gap=0.2695 ✓
[2025-10-28 18:39:19]     Epoch  5/30: Val R²=0.0923 Train R²=0.3544 Gap=0.2621 ✓
[2025-10-28 18:39:21]     Epoch  6/30: Val R²=0.0968 Train R²=0.3620 Gap=0.2653 ✓
[2025-10-28 18:39:24]     Epoch  7/30: Val R²=0.1064 Train R²=0.3663 Gap=0.2599 ✓
[2025-10-28 18:39:26]     Epoch  8/30: Val R²=0.1059 Train R²=0.3687 Gap=0.2628  
[2025-10-28 18:39:29]     Epoch  9/30: Val R²=0.1111 Train R²=0.3714 Gap=0.2604 ✓
[2025-10-28 18:39:31]     Epoch 10/30: Val R²=0.1200 Train R²=0.3759 Gap=0.2560 ✓
[2025-10-28 18:39:33]     Epoch 11/30: Val R²=0.1287 Train R²=0.3794 Gap=0.2507 ✓
[2025-10-28 18:39:36]     Epoch 12/30: Val R²=0.1161 Train R²=0.3777 Gap=0.2616  
[2025-10-28 18:39:38]     Epoch 13/30: Val R²=0.1334 Train R²=0.3849 Gap=0.2515 ✓
[2025-10-28 18:39:41]     Epoch 14/30: Val R²=0.1207 Train R²=0.3864 Gap=0.2656  
[2025-10-28 18:39:43]     Epoch 15/30: Val R²=0.1264 Train R²=0.3876 Gap=0.2612  
[2025-10-28 18:39:46]     Epoch 16/30: Val R²=0.1341 Train R²=0.3937 Gap=0.2596 ✓
[2025-10-28 18:39:48]     Epoch 17/30: Val R²=0.1417 Train R²=0.3943 Gap=0.2526 ✓
[2025-10-28 18:39:50]     Epoch 18/30: Val R²=0.1378 Train R²=0.3973 Gap=0.2594  
[2025-10-28 18:39:53]     Epoch 19/30: Val R²=0.1502 Train R²=0.3977 Gap=0.2475 ✓
[2025-10-28 18:39:55]     Epoch 20/30: Val R²=0.1330 Train R²=0.4023 Gap=0.2694  
[2025-10-28 18:39:58]     Epoch 21/30: Val R²=0.1535 Train R²=0.4033 Gap=0.2498 ✓
[2025-10-28 18:40:00]     Epoch 22/30: Val R²=0.1557 Train R²=0.4062 Gap=0.2505 ✓
[2025-10-28 18:40:02]     Epoch 23/30: Val R²=0.1416 Train R²=0.4103 Gap=0.2687  
[2025-10-28 18:40:05]     Epoch 24/30: Val R²=0.1449 Train R²=0.4096 Gap=0.2647  
[2025-10-28 18:40:07]     Epoch 25/30: Val R²=0.1465 Train R²=0.4132 Gap=0.2668  
[2025-10-28 18:40:07]     Early stopped at epoch 25
[2025-10-28 18:40:07] 
======================================================================
[2025-10-28 18:40:07] Config 77/1000 Complete:
[2025-10-28 18:40:07]   Best Val R²: 0.155698 (epoch 22)
[2025-10-28 18:40:07]   Best Global R²: 0.178249
[2025-10-28 18:40:07]   Overfitting Gap: 0.250465
[2025-10-28 18:40:07]   Parameters: 198,944
[2025-10-28 18:40:07]   Training Time: 60.6s
[2025-10-28 18:40:07]   Not better than global best (0.178249)
[2025-10-28 18:40:07]   Results saved to models/test_bruteforce_search_results.csv
[2025-10-28 18:40:07] 
======================================================================
[2025-10-28 18:40:07] Config 78/1000 - Starting Training:
[2025-10-28 18:40:07]   Architecture:
[2025-10-28 18:40:07]     Lookback: 30, Hidden: 128, Layers: 1, Dropout: 0.1
[2025-10-28 18:40:07]     Bidirectional: True, GRU: True
[2025-10-28 18:40:07]   Output Head:
[2025-10-28 18:40:07]     FC Layers: 2, FC Hidden: 256, Activation: relu
[2025-10-28 18:40:07]     FC Dropout: 0.1, Batch Norm: True
[2025-10-28 18:40:07]   Training:
[2025-10-28 18:40:07]     Batch Size: 256, LR: 0.0005, Weight Decay: 0.0
[2025-10-28 18:40:07]     Optimizer: adamw, Grad Clip: 1.0, LR Patience: 3
[2025-10-28 18:40:10]     Epoch  1/30: Val R²=0.0295 Train R²=0.2216 Gap=0.1921 ✓
[2025-10-28 18:40:12]     Epoch  2/30: Val R²=0.0592 Train R²=0.3251 Gap=0.2658 ✓
[2025-10-28 18:40:15]     Epoch  3/30: Val R²=0.0733 Train R²=0.3382 Gap=0.2649 ✓
[2025-10-28 18:40:17]     Epoch  4/30: Val R²=0.0684 Train R²=0.3451 Gap=0.2767  
[2025-10-28 18:40:19]     Epoch  5/30: Val R²=0.0825 Train R²=0.3540 Gap=0.2715 ✓
[2025-10-28 18:40:22]     Epoch  6/30: Val R²=0.0911 Train R²=0.3572 Gap=0.2661 ✓
[2025-10-28 18:40:24]     Epoch  7/30: Val R²=0.0974 Train R²=0.3634 Gap=0.2660 ✓
[2025-10-28 18:40:27]     Epoch  8/30: Val R²=0.0951 Train R²=0.3663 Gap=0.2712  
[2025-10-28 18:40:29]     Epoch  9/30: Val R²=0.1007 Train R²=0.3714 Gap=0.2707 ✓
[2025-10-28 18:40:32]     Epoch 10/30: Val R²=0.0999 Train R²=0.3747 Gap=0.2747  
[2025-10-28 18:40:34]     Epoch 11/30: Val R²=0.1113 Train R²=0.3753 Gap=0.2640 ✓
[2025-10-28 18:40:36]     Epoch 12/30: Val R²=0.1173 Train R²=0.3788 Gap=0.2615 ✓
[2025-10-28 18:40:39]     Epoch 13/30: Val R²=0.1128 Train R²=0.3810 Gap=0.2682  
[2025-10-28 18:40:41]     Epoch 14/30: Val R²=0.1157 Train R²=0.3826 Gap=0.2669  
[2025-10-28 18:40:44]     Epoch 15/30: Val R²=0.1229 Train R²=0.3860 Gap=0.2631 ✓
[2025-10-28 18:40:46]     Epoch 16/30: Val R²=0.1305 Train R²=0.3902 Gap=0.2597 ✓
[2025-10-28 18:40:48]     Epoch 17/30: Val R²=0.1258 Train R²=0.3945 Gap=0.2687  
[2025-10-28 18:40:51]     Epoch 18/30: Val R²=0.1208 Train R²=0.3945 Gap=0.2737  
[2025-10-28 18:40:53]     Epoch 19/30: Val R²=0.1174 Train R²=0.3962 Gap=0.2788  
[2025-10-28 18:40:53]     Early stopped at epoch 19
[2025-10-28 18:40:53] 
======================================================================
[2025-10-28 18:40:53] Config 78/1000 Complete:
[2025-10-28 18:40:53]   Best Val R²: 0.130488 (epoch 16)
[2025-10-28 18:40:53]   Best Global R²: 0.178249
[2025-10-28 18:40:53]   Overfitting Gap: 0.259696
[2025-10-28 18:40:53]   Parameters: 198,944
[2025-10-28 18:40:53]   Training Time: 46.0s
[2025-10-28 18:40:53]   Not better than global best (0.178249)
[2025-10-28 18:40:53]   Results saved to models/test_bruteforce_search_results.csv
[2025-10-28 18:40:53] 
======================================================================
[2025-10-28 18:40:53] Config 79/1000 - Starting Training:
[2025-10-28 18:40:53]   Architecture:
[2025-10-28 18:40:53]     Lookback: 30, Hidden: 128, Layers: 1, Dropout: 0.1
[2025-10-28 18:40:53]     Bidirectional: True, GRU: True
[2025-10-28 18:40:53]   Output Head:
[2025-10-28 18:40:53]     FC Layers: 2, FC Hidden: 256, Activation: relu
[2025-10-28 18:40:53]     FC Dropout: 0.1, Batch Norm: True
[2025-10-28 18:40:53]   Training:
[2025-10-28 18:40:53]     Batch Size: 256, LR: 0.0005, Weight Decay: 0.0001
[2025-10-28 18:40:53]     Optimizer: adamw, Grad Clip: 0.5, LR Patience: 3
[2025-10-28 18:40:56]     Epoch  1/30: Val R²=0.0356 Train R²=0.2301 Gap=0.1945 ✓
[2025-10-28 18:40:58]     Epoch  2/30: Val R²=0.0535 Train R²=0.3288 Gap=0.2752 ✓
[2025-10-28 18:41:01]     Epoch  3/30: Val R²=0.0708 Train R²=0.3430 Gap=0.2722 ✓
[2025-10-28 18:41:03]     Epoch  4/30: Val R²=0.0699 Train R²=0.3473 Gap=0.2774  
[2025-10-28 18:41:06]     Epoch  5/30: Val R²=0.0956 Train R²=0.3548 Gap=0.2591 ✓
[2025-10-28 18:41:08]     Epoch  6/30: Val R²=0.0987 Train R²=0.3601 Gap=0.2614 ✓
[2025-10-28 18:41:10]     Epoch  7/30: Val R²=0.0880 Train R²=0.3679 Gap=0.2799  
[2025-10-28 18:41:13]     Epoch  8/30: Val R²=0.1028 Train R²=0.3683 Gap=0.2655 ✓
[2025-10-28 18:41:15]     Epoch  9/30: Val R²=0.1047 Train R²=0.3703 Gap=0.2655 ✓
[2025-10-28 18:41:18]     Epoch 10/30: Val R²=0.1172 Train R²=0.3753 Gap=0.2580 ✓
[2025-10-28 18:41:20]     Epoch 11/30: Val R²=0.1003 Train R²=0.3799 Gap=0.2797  
[2025-10-28 18:41:23]     Epoch 12/30: Val R²=0.0952 Train R²=0.3798 Gap=0.2846  
[2025-10-28 18:41:25]     Epoch 13/30: Val R²=0.1128 Train R²=0.3809 Gap=0.2681  
[2025-10-28 18:41:25]     Early stopped at epoch 13
[2025-10-28 18:41:25] 
======================================================================
[2025-10-28 18:41:25] Config 79/1000 Complete:
[2025-10-28 18:41:25]   Best Val R²: 0.117249 (epoch 10)
[2025-10-28 18:41:25]   Best Global R²: 0.178249
[2025-10-28 18:41:25]   Overfitting Gap: 0.258011
[2025-10-28 18:41:25]   Parameters: 198,944
[2025-10-28 18:41:25]   Training Time: 31.6s
[2025-10-28 18:41:25]   Not better than global best (0.178249)
[2025-10-28 18:41:25]   Results saved to models/test_bruteforce_search_results.csv
[2025-10-28 18:41:25] 
======================================================================
[2025-10-28 18:41:25] Config 80/1000 - Starting Training:
[2025-10-28 18:41:25]   Architecture:
[2025-10-28 18:41:25]     Lookback: 30, Hidden: 128, Layers: 1, Dropout: 0.1
[2025-10-28 18:41:25]     Bidirectional: True, GRU: True
[2025-10-28 18:41:25]   Output Head:
[2025-10-28 18:41:25]     FC Layers: 2, FC Hidden: 256, Activation: relu
[2025-10-28 18:41:25]     FC Dropout: 0.1, Batch Norm: True
[2025-10-28 18:41:25]   Training:
[2025-10-28 18:41:25]     Batch Size: 256, LR: 0.0005, Weight Decay: 0.0001
[2025-10-28 18:41:25]     Optimizer: adamw, Grad Clip: 1.0, LR Patience: 3
[2025-10-28 18:41:27]     Epoch  1/30: Val R²=0.0268 Train R²=0.2251 Gap=0.1983 ✓
[2025-10-28 18:41:30]     Epoch  2/30: Val R²=0.0639 Train R²=0.3245 Gap=0.2606 ✓
[2025-10-28 18:41:32]     Epoch  3/30: Val R²=0.0699 Train R²=0.3375 Gap=0.2675 ✓
[2025-10-28 18:41:35]     Epoch  4/30: Val R²=0.0807 Train R²=0.3470 Gap=0.2663 ✓
[2025-10-28 18:41:37]     Epoch  5/30: Val R²=0.0953 Train R²=0.3536 Gap=0.2583 ✓
[2025-10-28 18:41:39]     Epoch  6/30: Val R²=0.0846 Train R²=0.3538 Gap=0.2691  
[2025-10-28 18:41:42]     Epoch  7/30: Val R²=0.0788 Train R²=0.3647 Gap=0.2859  
[2025-10-28 18:41:44]     Epoch  8/30: Val R²=0.0960 Train R²=0.3676 Gap=0.2716 ✓
[2025-10-28 18:41:47]     Epoch  9/30: Val R²=0.1098 Train R²=0.3704 Gap=0.2606 ✓
[2025-10-28 18:41:49]     Epoch 10/30: Val R²=0.1011 Train R²=0.3747 Gap=0.2737  
[2025-10-28 18:41:52]     Epoch 11/30: Val R²=0.1044 Train R²=0.3752 Gap=0.2708  
[2025-10-28 18:41:54]     Epoch 12/30: Val R²=0.1169 Train R²=0.3794 Gap=0.2625 ✓
[2025-10-28 18:41:56]     Epoch 13/30: Val R²=0.1149 Train R²=0.3843 Gap=0.2693  
[2025-10-28 18:41:59]     Epoch 14/30: Val R²=0.1219 Train R²=0.3853 Gap=0.2635 ✓
[2025-10-28 18:42:01]     Epoch 15/30: Val R²=0.1199 Train R²=0.3865 Gap=0.2667  
[2025-10-28 18:42:04]     Epoch 16/30: Val R²=0.1260 Train R²=0.3898 Gap=0.2638 ✓
[2025-10-28 18:42:06]     Epoch 17/30: Val R²=0.1315 Train R²=0.3932 Gap=0.2616 ✓
[2025-10-28 18:42:08]     Epoch 18/30: Val R²=0.1194 Train R²=0.3940 Gap=0.2746  
[2025-10-28 18:42:11]     Epoch 19/30: Val R²=0.1302 Train R²=0.3967 Gap=0.2666  
[2025-10-28 18:42:13]     Epoch 20/30: Val R²=0.1266 Train R²=0.4005 Gap=0.2739  
[2025-10-28 18:42:13]     Early stopped at epoch 20
[2025-10-28 18:42:13] 
======================================================================
[2025-10-28 18:42:13] Config 80/1000 Complete:
[2025-10-28 18:42:13]   Best Val R²: 0.131542 (epoch 17)
[2025-10-28 18:42:13]   Best Global R²: 0.178249
[2025-10-28 18:42:13]   Overfitting Gap: 0.261634
[2025-10-28 18:42:13]   Parameters: 198,944
[2025-10-28 18:42:13]   Training Time: 48.1s
[2025-10-28 18:42:13]   Not better than global best (0.178249)
[2025-10-28 18:42:13]   Results saved to models/test_bruteforce_search_results.csv
[2025-10-28 18:42:13] 
======================================================================
[2025-10-28 18:42:13] Config 81/1000 - Starting Training:
[2025-10-28 18:42:13]   Architecture:
[2025-10-28 18:42:13]     Lookback: 30, Hidden: 128, Layers: 1, Dropout: 0.1
[2025-10-28 18:42:13]     Bidirectional: True, GRU: True
[2025-10-28 18:42:13]   Output Head:
[2025-10-28 18:42:13]     FC Layers: 2, FC Hidden: 256, Activation: relu
[2025-10-28 18:42:13]     FC Dropout: 0.2, Batch Norm: True
[2025-10-28 18:42:13]   Training:
[2025-10-28 18:42:13]     Batch Size: 128, LR: 0.0001, Weight Decay: 0.0
[2025-10-28 18:42:13]     Optimizer: adamw, Grad Clip: 0.5, LR Patience: 3
[2025-10-28 18:42:18]     Epoch  1/30: Val R²=-0.0043 Train R²=0.1006 Gap=0.1049 ✓
[2025-10-28 18:42:22]     Epoch  2/30: Val R²=0.0192 Train R²=0.2757 Gap=0.2564 ✓
[2025-10-28 18:42:27]     Epoch  3/30: Val R²=0.0307 Train R²=0.2939 Gap=0.2633 ✓
[2025-10-28 18:42:32]     Epoch  4/30: Val R²=0.0467 Train R²=0.3038 Gap=0.2571 ✓
[2025-10-28 18:42:36]     Epoch  5/30: Val R²=0.0506 Train R²=0.3113 Gap=0.2607 ✓
[2025-10-28 18:42:40]     Epoch  6/30: Val R²=0.0552 Train R²=0.3167 Gap=0.2615 ✓
[2025-10-28 18:42:46]     Epoch  7/30: Val R²=0.0569 Train R²=0.3215 Gap=0.2647 ✓
[2025-10-28 18:42:51]     Epoch  8/30: Val R²=0.0683 Train R²=0.3258 Gap=0.2575 ✓
[2025-10-28 18:42:57]     Epoch  9/30: Val R²=0.0751 Train R²=0.3295 Gap=0.2544 ✓
[2025-10-28 18:43:02]     Epoch 10/30: Val R²=0.0722 Train R²=0.3352 Gap=0.2629  
[2025-10-28 18:43:08]     Epoch 11/30: Val R²=0.0682 Train R²=0.3380 Gap=0.2698  
[2025-10-28 18:43:13]     Epoch 12/30: Val R²=0.0789 Train R²=0.3391 Gap=0.2602 ✓
[2025-10-28 18:43:19]     Epoch 13/30: Val R²=0.0853 Train R²=0.3435 Gap=0.2583 ✓
[2025-10-28 18:43:25]     Epoch 14/30: Val R²=0.0847 Train R²=0.3471 Gap=0.2625  
[2025-10-28 18:43:31]     Epoch 15/30: Val R²=0.0857 Train R²=0.3483 Gap=0.2626 ✓
[2025-10-28 18:43:36]     Epoch 16/30: Val R²=0.0857 Train R²=0.3508 Gap=0.2651 ✓
[2025-10-28 18:43:42]     Epoch 17/30: Val R²=0.0951 Train R²=0.3519 Gap=0.2567 ✓
[2025-10-28 18:43:48]     Epoch 18/30: Val R²=0.0936 Train R²=0.3552 Gap=0.2616  
[2025-10-28 18:43:53]     Epoch 19/30: Val R²=0.0981 Train R²=0.3572 Gap=0.2590 ✓
[2025-10-28 18:43:59]     Epoch 20/30: Val R²=0.0990 Train R²=0.3590 Gap=0.2600 ✓
[2025-10-28 18:44:05]     Epoch 21/30: Val R²=0.1013 Train R²=0.3602 Gap=0.2589 ✓
[2025-10-28 18:44:11]     Epoch 22/30: Val R²=0.0980 Train R²=0.3625 Gap=0.2644  
[2025-10-28 18:44:16]     Epoch 23/30: Val R²=0.1015 Train R²=0.3637 Gap=0.2623 ✓
[2025-10-28 18:44:22]     Epoch 24/30: Val R²=0.1013 Train R²=0.3653 Gap=0.2640  
[2025-10-28 18:44:28]     Epoch 25/30: Val R²=0.1074 Train R²=0.3687 Gap=0.2613 ✓
[2025-10-28 18:44:34]     Epoch 26/30: Val R²=0.0990 Train R²=0.3689 Gap=0.2699  
[2025-10-28 18:44:40]     Epoch 27/30: Val R²=0.1041 Train R²=0.3707 Gap=0.2666  
[2025-10-28 18:44:46]     Epoch 28/30: Val R²=0.1104 Train R²=0.3709 Gap=0.2604 ✓
[2025-10-28 18:44:52]     Epoch 29/30: Val R²=0.1046 Train R²=0.3739 Gap=0.2692  
[2025-10-28 18:44:57]     Epoch 30/30: Val R²=0.1051 Train R²=0.3767 Gap=0.2716  
[2025-10-28 18:44:57] 
======================================================================
[2025-10-28 18:44:57] Config 81/1000 Complete:
[2025-10-28 18:44:57]   Best Val R²: 0.110446 (epoch 28)
[2025-10-28 18:44:57]   Best Global R²: 0.178249
[2025-10-28 18:44:57]   Overfitting Gap: 0.260405
[2025-10-28 18:44:57]   Parameters: 198,944
[2025-10-28 18:44:57]   Training Time: 164.3s
[2025-10-28 18:44:57]   Not better than global best (0.178249)
[2025-10-28 18:44:57]   Results saved to models/test_bruteforce_search_results.csv
[2025-10-28 18:44:57] 
======================================================================
[2025-10-28 18:44:57] Config 82/1000 - Starting Training:
[2025-10-28 18:44:57]   Architecture:
[2025-10-28 18:44:57]     Lookback: 30, Hidden: 128, Layers: 1, Dropout: 0.1
[2025-10-28 18:44:57]     Bidirectional: True, GRU: True
[2025-10-28 18:44:57]   Output Head:
[2025-10-28 18:44:57]     FC Layers: 2, FC Hidden: 256, Activation: relu
[2025-10-28 18:44:57]     FC Dropout: 0.2, Batch Norm: True
[2025-10-28 18:44:57]   Training:
[2025-10-28 18:44:57]     Batch Size: 128, LR: 0.0001, Weight Decay: 0.0
[2025-10-28 18:44:57]     Optimizer: adamw, Grad Clip: 1.0, LR Patience: 3
[2025-10-28 18:45:03]     Epoch  1/30: Val R²=-0.0236 Train R²=0.1084 Gap=0.1320 ✓
[2025-10-28 18:45:09]     Epoch  2/30: Val R²=0.0236 Train R²=0.2715 Gap=0.2479 ✓
[2025-10-28 18:45:15]     Epoch  3/30: Val R²=0.0419 Train R²=0.2885 Gap=0.2466 ✓
[2025-10-28 18:45:21]     Epoch  4/30: Val R²=0.0554 Train R²=0.2993 Gap=0.2439 ✓
[2025-10-28 18:45:26]     Epoch  5/30: Val R²=0.0594 Train R²=0.3067 Gap=0.2472 ✓
[2025-10-28 18:45:32]     Epoch  6/30: Val R²=0.0582 Train R²=0.3135 Gap=0.2553  
[2025-10-28 18:45:37]     Epoch  7/30: Val R²=0.0734 Train R²=0.3195 Gap=0.2460 ✓
[2025-10-28 18:45:42]     Epoch  8/30: Val R²=0.0736 Train R²=0.3222 Gap=0.2486 ✓
[2025-10-28 18:45:46]     Epoch  9/30: Val R²=0.0753 Train R²=0.3252 Gap=0.2498 ✓
[2025-10-28 18:45:51]     Epoch 10/30: Val R²=0.0833 Train R²=0.3313 Gap=0.2480 ✓
[2025-10-28 18:45:55]     Epoch 11/30: Val R²=0.0777 Train R²=0.3318 Gap=0.2540  
[2025-10-28 18:45:59]     Epoch 12/30: Val R²=0.0788 Train R²=0.3354 Gap=0.2566  
[2025-10-28 18:46:04]     Epoch 13/30: Val R²=0.0815 Train R²=0.3393 Gap=0.2578  
[2025-10-28 18:46:04]     Early stopped at epoch 13
[2025-10-28 18:46:04] 
======================================================================
[2025-10-28 18:46:04] Config 82/1000 Complete:
[2025-10-28 18:46:04]   Best Val R²: 0.083279 (epoch 10)
[2025-10-28 18:46:04]   Best Global R²: 0.178249
[2025-10-28 18:46:04]   Overfitting Gap: 0.247976
[2025-10-28 18:46:04]   Parameters: 198,944
[2025-10-28 18:46:04]   Training Time: 66.4s
[2025-10-28 18:46:04]   Not better than global best (0.178249)
[2025-10-28 18:46:04]   Results saved to models/test_bruteforce_search_results.csv
[2025-10-28 18:46:04] 
======================================================================
[2025-10-28 18:46:04] Config 83/1000 - Starting Training:
[2025-10-28 18:46:04]   Architecture:
[2025-10-28 18:46:04]     Lookback: 30, Hidden: 128, Layers: 1, Dropout: 0.1
[2025-10-28 18:46:04]     Bidirectional: True, GRU: True
[2025-10-28 18:46:04]   Output Head:
[2025-10-28 18:46:04]     FC Layers: 2, FC Hidden: 256, Activation: relu
[2025-10-28 18:46:04]     FC Dropout: 0.2, Batch Norm: True
[2025-10-28 18:46:04]   Training:
[2025-10-28 18:46:04]     Batch Size: 128, LR: 0.0001, Weight Decay: 0.0001
[2025-10-28 18:46:04]     Optimizer: adamw, Grad Clip: 0.5, LR Patience: 3
[2025-10-28 18:46:08]     Epoch  1/30: Val R²=-0.0025 Train R²=0.0946 Gap=0.0971 ✓
[2025-10-28 18:46:13]     Epoch  2/30: Val R²=0.0451 Train R²=0.2759 Gap=0.2308 ✓
[2025-10-28 18:46:18]     Epoch  3/30: Val R²=0.0540 Train R²=0.2930 Gap=0.2389 ✓
[2025-10-28 18:46:22]     Epoch  4/30: Val R²=0.0583 Train R²=0.3029 Gap=0.2446 ✓
[2025-10-28 18:46:27]     Epoch  5/30: Val R²=0.0664 Train R²=0.3100 Gap=0.2436 ✓
[2025-10-28 18:46:31]     Epoch  6/30: Val R²=0.0672 Train R²=0.3157 Gap=0.2485 ✓
[2025-10-28 18:46:36]     Epoch  7/30: Val R²=0.0741 Train R²=0.3194 Gap=0.2453 ✓
[2025-10-28 18:46:40]     Epoch  8/30: Val R²=0.0741 Train R²=0.3269 Gap=0.2528 ✓
[2025-10-28 18:46:45]     Epoch  9/30: Val R²=0.0733 Train R²=0.3313 Gap=0.2580  
[2025-10-28 18:46:49]     Epoch 10/30: Val R²=0.0831 Train R²=0.3312 Gap=0.2481 ✓
[2025-10-28 18:46:54]     Epoch 11/30: Val R²=0.0866 Train R²=0.3361 Gap=0.2495 ✓
[2025-10-28 18:46:59]     Epoch 12/30: Val R²=0.0799 Train R²=0.3403 Gap=0.2604  
[2025-10-28 18:47:03]     Epoch 13/30: Val R²=0.0822 Train R²=0.3432 Gap=0.2610  
[2025-10-28 18:47:08]     Epoch 14/30: Val R²=0.0824 Train R²=0.3460 Gap=0.2635  
[2025-10-28 18:47:08]     Early stopped at epoch 14
[2025-10-28 18:47:08] 
======================================================================
[2025-10-28 18:47:08] Config 83/1000 Complete:
[2025-10-28 18:47:08]   Best Val R²: 0.086603 (epoch 11)
[2025-10-28 18:47:08]   Best Global R²: 0.178249
[2025-10-28 18:47:08]   Overfitting Gap: 0.249518
[2025-10-28 18:47:08]   Parameters: 198,944
[2025-10-28 18:47:08]   Training Time: 63.6s
[2025-10-28 18:47:08]   Not better than global best (0.178249)
[2025-10-28 18:47:08]   Results saved to models/test_bruteforce_search_results.csv
[2025-10-28 18:47:08] 
======================================================================
[2025-10-28 18:47:08] Config 84/1000 - Starting Training:
[2025-10-28 18:47:08]   Architecture:
[2025-10-28 18:47:08]     Lookback: 30, Hidden: 128, Layers: 1, Dropout: 0.1
[2025-10-28 18:47:08]     Bidirectional: True, GRU: True
[2025-10-28 18:47:08]   Output Head:
[2025-10-28 18:47:08]     FC Layers: 2, FC Hidden: 256, Activation: relu
[2025-10-28 18:47:08]     FC Dropout: 0.2, Batch Norm: True
[2025-10-28 18:47:08]   Training:
[2025-10-28 18:47:08]     Batch Size: 128, LR: 0.0001, Weight Decay: 0.0001
[2025-10-28 18:47:08]     Optimizer: adamw, Grad Clip: 1.0, LR Patience: 3
[2025-10-28 18:47:12]     Epoch  1/30: Val R²=-0.0263 Train R²=0.0821 Gap=0.1083 ✓
[2025-10-28 18:47:16]     Epoch  2/30: Val R²=0.0094 Train R²=0.2679 Gap=0.2585 ✓
[2025-10-28 18:47:21]     Epoch  3/30: Val R²=0.0310 Train R²=0.2884 Gap=0.2573 ✓
[2025-10-28 18:47:25]     Epoch  4/30: Val R²=0.0396 Train R²=0.2992 Gap=0.2596 ✓
[2025-10-28 18:47:30]     Epoch  5/30: Val R²=0.0560 Train R²=0.3076 Gap=0.2516 ✓
[2025-10-28 18:47:34]     Epoch  6/30: Val R²=0.0518 Train R²=0.3133 Gap=0.2615  
[2025-10-28 18:47:39]     Epoch  7/30: Val R²=0.0581 Train R²=0.3185 Gap=0.2604 ✓
[2025-10-28 18:47:43]     Epoch  8/30: Val R²=0.0617 Train R²=0.3233 Gap=0.2617 ✓
[2025-10-28 18:47:47]     Epoch  9/30: Val R²=0.0757 Train R²=0.3281 Gap=0.2524 ✓
[2025-10-28 18:47:52]     Epoch 10/30: Val R²=0.0740 Train R²=0.3289 Gap=0.2548  
[2025-10-28 18:47:56]     Epoch 11/30: Val R²=0.0713 Train R²=0.3351 Gap=0.2638  
[2025-10-28 18:48:01]     Epoch 12/30: Val R²=0.0725 Train R²=0.3372 Gap=0.2647  
[2025-10-28 18:48:01]     Early stopped at epoch 12
[2025-10-28 18:48:01] 
======================================================================
[2025-10-28 18:48:01] Config 84/1000 Complete:
[2025-10-28 18:48:01]   Best Val R²: 0.075691 (epoch 9)
[2025-10-28 18:48:01]   Best Global R²: 0.178249
[2025-10-28 18:48:01]   Overfitting Gap: 0.252431
[2025-10-28 18:48:01]   Parameters: 198,944
[2025-10-28 18:48:01]   Training Time: 53.0s
[2025-10-28 18:48:01]   Not better than global best (0.178249)
[2025-10-28 18:48:01]   Results saved to models/test_bruteforce_search_results.csv
[2025-10-28 18:48:01] 
======================================================================
[2025-10-28 18:48:01] Config 85/1000 - Starting Training:
[2025-10-28 18:48:01]   Architecture:
[2025-10-28 18:48:01]     Lookback: 30, Hidden: 128, Layers: 1, Dropout: 0.1
[2025-10-28 18:48:01]     Bidirectional: True, GRU: True
[2025-10-28 18:48:01]   Output Head:
[2025-10-28 18:48:01]     FC Layers: 2, FC Hidden: 256, Activation: relu
[2025-10-28 18:48:01]     FC Dropout: 0.2, Batch Norm: True
[2025-10-28 18:48:01]   Training:
[2025-10-28 18:48:01]     Batch Size: 128, LR: 0.0005, Weight Decay: 0.0
[2025-10-28 18:48:01]     Optimizer: adamw, Grad Clip: 0.5, LR Patience: 3
[2025-10-28 18:48:05]     Epoch  1/30: Val R²=0.0488 Train R²=0.2401 Gap=0.1913 ✓
[2025-10-28 18:48:09]     Epoch  2/30: Val R²=0.0567 Train R²=0.3079 Gap=0.2512 ✓
[2025-10-28 18:48:14]     Epoch  3/30: Val R²=0.0794 Train R²=0.3272 Gap=0.2478 ✓
[2025-10-28 18:48:18]     Epoch  4/30: Val R²=0.0882 Train R²=0.3369 Gap=0.2487 ✓
[2025-10-28 18:48:23]     Epoch  5/30: Val R²=0.0950 Train R²=0.3469 Gap=0.2519 ✓
[2025-10-28 18:48:27]     Epoch  6/30: Val R²=0.0831 Train R²=0.3529 Gap=0.2698  
[2025-10-28 18:48:31]     Epoch  7/30: Val R²=0.1088 Train R²=0.3625 Gap=0.2537 ✓
[2025-10-28 18:48:36]     Epoch  8/30: Val R²=0.0948 Train R²=0.3643 Gap=0.2695  
[2025-10-28 18:48:40]     Epoch  9/30: Val R²=0.0982 Train R²=0.3663 Gap=0.2681  
[2025-10-28 18:48:45]     Epoch 10/30: Val R²=0.1086 Train R²=0.3714 Gap=0.2628  
[2025-10-28 18:48:45]     Early stopped at epoch 10
[2025-10-28 18:48:45] 
======================================================================
[2025-10-28 18:48:45] Config 85/1000 Complete:
[2025-10-28 18:48:45]   Best Val R²: 0.108793 (epoch 7)
[2025-10-28 18:48:45]   Best Global R²: 0.178249
[2025-10-28 18:48:45]   Overfitting Gap: 0.253687
[2025-10-28 18:48:45]   Parameters: 198,944
[2025-10-28 18:48:45]   Training Time: 44.2s
[2025-10-28 18:48:45]   Not better than global best (0.178249)
[2025-10-28 18:48:45]   Results saved to models/test_bruteforce_search_results.csv
[2025-10-28 18:48:45] 
======================================================================
[2025-10-28 18:48:45] Config 86/1000 - Starting Training:
[2025-10-28 18:48:45]   Architecture:
[2025-10-28 18:48:45]     Lookback: 30, Hidden: 128, Layers: 1, Dropout: 0.1
[2025-10-28 18:48:45]     Bidirectional: True, GRU: True
[2025-10-28 18:48:45]   Output Head:
[2025-10-28 18:48:45]     FC Layers: 2, FC Hidden: 256, Activation: relu
[2025-10-28 18:48:45]     FC Dropout: 0.2, Batch Norm: True
[2025-10-28 18:48:45]   Training:
[2025-10-28 18:48:45]     Batch Size: 128, LR: 0.0005, Weight Decay: 0.0
[2025-10-28 18:48:45]     Optimizer: adamw, Grad Clip: 1.0, LR Patience: 3
[2025-10-28 18:48:49]     Epoch  1/30: Val R²=0.0487 Train R²=0.2351 Gap=0.1864 ✓
[2025-10-28 18:48:54]     Epoch  2/30: Val R²=0.0648 Train R²=0.3091 Gap=0.2442 ✓
[2025-10-28 18:48:58]     Epoch  3/30: Val R²=0.0915 Train R²=0.3247 Gap=0.2332 ✓
[2025-10-28 18:49:03]     Epoch  4/30: Val R²=0.0921 Train R²=0.3351 Gap=0.2430 ✓
[2025-10-28 18:49:07]     Epoch  5/30: Val R²=0.1039 Train R²=0.3478 Gap=0.2439 ✓
[2025-10-28 18:49:11]     Epoch  6/30: Val R²=0.1102 Train R²=0.3517 Gap=0.2414 ✓
[2025-10-28 18:49:16]     Epoch  7/30: Val R²=0.1114 Train R²=0.3591 Gap=0.2476 ✓
[2025-10-28 18:49:20]     Epoch  8/30: Val R²=0.1136 Train R²=0.3629 Gap=0.2493 ✓
[2025-10-28 18:49:25]     Epoch  9/30: Val R²=0.1109 Train R²=0.3681 Gap=0.2572  
[2025-10-28 18:49:29]     Epoch 10/30: Val R²=0.1243 Train R²=0.3719 Gap=0.2476 ✓
[2025-10-28 18:49:34]     Epoch 11/30: Val R²=0.1313 Train R²=0.3758 Gap=0.2445 ✓
[2025-10-28 18:49:38]     Epoch 12/30: Val R²=0.1336 Train R²=0.3804 Gap=0.2469 ✓
[2025-10-28 18:49:43]     Epoch 13/30: Val R²=0.1448 Train R²=0.3828 Gap=0.2380 ✓
[2025-10-28 18:49:47]     Epoch 14/30: Val R²=0.1389 Train R²=0.3848 Gap=0.2458  
[2025-10-28 18:49:51]     Epoch 15/30: Val R²=0.1592 Train R²=0.3888 Gap=0.2296 ✓
[2025-10-28 18:49:56]     Epoch 16/30: Val R²=0.1602 Train R²=0.3901 Gap=0.2299 ✓
[2025-10-28 18:50:00]     Epoch 17/30: Val R²=0.1602 Train R²=0.3960 Gap=0.2358 ✓
[2025-10-28 18:50:05]     Epoch 18/30: Val R²=0.1477 Train R²=0.3988 Gap=0.2511  
[2025-10-28 18:50:09]     Epoch 19/30: Val R²=0.1520 Train R²=0.4019 Gap=0.2498  
[2025-10-28 18:50:14]     Epoch 20/30: Val R²=0.1675 Train R²=0.4027 Gap=0.2352 ✓
[2025-10-28 18:50:18]     Epoch 21/30: Val R²=0.1495 Train R²=0.4065 Gap=0.2570  
[2025-10-28 18:50:23]     Epoch 22/30: Val R²=0.1385 Train R²=0.4083 Gap=0.2698  
[2025-10-28 18:50:27]     Epoch 23/30: Val R²=0.1682 Train R²=0.4116 Gap=0.2434 ✓
[2025-10-28 18:50:31]     Epoch 24/30: Val R²=0.1559 Train R²=0.4153 Gap=0.2595  
[2025-10-28 18:50:36]     Epoch 25/30: Val R²=0.1566 Train R²=0.4170 Gap=0.2604  
[2025-10-28 18:50:40]     Epoch 26/30: Val R²=0.1521 Train R²=0.4183 Gap=0.2662  
[2025-10-28 18:50:40]     Early stopped at epoch 26
[2025-10-28 18:50:40] 
======================================================================
[2025-10-28 18:50:40] Config 86/1000 Complete:
[2025-10-28 18:50:40]   Best Val R²: 0.168188 (epoch 23)
[2025-10-28 18:50:40]   Best Global R²: 0.178249
[2025-10-28 18:50:40]   Overfitting Gap: 0.243399
[2025-10-28 18:50:40]   Parameters: 198,944
[2025-10-28 18:50:40]   Training Time: 115.4s
[2025-10-28 18:50:40]   Not better than global best (0.178249)
[2025-10-28 18:50:40]   Results saved to models/test_bruteforce_search_results.csv
[2025-10-28 18:50:40] 
======================================================================
[2025-10-28 18:50:40] Config 87/1000 - Starting Training:
[2025-10-28 18:50:40]   Architecture:
[2025-10-28 18:50:40]     Lookback: 30, Hidden: 128, Layers: 1, Dropout: 0.1
[2025-10-28 18:50:40]     Bidirectional: True, GRU: True
[2025-10-28 18:50:40]   Output Head:
[2025-10-28 18:50:40]     FC Layers: 2, FC Hidden: 256, Activation: relu
[2025-10-28 18:50:40]     FC Dropout: 0.2, Batch Norm: True
[2025-10-28 18:50:40]   Training:
[2025-10-28 18:50:40]     Batch Size: 128, LR: 0.0005, Weight Decay: 0.0001
[2025-10-28 18:50:40]     Optimizer: adamw, Grad Clip: 0.5, LR Patience: 3
[2025-10-28 18:50:45]     Epoch  1/30: Val R²=0.0343 Train R²=0.2383 Gap=0.2040 ✓
[2025-10-28 18:50:49]     Epoch  2/30: Val R²=0.0697 Train R²=0.3099 Gap=0.2402 ✓
[2025-10-28 18:50:54]     Epoch  3/30: Val R²=0.0819 Train R²=0.3289 Gap=0.2470 ✓
[2025-10-28 18:50:58]     Epoch  4/30: Val R²=0.0914 Train R²=0.3387 Gap=0.2473 ✓
[2025-10-28 18:51:03]     Epoch  5/30: Val R²=0.0990 Train R²=0.3487 Gap=0.2497 ✓
[2025-10-28 18:51:07]     Epoch  6/30: Val R²=0.1026 Train R²=0.3564 Gap=0.2538 ✓
[2025-10-28 18:51:11]     Epoch  7/30: Val R²=0.1096 Train R²=0.3653 Gap=0.2556 ✓
[2025-10-28 18:51:16]     Epoch  8/30: Val R²=0.1161 Train R²=0.3671 Gap=0.2511 ✓
[2025-10-28 18:51:20]     Epoch  9/30: Val R²=0.1245 Train R²=0.3692 Gap=0.2447 ✓
[2025-10-28 18:51:25]     Epoch 10/30: Val R²=0.1250 Train R²=0.3745 Gap=0.2494 ✓
[2025-10-28 18:51:29]     Epoch 11/30: Val R²=0.1291 Train R²=0.3760 Gap=0.2470 ✓
[2025-10-28 18:51:34]     Epoch 12/30: Val R²=0.1473 Train R²=0.3840 Gap=0.2367 ✓
[2025-10-28 18:51:38]     Epoch 13/30: Val R²=0.1296 Train R²=0.3832 Gap=0.2536  
[2025-10-28 18:51:43]     Epoch 14/30: Val R²=0.1423 Train R²=0.3870 Gap=0.2448  
[2025-10-28 18:51:47]     Epoch 15/30: Val R²=0.1497 Train R²=0.3893 Gap=0.2396 ✓
[2025-10-28 18:51:52]     Epoch 16/30: Val R²=0.1610 Train R²=0.3943 Gap=0.2333 ✓
[2025-10-28 18:51:56]     Epoch 17/30: Val R²=0.1506 Train R²=0.3956 Gap=0.2449  
[2025-10-28 18:52:01]     Epoch 18/30: Val R²=0.1549 Train R²=0.3989 Gap=0.2440  
[2025-10-28 18:52:05]     Epoch 19/30: Val R²=0.1545 Train R²=0.4022 Gap=0.2476  
[2025-10-28 18:52:05]     Early stopped at epoch 19
[2025-10-28 18:52:05] 
======================================================================
[2025-10-28 18:52:05] Config 87/1000 Complete:
[2025-10-28 18:52:05]   Best Val R²: 0.160966 (epoch 16)
[2025-10-28 18:52:05]   Best Global R²: 0.178249
[2025-10-28 18:52:05]   Overfitting Gap: 0.233303
[2025-10-28 18:52:05]   Parameters: 198,944
[2025-10-28 18:52:05]   Training Time: 84.8s
[2025-10-28 18:52:05]   Not better than global best (0.178249)
[2025-10-28 18:52:05]   Results saved to models/test_bruteforce_search_results.csv
[2025-10-28 18:52:05] 
======================================================================
[2025-10-28 18:52:05] Config 88/1000 - Starting Training:
[2025-10-28 18:52:05]   Architecture:
[2025-10-28 18:52:05]     Lookback: 30, Hidden: 128, Layers: 1, Dropout: 0.1
[2025-10-28 18:52:05]     Bidirectional: True, GRU: True
[2025-10-28 18:52:05]   Output Head:
[2025-10-28 18:52:05]     FC Layers: 2, FC Hidden: 256, Activation: relu
[2025-10-28 18:52:05]     FC Dropout: 0.2, Batch Norm: True
[2025-10-28 18:52:05]   Training:
[2025-10-28 18:52:05]     Batch Size: 128, LR: 0.0005, Weight Decay: 0.0001
[2025-10-28 18:52:05]     Optimizer: adamw, Grad Clip: 1.0, LR Patience: 3
[2025-10-28 18:52:10]     Epoch  1/30: Val R²=0.0503 Train R²=0.2355 Gap=0.1852 ✓
[2025-10-28 18:52:14]     Epoch  2/30: Val R²=0.0455 Train R²=0.3074 Gap=0.2618  
[2025-10-28 18:52:18]     Epoch  3/30: Val R²=0.0791 Train R²=0.3241 Gap=0.2450 ✓
[2025-10-28 18:52:23]     Epoch  4/30: Val R²=0.0972 Train R²=0.3379 Gap=0.2406 ✓
[2025-10-28 18:52:27]     Epoch  5/30: Val R²=0.0818 Train R²=0.3468 Gap=0.2650  
[2025-10-28 18:52:32]     Epoch  6/30: Val R²=0.0873 Train R²=0.3525 Gap=0.2652  
[2025-10-28 18:52:36]     Epoch  7/30: Val R²=0.0963 Train R²=0.3590 Gap=0.2628  
[2025-10-28 18:52:36]     Early stopped at epoch 7
[2025-10-28 18:52:36] 
======================================================================
[2025-10-28 18:52:36] Config 88/1000 Complete:
[2025-10-28 18:52:36]   Best Val R²: 0.097216 (epoch 4)
[2025-10-28 18:52:36]   Best Global R²: 0.178249
[2025-10-28 18:52:36]   Overfitting Gap: 0.240647
[2025-10-28 18:52:36]   Parameters: 198,944
[2025-10-28 18:52:36]   Training Time: 31.4s
[2025-10-28 18:52:36]   Not better than global best (0.178249)
[2025-10-28 18:52:36]   Results saved to models/test_bruteforce_search_results.csv
[2025-10-28 18:52:36] 
======================================================================
[2025-10-28 18:52:36] Config 89/1000 - Starting Training:
[2025-10-28 18:52:36]   Architecture:
[2025-10-28 18:52:36]     Lookback: 30, Hidden: 128, Layers: 1, Dropout: 0.1
[2025-10-28 18:52:36]     Bidirectional: True, GRU: True
[2025-10-28 18:52:36]   Output Head:
[2025-10-28 18:52:36]     FC Layers: 2, FC Hidden: 256, Activation: relu
[2025-10-28 18:52:36]     FC Dropout: 0.2, Batch Norm: True
[2025-10-28 18:52:36]   Training:
[2025-10-28 18:52:36]     Batch Size: 256, LR: 0.0001, Weight Decay: 0.0
[2025-10-28 18:52:36]     Optimizer: adamw, Grad Clip: 0.5, LR Patience: 3
[2025-10-28 18:52:39]     Epoch  1/30: Val R²=-0.0259 Train R²=0.0176 Gap=0.0434 ✓
[2025-10-28 18:52:41]     Epoch  2/30: Val R²=-0.0091 Train R²=0.2443 Gap=0.2535 ✓
[2025-10-28 18:52:44]     Epoch  3/30: Val R²=0.0124 Train R²=0.2777 Gap=0.2653 ✓
[2025-10-28 18:52:46]     Epoch  4/30: Val R²=0.0317 Train R²=0.2901 Gap=0.2584 ✓
[2025-10-28 18:52:48]     Epoch  5/30: Val R²=0.0413 Train R²=0.2973 Gap=0.2560 ✓
[2025-10-28 18:52:51]     Epoch  6/30: Val R²=0.0472 Train R²=0.3047 Gap=0.2575 ✓
[2025-10-28 18:52:53]     Epoch  7/30: Val R²=0.0549 Train R²=0.3092 Gap=0.2543 ✓
[2025-10-28 18:52:56]     Epoch  8/30: Val R²=0.0597 Train R²=0.3144 Gap=0.2548 ✓
[2025-10-28 18:52:58]     Epoch  9/30: Val R²=0.0649 Train R²=0.3182 Gap=0.2534 ✓
[2025-10-28 18:53:00]     Epoch 10/30: Val R²=0.0689 Train R²=0.3213 Gap=0.2525 ✓
[2025-10-28 18:53:03]     Epoch 11/30: Val R²=0.0768 Train R²=0.3269 Gap=0.2501 ✓
[2025-10-28 18:53:05]     Epoch 12/30: Val R²=0.0791 Train R²=0.3276 Gap=0.2485 ✓
[2025-10-28 18:53:08]     Epoch 13/30: Val R²=0.0797 Train R²=0.3315 Gap=0.2518 ✓
[2025-10-28 18:53:10]     Epoch 14/30: Val R²=0.0846 Train R²=0.3331 Gap=0.2486 ✓
[2025-10-28 18:53:12]     Epoch 15/30: Val R²=0.0893 Train R²=0.3351 Gap=0.2458 ✓
[2025-10-28 18:53:15]     Epoch 16/30: Val R²=0.0892 Train R²=0.3399 Gap=0.2506  
[2025-10-28 18:53:17]     Epoch 17/30: Val R²=0.0887 Train R²=0.3405 Gap=0.2518  
[2025-10-28 18:53:20]     Epoch 18/30: Val R²=0.0905 Train R²=0.3422 Gap=0.2517 ✓
[2025-10-28 18:53:22]     Epoch 19/30: Val R²=0.0939 Train R²=0.3467 Gap=0.2528 ✓
[2025-10-28 18:53:24]     Epoch 20/30: Val R²=0.0904 Train R²=0.3475 Gap=0.2570  
[2025-10-28 18:53:27]     Epoch 21/30: Val R²=0.0940 Train R²=0.3483 Gap=0.2543 ✓
[2025-10-28 18:53:29]     Epoch 22/30: Val R²=0.0923 Train R²=0.3510 Gap=0.2587  
[2025-10-28 18:53:32]     Epoch 23/30: Val R²=0.0965 Train R²=0.3553 Gap=0.2588 ✓
[2025-10-28 18:53:34]     Epoch 24/30: Val R²=0.0972 Train R²=0.3548 Gap=0.2576 ✓
[2025-10-28 18:53:36]     Epoch 25/30: Val R²=0.1041 Train R²=0.3567 Gap=0.2526 ✓
[2025-10-28 18:53:39]     Epoch 26/30: Val R²=0.1016 Train R²=0.3606 Gap=0.2590  
[2025-10-28 18:53:41]     Epoch 27/30: Val R²=0.1048 Train R²=0.3600 Gap=0.2553 ✓
[2025-10-28 18:53:44]     Epoch 28/30: Val R²=0.1031 Train R²=0.3618 Gap=0.2587  
[2025-10-28 18:53:46]     Epoch 29/30: Val R²=0.1002 Train R²=0.3649 Gap=0.2647  
[2025-10-28 18:53:49]     Epoch 30/30: Val R²=0.1016 Train R²=0.3658 Gap=0.2642  
[2025-10-28 18:53:49]     Early stopped at epoch 30
[2025-10-28 18:53:49] 
======================================================================
[2025-10-28 18:53:49] Config 89/1000 Complete:
[2025-10-28 18:53:49]   Best Val R²: 0.104772 (epoch 27)
[2025-10-28 18:53:49]   Best Global R²: 0.178249
[2025-10-28 18:53:49]   Overfitting Gap: 0.255277
[2025-10-28 18:53:49]   Parameters: 198,944
[2025-10-28 18:53:49]   Training Time: 72.1s
[2025-10-28 18:53:49]   Not better than global best (0.178249)
[2025-10-28 18:53:49]   Results saved to models/test_bruteforce_search_results.csv
[2025-10-28 18:53:49] 
======================================================================
[2025-10-28 18:53:49] Config 90/1000 - Starting Training:
[2025-10-28 18:53:49]   Architecture:
[2025-10-28 18:53:49]     Lookback: 30, Hidden: 128, Layers: 1, Dropout: 0.1
[2025-10-28 18:53:49]     Bidirectional: True, GRU: True
[2025-10-28 18:53:49]   Output Head:
[2025-10-28 18:53:49]     FC Layers: 2, FC Hidden: 256, Activation: relu
[2025-10-28 18:53:49]     FC Dropout: 0.2, Batch Norm: True
[2025-10-28 18:53:49]   Training:
[2025-10-28 18:53:49]     Batch Size: 256, LR: 0.0001, Weight Decay: 0.0
[2025-10-28 18:53:49]     Optimizer: adamw, Grad Clip: 1.0, LR Patience: 3
[2025-10-28 18:53:51]     Epoch  1/30: Val R²=-0.0144 Train R²=0.0271 Gap=0.0415 ✓
[2025-10-28 18:53:53]     Epoch  2/30: Val R²=0.0028 Train R²=0.2351 Gap=0.2323 ✓
[2025-10-28 18:53:56]     Epoch  3/30: Val R²=0.0265 Train R²=0.2719 Gap=0.2455 ✓
[2025-10-28 18:53:58]     Epoch  4/30: Val R²=0.0415 Train R²=0.2861 Gap=0.2446 ✓
[2025-10-28 18:54:01]     Epoch  5/30: Val R²=0.0454 Train R²=0.2942 Gap=0.2489 ✓
[2025-10-28 18:54:03]     Epoch  6/30: Val R²=0.0537 Train R²=0.3012 Gap=0.2475 ✓
[2025-10-28 18:54:05]     Epoch  7/30: Val R²=0.0599 Train R²=0.3051 Gap=0.2452 ✓
[2025-10-28 18:54:08]     Epoch  8/30: Val R²=0.0669 Train R²=0.3102 Gap=0.2434 ✓
[2025-10-28 18:54:10]     Epoch  9/30: Val R²=0.0744 Train R²=0.3148 Gap=0.2404 ✓
[2025-10-28 18:54:13]     Epoch 10/30: Val R²=0.0789 Train R²=0.3185 Gap=0.2396 ✓
[2025-10-28 18:54:15]     Epoch 11/30: Val R²=0.0806 Train R²=0.3216 Gap=0.2410 ✓
[2025-10-28 18:54:17]     Epoch 12/30: Val R²=0.0780 Train R²=0.3256 Gap=0.2476  
[2025-10-28 18:54:20]     Epoch 13/30: Val R²=0.0833 Train R²=0.3289 Gap=0.2457 ✓
[2025-10-28 18:54:22]     Epoch 14/30: Val R²=0.0873 Train R²=0.3309 Gap=0.2436 ✓
[2025-10-28 18:54:25]     Epoch 15/30: Val R²=0.0900 Train R²=0.3319 Gap=0.2419 ✓
[2025-10-28 18:54:27]     Epoch 16/30: Val R²=0.0905 Train R²=0.3358 Gap=0.2453 ✓
[2025-10-28 18:54:29]     Epoch 17/30: Val R²=0.0921 Train R²=0.3378 Gap=0.2457 ✓
[2025-10-28 18:54:32]     Epoch 18/30: Val R²=0.0891 Train R²=0.3404 Gap=0.2513  
[2025-10-28 18:54:34]     Epoch 19/30: Val R²=0.0911 Train R²=0.3434 Gap=0.2523  
[2025-10-28 18:54:36]     Epoch 20/30: Val R²=0.0898 Train R²=0.3447 Gap=0.2548  
[2025-10-28 18:54:36]     Early stopped at epoch 20
[2025-10-28 18:54:36] 
======================================================================
[2025-10-28 18:54:36] Config 90/1000 Complete:
[2025-10-28 18:54:36]   Best Val R²: 0.092121 (epoch 17)
[2025-10-28 18:54:36]   Best Global R²: 0.178249
[2025-10-28 18:54:36]   Overfitting Gap: 0.245711
[2025-10-28 18:54:36]   Parameters: 198,944
[2025-10-28 18:54:36]   Training Time: 48.0s
[2025-10-28 18:54:36]   Not better than global best (0.178249)
[2025-10-28 18:54:37]   Results saved to models/test_bruteforce_search_results.csv
[2025-10-28 18:54:37] 
======================================================================
[2025-10-28 18:54:37] Config 91/1000 - Starting Training:
[2025-10-28 18:54:37]   Architecture:
[2025-10-28 18:54:37]     Lookback: 30, Hidden: 128, Layers: 1, Dropout: 0.1
[2025-10-28 18:54:37]     Bidirectional: True, GRU: True
[2025-10-28 18:54:37]   Output Head:
[2025-10-28 18:54:37]     FC Layers: 2, FC Hidden: 256, Activation: relu
[2025-10-28 18:54:37]     FC Dropout: 0.2, Batch Norm: True
[2025-10-28 18:54:37]   Training:
[2025-10-28 18:54:37]     Batch Size: 256, LR: 0.0001, Weight Decay: 0.0001
[2025-10-28 18:54:37]     Optimizer: adamw, Grad Clip: 0.5, LR Patience: 3
[2025-10-28 18:54:39]     Epoch  1/30: Val R²=-0.0241 Train R²=0.0025 Gap=0.0266 ✓
[2025-10-28 18:54:41]     Epoch  2/30: Val R²=-0.0086 Train R²=0.2402 Gap=0.2489 ✓
[2025-10-28 18:54:44]     Epoch  3/30: Val R²=0.0225 Train R²=0.2782 Gap=0.2558 ✓
[2025-10-28 18:54:46]     Epoch  4/30: Val R²=0.0387 Train R²=0.2910 Gap=0.2523 ✓
[2025-10-28 18:54:49]     Epoch  5/30: Val R²=0.0442 Train R²=0.2998 Gap=0.2556 ✓
[2025-10-28 18:54:51]     Epoch  6/30: Val R²=0.0543 Train R²=0.3041 Gap=0.2498 ✓
[2025-10-28 18:54:54]     Epoch  7/30: Val R²=0.0587 Train R²=0.3117 Gap=0.2529 ✓
[2025-10-28 18:54:56]     Epoch  8/30: Val R²=0.0595 Train R²=0.3147 Gap=0.2553 ✓
[2025-10-28 18:54:58]     Epoch  9/30: Val R²=0.0634 Train R²=0.3200 Gap=0.2566 ✓
[2025-10-28 18:55:01]     Epoch 10/30: Val R²=0.0611 Train R²=0.3222 Gap=0.2610  
[2025-10-28 18:55:03]     Epoch 11/30: Val R²=0.0590 Train R²=0.3254 Gap=0.2664  
[2025-10-28 18:55:06]     Epoch 12/30: Val R²=0.0714 Train R²=0.3292 Gap=0.2577 ✓
[2025-10-28 18:55:08]     Epoch 13/30: Val R²=0.0777 Train R²=0.3307 Gap=0.2529 ✓
[2025-10-28 18:55:11]     Epoch 14/30: Val R²=0.0738 Train R²=0.3358 Gap=0.2619  
[2025-10-28 18:55:13]     Epoch 15/30: Val R²=0.0813 Train R²=0.3359 Gap=0.2546 ✓
[2025-10-28 18:55:15]     Epoch 16/30: Val R²=0.0827 Train R²=0.3403 Gap=0.2576 ✓
[2025-10-28 18:55:18]     Epoch 17/30: Val R²=0.0827 Train R²=0.3412 Gap=0.2585  
[2025-10-28 18:55:20]     Epoch 18/30: Val R²=0.0846 Train R²=0.3443 Gap=0.2598 ✓
[2025-10-28 18:55:23]     Epoch 19/30: Val R²=0.0842 Train R²=0.3464 Gap=0.2622  
[2025-10-28 18:55:25]     Epoch 20/30: Val R²=0.0929 Train R²=0.3491 Gap=0.2562 ✓
[2025-10-28 18:55:28]     Epoch 21/30: Val R²=0.0952 Train R²=0.3506 Gap=0.2553 ✓
[2025-10-28 18:55:30]     Epoch 22/30: Val R²=0.0914 Train R²=0.3521 Gap=0.2606  
[2025-10-28 18:55:32]     Epoch 23/30: Val R²=0.0951 Train R²=0.3537 Gap=0.2587  
[2025-10-28 18:55:35]     Epoch 24/30: Val R²=0.0989 Train R²=0.3561 Gap=0.2572 ✓
[2025-10-28 18:55:37]     Epoch 25/30: Val R²=0.0976 Train R²=0.3571 Gap=0.2594  
[2025-10-28 18:55:40]     Epoch 26/30: Val R²=0.1024 Train R²=0.3583 Gap=0.2559 ✓
[2025-10-28 18:55:42]     Epoch 27/30: Val R²=0.1037 Train R²=0.3615 Gap=0.2577 ✓
[2025-10-28 18:55:45]     Epoch 28/30: Val R²=0.1030 Train R²=0.3629 Gap=0.2600  
[2025-10-28 18:55:47]     Epoch 29/30: Val R²=0.1016 Train R²=0.3630 Gap=0.2615  
[2025-10-28 18:55:49]     Epoch 30/30: Val R²=0.1044 Train R²=0.3659 Gap=0.2615 ✓
[2025-10-28 18:55:49] 
======================================================================
[2025-10-28 18:55:49] Config 91/1000 Complete:
[2025-10-28 18:55:49]   Best Val R²: 0.104368 (epoch 30)
[2025-10-28 18:55:49]   Best Global R²: 0.178249
[2025-10-28 18:55:49]   Overfitting Gap: 0.261518
[2025-10-28 18:55:49]   Parameters: 198,944
[2025-10-28 18:55:49]   Training Time: 72.9s
[2025-10-28 18:55:49]   Not better than global best (0.178249)
[2025-10-28 18:55:49]   Results saved to models/test_bruteforce_search_results.csv
[2025-10-28 18:55:49] 
======================================================================
[2025-10-28 18:55:49] Config 92/1000 - Starting Training:
[2025-10-28 18:55:49]   Architecture:
[2025-10-28 18:55:49]     Lookback: 30, Hidden: 128, Layers: 1, Dropout: 0.1
[2025-10-28 18:55:49]     Bidirectional: True, GRU: True
[2025-10-28 18:55:49]   Output Head:
[2025-10-28 18:55:49]     FC Layers: 2, FC Hidden: 256, Activation: relu
[2025-10-28 18:55:49]     FC Dropout: 0.2, Batch Norm: True
[2025-10-28 18:55:49]   Training:
[2025-10-28 18:55:49]     Batch Size: 256, LR: 0.0001, Weight Decay: 0.0001
[2025-10-28 18:55:49]     Optimizer: adamw, Grad Clip: 1.0, LR Patience: 3
[2025-10-28 18:55:52]     Epoch  1/30: Val R²=-0.0159 Train R²=0.0654 Gap=0.0814 ✓
[2025-10-28 18:55:54]     Epoch  2/30: Val R²=-0.0059 Train R²=0.2453 Gap=0.2512 ✓
[2025-10-28 18:55:57]     Epoch  3/30: Val R²=0.0196 Train R²=0.2733 Gap=0.2537 ✓
[2025-10-28 18:55:59]     Epoch  4/30: Val R²=0.0391 Train R²=0.2886 Gap=0.2495 ✓
[2025-10-28 18:56:02]     Epoch  5/30: Val R²=0.0489 Train R²=0.2954 Gap=0.2464 ✓
[2025-10-28 18:56:04]     Epoch  6/30: Val R²=0.0522 Train R²=0.3014 Gap=0.2492 ✓
[2025-10-28 18:56:06]     Epoch  7/30: Val R²=0.0589 Train R²=0.3068 Gap=0.2479 ✓
[2025-10-28 18:56:09]     Epoch  8/30: Val R²=0.0611 Train R²=0.3122 Gap=0.2511 ✓
[2025-10-28 18:56:11]     Epoch  9/30: Val R²=0.0674 Train R²=0.3153 Gap=0.2479 ✓
[2025-10-28 18:56:14]     Epoch 10/30: Val R²=0.0732 Train R²=0.3191 Gap=0.2459 ✓
[2025-10-28 18:56:16]     Epoch 11/30: Val R²=0.0781 Train R²=0.3208 Gap=0.2427 ✓
[2025-10-28 18:56:19]     Epoch 12/30: Val R²=0.0773 Train R²=0.3251 Gap=0.2478  
[2025-10-28 18:56:21]     Epoch 13/30: Val R²=0.0825 Train R²=0.3287 Gap=0.2463 ✓
[2025-10-28 18:56:23]     Epoch 14/30: Val R²=0.0772 Train R²=0.3308 Gap=0.2537  
[2025-10-28 18:56:26]     Epoch 15/30: Val R²=0.0798 Train R²=0.3334 Gap=0.2535  
[2025-10-28 18:56:28]     Epoch 16/30: Val R²=0.0840 Train R²=0.3358 Gap=0.2518 ✓
[2025-10-28 18:56:31]     Epoch 17/30: Val R²=0.0897 Train R²=0.3387 Gap=0.2490 ✓
[2025-10-28 18:56:33]     Epoch 18/30: Val R²=0.0914 Train R²=0.3403 Gap=0.2489 ✓
[2025-10-28 18:56:35]     Epoch 19/30: Val R²=0.0863 Train R²=0.3398 Gap=0.2535  
[2025-10-28 18:56:38]     Epoch 20/30: Val R²=0.0910 Train R²=0.3431 Gap=0.2521  
[2025-10-28 18:56:40]     Epoch 21/30: Val R²=0.0918 Train R²=0.3467 Gap=0.2549 ✓
[2025-10-28 18:56:43]     Epoch 22/30: Val R²=0.0949 Train R²=0.3470 Gap=0.2521 ✓
[2025-10-28 18:56:45]     Epoch 23/30: Val R²=0.0971 Train R²=0.3484 Gap=0.2514 ✓
[2025-10-28 18:56:47]     Epoch 24/30: Val R²=0.0968 Train R²=0.3521 Gap=0.2553  
[2025-10-28 18:56:50]     Epoch 25/30: Val R²=0.0977 Train R²=0.3537 Gap=0.2560 ✓
[2025-10-28 18:56:52]     Epoch 26/30: Val R²=0.0936 Train R²=0.3573 Gap=0.2637  
[2025-10-28 18:56:55]     Epoch 27/30: Val R²=0.0933 Train R²=0.3585 Gap=0.2652  
[2025-10-28 18:56:57]     Epoch 28/30: Val R²=0.1002 Train R²=0.3589 Gap=0.2587 ✓
[2025-10-28 18:56:59]     Epoch 29/30: Val R²=0.1001 Train R²=0.3610 Gap=0.2609  
[2025-10-28 18:57:02]     Epoch 30/30: Val R²=0.1046 Train R²=0.3614 Gap=0.2568 ✓
[2025-10-28 18:57:02] 
======================================================================
[2025-10-28 18:57:02] Config 92/1000 Complete:
[2025-10-28 18:57:02]   Best Val R²: 0.104621 (epoch 30)
[2025-10-28 18:57:02]   Best Global R²: 0.178249
[2025-10-28 18:57:02]   Overfitting Gap: 0.256815
[2025-10-28 18:57:02]   Parameters: 198,944
[2025-10-28 18:57:02]   Training Time: 72.4s
[2025-10-28 18:57:02]   Not better than global best (0.178249)
[2025-10-28 18:57:02]   Results saved to models/test_bruteforce_search_results.csv
[2025-10-28 18:57:02] 
======================================================================
[2025-10-28 18:57:02] Config 93/1000 - Starting Training:
[2025-10-28 18:57:02]   Architecture:
[2025-10-28 18:57:02]     Lookback: 30, Hidden: 128, Layers: 1, Dropout: 0.1
[2025-10-28 18:57:02]     Bidirectional: True, GRU: True
[2025-10-28 18:57:02]   Output Head:
[2025-10-28 18:57:02]     FC Layers: 2, FC Hidden: 256, Activation: relu
[2025-10-28 18:57:02]     FC Dropout: 0.2, Batch Norm: True
[2025-10-28 18:57:02]   Training:
[2025-10-28 18:57:02]     Batch Size: 256, LR: 0.0005, Weight Decay: 0.0
[2025-10-28 18:57:02]     Optimizer: adamw, Grad Clip: 0.5, LR Patience: 3
[2025-10-28 18:57:04]     Epoch  1/30: Val R²=0.0319 Train R²=0.1990 Gap=0.1671 ✓
[2025-10-28 18:57:07]     Epoch  2/30: Val R²=0.0552 Train R²=0.2971 Gap=0.2419 ✓
[2025-10-28 18:57:09]     Epoch  3/30: Val R²=0.0588 Train R²=0.3168 Gap=0.2579 ✓
[2025-10-28 18:57:12]     Epoch  4/30: Val R²=0.0679 Train R²=0.3277 Gap=0.2598 ✓
[2025-10-28 18:57:14]     Epoch  5/30: Val R²=0.0795 Train R²=0.3367 Gap=0.2571 ✓
[2025-10-28 18:57:16]     Epoch  6/30: Val R²=0.0930 Train R²=0.3433 Gap=0.2503 ✓
[2025-10-28 18:57:19]     Epoch  7/30: Val R²=0.0886 Train R²=0.3519 Gap=0.2633  
[2025-10-28 18:57:21]     Epoch  8/30: Val R²=0.1078 Train R²=0.3542 Gap=0.2463 ✓
[2025-10-28 18:57:23]     Epoch  9/30: Val R²=0.1019 Train R²=0.3604 Gap=0.2585  
[2025-10-28 18:57:26]     Epoch 10/30: Val R²=0.1118 Train R²=0.3636 Gap=0.2518 ✓
[2025-10-28 18:57:28]     Epoch 11/30: Val R²=0.1039 Train R²=0.3694 Gap=0.2655  
[2025-10-28 18:57:31]     Epoch 12/30: Val R²=0.1074 Train R²=0.3734 Gap=0.2659  
[2025-10-28 18:57:33]     Epoch 13/30: Val R²=0.0987 Train R²=0.3750 Gap=0.2763  
[2025-10-28 18:57:33]     Early stopped at epoch 13
[2025-10-28 18:57:33] 
======================================================================
[2025-10-28 18:57:33] Config 93/1000 Complete:
[2025-10-28 18:57:33]   Best Val R²: 0.111838 (epoch 10)
[2025-10-28 18:57:33]   Best Global R²: 0.178249
[2025-10-28 18:57:33]   Overfitting Gap: 0.251802
[2025-10-28 18:57:33]   Parameters: 198,944
[2025-10-28 18:57:33]   Training Time: 31.2s
[2025-10-28 18:57:33]   Not better than global best (0.178249)
[2025-10-28 18:57:33]   Results saved to models/test_bruteforce_search_results.csv
[2025-10-28 18:57:33] 
======================================================================
[2025-10-28 18:57:33] Config 94/1000 - Starting Training:
[2025-10-28 18:57:33]   Architecture:
[2025-10-28 18:57:33]     Lookback: 30, Hidden: 128, Layers: 1, Dropout: 0.1
[2025-10-28 18:57:33]     Bidirectional: True, GRU: True
[2025-10-28 18:57:33]   Output Head:
[2025-10-28 18:57:33]     FC Layers: 2, FC Hidden: 256, Activation: relu
[2025-10-28 18:57:33]     FC Dropout: 0.2, Batch Norm: True
[2025-10-28 18:57:33]   Training:
[2025-10-28 18:57:33]     Batch Size: 256, LR: 0.0005, Weight Decay: 0.0
[2025-10-28 18:57:33]     Optimizer: adamw, Grad Clip: 1.0, LR Patience: 3
[2025-10-28 18:57:35]     Epoch  1/30: Val R²=0.0293 Train R²=0.1933 Gap=0.1640 ✓
[2025-10-28 18:57:38]     Epoch  2/30: Val R²=0.0598 Train R²=0.2987 Gap=0.2389 ✓
[2025-10-28 18:57:40]     Epoch  3/30: Val R²=0.0680 Train R²=0.3169 Gap=0.2489 ✓
[2025-10-28 18:57:43]     Epoch  4/30: Val R²=0.0833 Train R²=0.3290 Gap=0.2457 ✓
[2025-10-28 18:57:45]     Epoch  5/30: Val R²=0.0838 Train R²=0.3356 Gap=0.2518 ✓
[2025-10-28 18:57:47]     Epoch  6/30: Val R²=0.0847 Train R²=0.3454 Gap=0.2607 ✓
[2025-10-28 18:57:50]     Epoch  7/30: Val R²=0.0886 Train R²=0.3501 Gap=0.2615 ✓
[2025-10-28 18:57:52]     Epoch  8/30: Val R²=0.0868 Train R²=0.3547 Gap=0.2679  
[2025-10-28 18:57:55]     Epoch  9/30: Val R²=0.0997 Train R²=0.3599 Gap=0.2602 ✓
[2025-10-28 18:57:57]     Epoch 10/30: Val R²=0.0938 Train R²=0.3642 Gap=0.2704  
[2025-10-28 18:57:59]     Epoch 11/30: Val R²=0.1055 Train R²=0.3700 Gap=0.2645 ✓
[2025-10-28 18:58:02]     Epoch 12/30: Val R²=0.1120 Train R²=0.3723 Gap=0.2604 ✓
[2025-10-28 18:58:04]     Epoch 13/30: Val R²=0.1147 Train R²=0.3715 Gap=0.2568 ✓
[2025-10-28 18:58:07]     Epoch 14/30: Val R²=0.1022 Train R²=0.3782 Gap=0.2759  
[2025-10-28 18:58:09]     Epoch 15/30: Val R²=0.1165 Train R²=0.3814 Gap=0.2649 ✓
[2025-10-28 18:58:11]     Epoch 16/30: Val R²=0.1167 Train R²=0.3820 Gap=0.2652 ✓
[2025-10-28 18:58:14]     Epoch 17/30: Val R²=0.1215 Train R²=0.3845 Gap=0.2630 ✓
[2025-10-28 18:58:16]     Epoch 18/30: Val R²=0.1219 Train R²=0.3867 Gap=0.2648 ✓
[2025-10-28 18:58:18]     Epoch 19/30: Val R²=0.1274 Train R²=0.3927 Gap=0.2653 ✓
[2025-10-28 18:58:21]     Epoch 20/30: Val R²=0.1427 Train R²=0.3936 Gap=0.2509 ✓
[2025-10-28 18:58:23]     Epoch 21/30: Val R²=0.1381 Train R²=0.3957 Gap=0.2577  
[2025-10-28 18:58:25]     Epoch 22/30: Val R²=0.1382 Train R²=0.3986 Gap=0.2603  
[2025-10-28 18:58:28]     Epoch 23/30: Val R²=0.1371 Train R²=0.3990 Gap=0.2619  
[2025-10-28 18:58:28]     Early stopped at epoch 23
[2025-10-28 18:58:28] 
======================================================================
[2025-10-28 18:58:28] Config 94/1000 Complete:
[2025-10-28 18:58:28]   Best Val R²: 0.142703 (epoch 20)
[2025-10-28 18:58:28]   Best Global R²: 0.178249
[2025-10-28 18:58:28]   Overfitting Gap: 0.250945
[2025-10-28 18:58:28]   Parameters: 198,944
[2025-10-28 18:58:28]   Training Time: 54.8s
[2025-10-28 18:58:28]   Not better than global best (0.178249)
[2025-10-28 18:58:28]   Results saved to models/test_bruteforce_search_results.csv
[2025-10-28 18:58:28] 
======================================================================
[2025-10-28 18:58:28] Config 95/1000 - Starting Training:
[2025-10-28 18:58:28]   Architecture:
[2025-10-28 18:58:28]     Lookback: 30, Hidden: 128, Layers: 1, Dropout: 0.1
[2025-10-28 18:58:28]     Bidirectional: True, GRU: True
[2025-10-28 18:58:28]   Output Head:
[2025-10-28 18:58:28]     FC Layers: 2, FC Hidden: 256, Activation: relu
[2025-10-28 18:58:28]     FC Dropout: 0.2, Batch Norm: True
[2025-10-28 18:58:28]   Training:
[2025-10-28 18:58:28]     Batch Size: 256, LR: 0.0005, Weight Decay: 0.0001
[2025-10-28 18:58:28]     Optimizer: adamw, Grad Clip: 0.5, LR Patience: 3
[2025-10-28 18:58:30]     Epoch  1/30: Val R²=0.0341 Train R²=0.2083 Gap=0.1742 ✓
[2025-10-28 18:58:33]     Epoch  2/30: Val R²=0.0577 Train R²=0.2999 Gap=0.2422 ✓
[2025-10-28 18:58:35]     Epoch  3/30: Val R²=0.0731 Train R²=0.3174 Gap=0.2443 ✓
[2025-10-28 18:58:37]     Epoch  4/30: Val R²=0.0748 Train R²=0.3283 Gap=0.2535 ✓
[2025-10-28 18:58:40]     Epoch  5/30: Val R²=0.0859 Train R²=0.3380 Gap=0.2521 ✓
[2025-10-28 18:58:42]     Epoch  6/30: Val R²=0.0913 Train R²=0.3461 Gap=0.2548 ✓
[2025-10-28 18:58:44]     Epoch  7/30: Val R²=0.0934 Train R²=0.3524 Gap=0.2590 ✓
[2025-10-28 18:58:47]     Epoch  8/30: Val R²=0.1031 Train R²=0.3579 Gap=0.2548 ✓
[2025-10-28 18:58:49]     Epoch  9/30: Val R²=0.0991 Train R²=0.3629 Gap=0.2638  
[2025-10-28 18:58:52]     Epoch 10/30: Val R²=0.1014 Train R²=0.3658 Gap=0.2644  
[2025-10-28 18:58:54]     Epoch 11/30: Val R²=0.0973 Train R²=0.3677 Gap=0.2704  
[2025-10-28 18:58:54]     Early stopped at epoch 11
[2025-10-28 18:58:54] 
======================================================================
[2025-10-28 18:58:54] Config 95/1000 Complete:
[2025-10-28 18:58:54]   Best Val R²: 0.103108 (epoch 8)
[2025-10-28 18:58:54]   Best Global R²: 0.178249
[2025-10-28 18:58:54]   Overfitting Gap: 0.254766
[2025-10-28 18:58:54]   Parameters: 198,944
[2025-10-28 18:58:54]   Training Time: 26.1s
[2025-10-28 18:58:54]   Not better than global best (0.178249)
[2025-10-28 18:58:54]   Results saved to models/test_bruteforce_search_results.csv
[2025-10-28 18:58:54] 
======================================================================
[2025-10-28 18:58:54] Config 96/1000 - Starting Training:
[2025-10-28 18:58:54]   Architecture:
[2025-10-28 18:58:54]     Lookback: 30, Hidden: 128, Layers: 1, Dropout: 0.1
[2025-10-28 18:58:54]     Bidirectional: True, GRU: True
[2025-10-28 18:58:54]   Output Head:
[2025-10-28 18:58:54]     FC Layers: 2, FC Hidden: 256, Activation: relu
[2025-10-28 18:58:54]     FC Dropout: 0.2, Batch Norm: True
[2025-10-28 18:58:54]   Training:
[2025-10-28 18:58:54]     Batch Size: 256, LR: 0.0005, Weight Decay: 0.0001
[2025-10-28 18:58:54]     Optimizer: adamw, Grad Clip: 1.0, LR Patience: 3
[2025-10-28 18:58:56]     Epoch  1/30: Val R²=0.0243 Train R²=0.1942 Gap=0.1699 ✓
[2025-10-28 18:58:59]     Epoch  2/30: Val R²=0.0509 Train R²=0.2963 Gap=0.2454 ✓
[2025-10-28 18:59:01]     Epoch  3/30: Val R²=0.0726 Train R²=0.3145 Gap=0.2419 ✓
[2025-10-28 18:59:03]     Epoch  4/30: Val R²=0.0787 Train R²=0.3258 Gap=0.2471 ✓
[2025-10-28 18:59:06]     Epoch  5/30: Val R²=0.0637 Train R²=0.3346 Gap=0.2709  
[2025-10-28 18:59:08]     Epoch  6/30: Val R²=0.0904 Train R²=0.3439 Gap=0.2535 ✓
[2025-10-28 18:59:11]     Epoch  7/30: Val R²=0.0992 Train R²=0.3497 Gap=0.2505 ✓
[2025-10-28 18:59:13]     Epoch  8/30: Val R²=0.1072 Train R²=0.3544 Gap=0.2472 ✓
[2025-10-28 18:59:15]     Epoch  9/30: Val R²=0.0977 Train R²=0.3601 Gap=0.2624  
[2025-10-28 18:59:18]     Epoch 10/30: Val R²=0.1075 Train R²=0.3634 Gap=0.2559 ✓
[2025-10-28 18:59:20]     Epoch 11/30: Val R²=0.1173 Train R²=0.3688 Gap=0.2514 ✓
[2025-10-28 18:59:23]     Epoch 12/30: Val R²=0.1190 Train R²=0.3709 Gap=0.2519 ✓
[2025-10-28 18:59:25]     Epoch 13/30: Val R²=0.1172 Train R²=0.3741 Gap=0.2569  
[2025-10-28 18:59:27]     Epoch 14/30: Val R²=0.1178 Train R²=0.3780 Gap=0.2601  
[2025-10-28 18:59:30]     Epoch 15/30: Val R²=0.1187 Train R²=0.3811 Gap=0.2624  
[2025-10-28 18:59:30]     Early stopped at epoch 15
[2025-10-28 18:59:30] 
======================================================================
[2025-10-28 18:59:30] Config 96/1000 Complete:
[2025-10-28 18:59:30]   Best Val R²: 0.119009 (epoch 12)
[2025-10-28 18:59:30]   Best Global R²: 0.178249
[2025-10-28 18:59:30]   Overfitting Gap: 0.251904
[2025-10-28 18:59:30]   Parameters: 198,944
[2025-10-28 18:59:30]   Training Time: 36.0s
[2025-10-28 18:59:30]   Not better than global best (0.178249)
[2025-10-28 18:59:30]   Results saved to models/test_bruteforce_search_results.csv
[2025-10-28 18:59:30] 
======================================================================
[2025-10-28 18:59:30] Config 97/1000 - Starting Training:
[2025-10-28 18:59:30]   Architecture:
[2025-10-28 18:59:30]     Lookback: 30, Hidden: 128, Layers: 1, Dropout: 0.1
[2025-10-28 18:59:30]     Bidirectional: True, GRU: True
[2025-10-28 18:59:30]   Output Head:
[2025-10-28 18:59:30]     FC Layers: 2, FC Hidden: 256, Activation: gelu
[2025-10-28 18:59:30]     FC Dropout: 0.1, Batch Norm: True
[2025-10-28 18:59:30]   Training:
[2025-10-28 18:59:30]     Batch Size: 128, LR: 0.0001, Weight Decay: 0.0
[2025-10-28 18:59:30]     Optimizer: adamw, Grad Clip: 0.5, LR Patience: 3
[2025-10-28 18:59:34]     Epoch  1/30: Val R²=0.0021 Train R²=0.1713 Gap=0.1692 ✓
[2025-10-28 18:59:39]     Epoch  2/30: Val R²=0.0368 Train R²=0.3136 Gap=0.2768 ✓
[2025-10-28 18:59:43]     Epoch  3/30: Val R²=0.0478 Train R²=0.3282 Gap=0.2804 ✓
[2025-10-28 18:59:47]     Epoch  4/30: Val R²=0.0600 Train R²=0.3344 Gap=0.2744 ✓
[2025-10-28 18:59:52]     Epoch  5/30: Val R²=0.0595 Train R²=0.3382 Gap=0.2788  
[2025-10-28 18:59:56]     Epoch  6/30: Val R²=0.0682 Train R²=0.3442 Gap=0.2760 ✓
[2025-10-28 19:00:01]     Epoch  7/30: Val R²=0.0676 Train R²=0.3498 Gap=0.2822  
[2025-10-28 19:00:06]     Epoch  8/30: Val R²=0.0759 Train R²=0.3524 Gap=0.2765 ✓
[2025-10-28 19:00:10]     Epoch  9/30: Val R²=0.0855 Train R²=0.3562 Gap=0.2707 ✓
[2025-10-28 19:00:14]     Epoch 10/30: Val R²=0.0880 Train R²=0.3585 Gap=0.2705 ✓
[2025-10-28 19:00:19]     Epoch 11/30: Val R²=0.0867 Train R²=0.3591 Gap=0.2724  
[2025-10-28 19:00:23]     Epoch 12/30: Val R²=0.0921 Train R²=0.3628 Gap=0.2707 ✓
[2025-10-28 19:00:28]     Epoch 13/30: Val R²=0.0963 Train R²=0.3644 Gap=0.2680 ✓
[2025-10-28 19:00:32]     Epoch 14/30: Val R²=0.0923 Train R²=0.3656 Gap=0.2733  
[2025-10-28 19:00:37]     Epoch 15/30: Val R²=0.1028 Train R²=0.3691 Gap=0.2663 ✓
[2025-10-28 19:00:41]     Epoch 16/30: Val R²=0.1053 Train R²=0.3680 Gap=0.2627 ✓
[2025-10-28 19:00:45]     Epoch 17/30: Val R²=0.1044 Train R²=0.3724 Gap=0.2680  
[2025-10-28 19:00:50]     Epoch 18/30: Val R²=0.1053 Train R²=0.3724 Gap=0.2671 ✓
[2025-10-28 19:00:54]     Epoch 19/30: Val R²=0.1020 Train R²=0.3756 Gap=0.2736  
[2025-10-28 19:00:58]     Epoch 20/30: Val R²=0.1104 Train R²=0.3750 Gap=0.2647 ✓
[2025-10-28 19:01:03]     Epoch 21/30: Val R²=0.1189 Train R²=0.3780 Gap=0.2591 ✓
[2025-10-28 19:01:07]     Epoch 22/30: Val R²=0.1141 Train R²=0.3772 Gap=0.2631  
[2025-10-28 19:01:12]     Epoch 23/30: Val R²=0.1196 Train R²=0.3795 Gap=0.2599 ✓
[2025-10-28 19:01:16]     Epoch 24/30: Val R²=0.1223 Train R²=0.3819 Gap=0.2596 ✓
[2025-10-28 19:01:21]     Epoch 25/30: Val R²=0.1261 Train R²=0.3824 Gap=0.2562 ✓
[2025-10-28 19:01:25]     Epoch 26/30: Val R²=0.1244 Train R²=0.3833 Gap=0.2589  
[2025-10-28 19:01:29]     Epoch 27/30: Val R²=0.1299 Train R²=0.3850 Gap=0.2551 ✓
[2025-10-28 19:01:34]     Epoch 28/30: Val R²=0.1289 Train R²=0.3860 Gap=0.2571  
[2025-10-28 19:01:38]     Epoch 29/30: Val R²=0.1314 Train R²=0.3874 Gap=0.2560 ✓
[2025-10-28 19:01:43]     Epoch 30/30: Val R²=0.1358 Train R²=0.3869 Gap=0.2512 ✓
[2025-10-28 19:01:43] 
======================================================================
[2025-10-28 19:01:43] Config 97/1000 Complete:
[2025-10-28 19:01:43]   Best Val R²: 0.135751 (epoch 30)
[2025-10-28 19:01:43]   Best Global R²: 0.178249
[2025-10-28 19:01:43]   Overfitting Gap: 0.251190
[2025-10-28 19:01:43]   Parameters: 198,944
[2025-10-28 19:01:43]   Training Time: 132.9s
[2025-10-28 19:01:43]   Not better than global best (0.178249)
[2025-10-28 19:01:43]   Results saved to models/test_bruteforce_search_results.csv
[2025-10-28 19:01:43] 
======================================================================
[2025-10-28 19:01:43] Config 98/1000 - Starting Training:
[2025-10-28 19:01:43]   Architecture:
[2025-10-28 19:01:43]     Lookback: 30, Hidden: 128, Layers: 1, Dropout: 0.1
[2025-10-28 19:01:43]     Bidirectional: True, GRU: True
[2025-10-28 19:01:43]   Output Head:
[2025-10-28 19:01:43]     FC Layers: 2, FC Hidden: 256, Activation: gelu
[2025-10-28 19:01:43]     FC Dropout: 0.1, Batch Norm: True
[2025-10-28 19:01:43]   Training:
[2025-10-28 19:01:43]     Batch Size: 128, LR: 0.0001, Weight Decay: 0.0
[2025-10-28 19:01:43]     Optimizer: adamw, Grad Clip: 1.0, LR Patience: 3
[2025-10-28 19:01:47]     Epoch  1/30: Val R²=-0.0198 Train R²=0.1353 Gap=0.1551 ✓
[2025-10-28 19:01:52]     Epoch  2/30: Val R²=0.0217 Train R²=0.3033 Gap=0.2816 ✓
[2025-10-28 19:01:56]     Epoch  3/30: Val R²=0.0419 Train R²=0.3206 Gap=0.2787 ✓
[2025-10-28 19:02:01]     Epoch  4/30: Val R²=0.0487 Train R²=0.3299 Gap=0.2812 ✓
[2025-10-28 19:02:05]     Epoch  5/30: Val R²=0.0606 Train R²=0.3361 Gap=0.2755 ✓
[2025-10-28 19:02:10]     Epoch  6/30: Val R²=0.0744 Train R²=0.3413 Gap=0.2669 ✓
[2025-10-28 19:02:14]     Epoch  7/30: Val R²=0.0734 Train R²=0.3452 Gap=0.2718  
[2025-10-28 19:02:18]     Epoch  8/30: Val R²=0.0726 Train R²=0.3483 Gap=0.2757  
[2025-10-28 19:02:23]     Epoch  9/30: Val R²=0.0840 Train R²=0.3524 Gap=0.2684 ✓
[2025-10-28 19:02:27]     Epoch 10/30: Val R²=0.0819 Train R²=0.3529 Gap=0.2711  
[2025-10-28 19:02:32]     Epoch 11/30: Val R²=0.0905 Train R²=0.3573 Gap=0.2667 ✓
[2025-10-28 19:02:36]     Epoch 12/30: Val R²=0.0829 Train R²=0.3581 Gap=0.2752  
[2025-10-28 19:02:41]     Epoch 13/30: Val R²=0.0865 Train R²=0.3622 Gap=0.2757  
[2025-10-28 19:02:45]     Epoch 14/30: Val R²=0.0902 Train R²=0.3622 Gap=0.2720  
[2025-10-28 19:02:45]     Early stopped at epoch 14
[2025-10-28 19:02:45] 
======================================================================
[2025-10-28 19:02:45] Config 98/1000 Complete:
[2025-10-28 19:02:45]   Best Val R²: 0.090534 (epoch 11)
[2025-10-28 19:02:45]   Best Global R²: 0.178249
[2025-10-28 19:02:45]   Overfitting Gap: 0.266744
[2025-10-28 19:02:45]   Parameters: 198,944
[2025-10-28 19:02:45]   Training Time: 62.5s
[2025-10-28 19:02:45]   Not better than global best (0.178249)
[2025-10-28 19:02:45]   Results saved to models/test_bruteforce_search_results.csv
[2025-10-28 19:02:45] 
======================================================================
[2025-10-28 19:02:45] Config 99/1000 - Starting Training:
[2025-10-28 19:02:45]   Architecture:
[2025-10-28 19:02:45]     Lookback: 30, Hidden: 128, Layers: 1, Dropout: 0.1
[2025-10-28 19:02:45]     Bidirectional: True, GRU: True
[2025-10-28 19:02:45]   Output Head:
[2025-10-28 19:02:45]     FC Layers: 2, FC Hidden: 256, Activation: gelu
[2025-10-28 19:02:45]     FC Dropout: 0.1, Batch Norm: True
[2025-10-28 19:02:45]   Training:
[2025-10-28 19:02:45]     Batch Size: 128, LR: 0.0001, Weight Decay: 0.0001
[2025-10-28 19:02:45]     Optimizer: adamw, Grad Clip: 0.5, LR Patience: 3
[2025-10-28 19:02:50]     Epoch  1/30: Val R²=0.0077 Train R²=0.1786 Gap=0.1709 ✓
[2025-10-28 19:02:54]     Epoch  2/30: Val R²=0.0465 Train R²=0.3146 Gap=0.2680 ✓
[2025-10-28 19:02:59]     Epoch  3/30: Val R²=0.0557 Train R²=0.3282 Gap=0.2725 ✓
[2025-10-28 19:03:03]     Epoch  4/30: Val R²=0.0585 Train R²=0.3348 Gap=0.2763 ✓
[2025-10-28 19:03:08]     Epoch  5/30: Val R²=0.0760 Train R²=0.3402 Gap=0.2642 ✓
[2025-10-28 19:03:12]     Epoch  6/30: Val R²=0.0786 Train R²=0.3447 Gap=0.2661 ✓
[2025-10-28 19:03:17]     Epoch  7/30: Val R²=0.0838 Train R²=0.3480 Gap=0.2642 ✓
[2025-10-28 19:03:21]     Epoch  8/30: Val R²=0.0892 Train R²=0.3526 Gap=0.2634 ✓
[2025-10-28 19:03:26]     Epoch  9/30: Val R²=0.0926 Train R²=0.3551 Gap=0.2625 ✓
[2025-10-28 19:03:30]     Epoch 10/30: Val R²=0.0940 Train R²=0.3558 Gap=0.2619 ✓
[2025-10-28 19:03:34]     Epoch 11/30: Val R²=0.0915 Train R²=0.3611 Gap=0.2696  
[2025-10-28 19:03:39]     Epoch 12/30: Val R²=0.0991 Train R²=0.3618 Gap=0.2627 ✓
[2025-10-28 19:03:43]     Epoch 13/30: Val R²=0.0978 Train R²=0.3639 Gap=0.2662  
[2025-10-28 19:03:48]     Epoch 14/30: Val R²=0.0997 Train R²=0.3655 Gap=0.2658 ✓
[2025-10-28 19:03:52]     Epoch 15/30: Val R²=0.1040 Train R²=0.3686 Gap=0.2646 ✓
[2025-10-28 19:03:57]     Epoch 16/30: Val R²=0.1023 Train R²=0.3703 Gap=0.2680  
[2025-10-28 19:04:02]     Epoch 17/30: Val R²=0.1004 Train R²=0.3712 Gap=0.2708  
[2025-10-28 19:04:06]     Epoch 18/30: Val R²=0.1102 Train R²=0.3716 Gap=0.2614 ✓
[2025-10-28 19:04:11]     Epoch 19/30: Val R²=0.1084 Train R²=0.3735 Gap=0.2651  
[2025-10-28 19:04:15]     Epoch 20/30: Val R²=0.1203 Train R²=0.3758 Gap=0.2556 ✓
[2025-10-28 19:04:19]     Epoch 21/30: Val R²=0.1109 Train R²=0.3748 Gap=0.2639  
[2025-10-28 19:04:24]     Epoch 22/30: Val R²=0.1107 Train R²=0.3789 Gap=0.2682  
[2025-10-28 19:04:28]     Epoch 23/30: Val R²=0.1123 Train R²=0.3802 Gap=0.2679  
[2025-10-28 19:04:28]     Early stopped at epoch 23
[2025-10-28 19:04:28] 
======================================================================
[2025-10-28 19:04:28] Config 99/1000 Complete:
[2025-10-28 19:04:28]   Best Val R²: 0.120251 (epoch 20)
[2025-10-28 19:04:28]   Best Global R²: 0.178249
[2025-10-28 19:04:28]   Overfitting Gap: 0.255582
[2025-10-28 19:04:28]   Parameters: 198,944
[2025-10-28 19:04:28]   Training Time: 103.0s
[2025-10-28 19:04:28]   Not better than global best (0.178249)
[2025-10-28 19:04:28]   Results saved to models/test_bruteforce_search_results.csv
[2025-10-28 19:04:28] 
======================================================================
[2025-10-28 19:04:28] Config 100/1000 - Starting Training:
[2025-10-28 19:04:28]   Architecture:
[2025-10-28 19:04:28]     Lookback: 30, Hidden: 128, Layers: 1, Dropout: 0.1
[2025-10-28 19:04:28]     Bidirectional: True, GRU: True
[2025-10-28 19:04:28]   Output Head:
[2025-10-28 19:04:28]     FC Layers: 2, FC Hidden: 256, Activation: gelu
[2025-10-28 19:04:28]     FC Dropout: 0.1, Batch Norm: True
[2025-10-28 19:04:28]   Training:
[2025-10-28 19:04:28]     Batch Size: 128, LR: 0.0001, Weight Decay: 0.0001
[2025-10-28 19:04:28]     Optimizer: adamw, Grad Clip: 1.0, LR Patience: 3
[2025-10-28 19:04:33]     Epoch  1/30: Val R²=-0.0283 Train R²=0.1498 Gap=0.1780 ✓
[2025-10-28 19:04:37]     Epoch  2/30: Val R²=0.0216 Train R²=0.3043 Gap=0.2827 ✓
[2025-10-28 19:04:42]     Epoch  3/30: Val R²=0.0524 Train R²=0.3230 Gap=0.2706 ✓
[2025-10-28 19:04:46]     Epoch  4/30: Val R²=0.0507 Train R²=0.3318 Gap=0.2812  
[2025-10-28 19:04:50]     Epoch  5/30: Val R²=0.0594 Train R²=0.3389 Gap=0.2795 ✓
[2025-10-28 19:04:55]     Epoch  6/30: Val R²=0.0726 Train R²=0.3430 Gap=0.2705 ✓
[2025-10-28 19:04:59]     Epoch  7/30: Val R²=0.0685 Train R²=0.3469 Gap=0.2784  
[2025-10-28 19:05:03]     Epoch  8/30: Val R²=0.0620 Train R²=0.3492 Gap=0.2872  
[2025-10-28 19:05:08]     Epoch  9/30: Val R²=0.0743 Train R²=0.3524 Gap=0.2781 ✓
[2025-10-28 19:05:12]     Epoch 10/30: Val R²=0.0728 Train R²=0.3570 Gap=0.2842  
[2025-10-28 19:05:16]     Epoch 11/30: Val R²=0.0843 Train R²=0.3582 Gap=0.2739 ✓
[2025-10-28 19:05:20]     Epoch 12/30: Val R²=0.0833 Train R²=0.3612 Gap=0.2778  
[2025-10-28 19:05:25]     Epoch 13/30: Val R²=0.0875 Train R²=0.3606 Gap=0.2730 ✓
[2025-10-28 19:05:29]     Epoch 14/30: Val R²=0.0924 Train R²=0.3639 Gap=0.2714 ✓
[2025-10-28 19:05:33]     Epoch 15/30: Val R²=0.0951 Train R²=0.3660 Gap=0.2708 ✓
[2025-10-28 19:05:37]     Epoch 16/30: Val R²=0.0944 Train R²=0.3681 Gap=0.2737  
[2025-10-28 19:05:42]     Epoch 17/30: Val R²=0.0960 Train R²=0.3703 Gap=0.2743 ✓
[2025-10-28 19:05:46]     Epoch 18/30: Val R²=0.0956 Train R²=0.3718 Gap=0.2763  
[2025-10-28 19:05:51]     Epoch 19/30: Val R²=0.1042 Train R²=0.3742 Gap=0.2700 ✓
[2025-10-28 19:05:55]     Epoch 20/30: Val R²=0.1046 Train R²=0.3761 Gap=0.2715 ✓
[2025-10-28 19:05:59]     Epoch 21/30: Val R²=0.1042 Train R²=0.3735 Gap=0.2693  
[2025-10-28 19:06:04]     Epoch 22/30: Val R²=0.1132 Train R²=0.3772 Gap=0.2640 ✓
[2025-10-28 19:06:08]     Epoch 23/30: Val R²=0.1078 Train R²=0.3785 Gap=0.2707  
[2025-10-28 19:06:13]     Epoch 24/30: Val R²=0.1163 Train R²=0.3789 Gap=0.2626 ✓
[2025-10-28 19:06:17]     Epoch 25/30: Val R²=0.1086 Train R²=0.3805 Gap=0.2718  
[2025-10-28 19:06:22]     Epoch 26/30: Val R²=0.1049 Train R²=0.3826 Gap=0.2777  
[2025-10-28 19:06:26]     Epoch 27/30: Val R²=0.1188 Train R²=0.3833 Gap=0.2646 ✓
[2025-10-28 19:06:30]     Epoch 28/30: Val R²=0.1193 Train R²=0.3842 Gap=0.2649 ✓
[2025-10-28 19:06:35]     Epoch 29/30: Val R²=0.1225 Train R²=0.3867 Gap=0.2642 ✓
[2025-10-28 19:06:39]     Epoch 30/30: Val R²=0.1064 Train R²=0.3865 Gap=0.2801  
[2025-10-28 19:06:39] 
======================================================================
[2025-10-28 19:06:39] Config 100/1000 Complete:
[2025-10-28 19:06:39]   Best Val R²: 0.122485 (epoch 29)
[2025-10-28 19:06:39]   Best Global R²: 0.178249
[2025-10-28 19:06:39]   Overfitting Gap: 0.264249
[2025-10-28 19:06:39]   Parameters: 198,944
[2025-10-28 19:06:39]   Training Time: 130.8s
[2025-10-28 19:06:39]   Not better than global best (0.178249)
[2025-10-28 19:06:39]   Results saved to models/test_bruteforce_search_results.csv
[2025-10-28 19:06:39] 
======================================================================
[2025-10-28 19:06:39] Config 101/1000 - Starting Training:
[2025-10-28 19:06:39]   Architecture:
[2025-10-28 19:06:39]     Lookback: 30, Hidden: 128, Layers: 1, Dropout: 0.1
[2025-10-28 19:06:39]     Bidirectional: True, GRU: True
[2025-10-28 19:06:39]   Output Head:
[2025-10-28 19:06:39]     FC Layers: 2, FC Hidden: 256, Activation: gelu
[2025-10-28 19:06:39]     FC Dropout: 0.1, Batch Norm: True
[2025-10-28 19:06:39]   Training:
[2025-10-28 19:06:39]     Batch Size: 128, LR: 0.0005, Weight Decay: 0.0
[2025-10-28 19:06:39]     Optimizer: adamw, Grad Clip: 0.5, LR Patience: 3
[2025-10-28 19:06:44]     Epoch  1/30: Val R²=0.0491 Train R²=0.2774 Gap=0.2283 ✓
[2025-10-28 19:06:48]     Epoch  2/30: Val R²=0.0627 Train R²=0.3354 Gap=0.2728 ✓
[2025-10-28 19:06:52]     Epoch  3/30: Val R²=0.0717 Train R²=0.3486 Gap=0.2769 ✓
[2025-10-28 19:06:57]     Epoch  4/30: Val R²=0.0623 Train R²=0.3533 Gap=0.2910  
[2025-10-28 19:07:01]     Epoch  5/30: Val R²=0.0784 Train R²=0.3602 Gap=0.2818 ✓
[2025-10-28 19:07:05]     Epoch  6/30: Val R²=0.0988 Train R²=0.3633 Gap=0.2644 ✓
[2025-10-28 19:07:10]     Epoch  7/30: Val R²=0.1013 Train R²=0.3689 Gap=0.2675 ✓
[2025-10-28 19:07:14]     Epoch  8/30: Val R²=0.1033 Train R²=0.3707 Gap=0.2675 ✓
[2025-10-28 19:07:18]     Epoch  9/30: Val R²=0.1007 Train R²=0.3744 Gap=0.2737  
[2025-10-28 19:07:23]     Epoch 10/30: Val R²=0.1327 Train R²=0.3796 Gap=0.2469 ✓
[2025-10-28 19:07:27]     Epoch 11/30: Val R²=0.1300 Train R²=0.3822 Gap=0.2522  
[2025-10-28 19:07:31]     Epoch 12/30: Val R²=0.1208 Train R²=0.3851 Gap=0.2643  
[2025-10-28 19:07:36]     Epoch 13/30: Val R²=0.1534 Train R²=0.3867 Gap=0.2333 ✓
[2025-10-28 19:07:40]     Epoch 14/30: Val R²=0.1486 Train R²=0.3921 Gap=0.2434  
[2025-10-28 19:07:45]     Epoch 15/30: Val R²=0.1541 Train R²=0.3911 Gap=0.2370 ✓
[2025-10-28 19:07:49]     Epoch 16/30: Val R²=0.1402 Train R²=0.3938 Gap=0.2536  
[2025-10-28 19:07:53]     Epoch 17/30: Val R²=0.1221 Train R²=0.3989 Gap=0.2769  
[2025-10-28 19:07:58]     Epoch 18/30: Val R²=0.1544 Train R²=0.4023 Gap=0.2479 ✓
[2025-10-28 19:08:02]     Epoch 19/30: Val R²=0.1730 Train R²=0.4061 Gap=0.2331 ✓
[2025-10-28 19:08:06]     Epoch 20/30: Val R²=0.1721 Train R²=0.4083 Gap=0.2362  
[2025-10-28 19:08:11]     Epoch 21/30: Val R²=0.1662 Train R²=0.4086 Gap=0.2424  
[2025-10-28 19:08:15]     Epoch 22/30: Val R²=0.1295 Train R²=0.4145 Gap=0.2850  
[2025-10-28 19:08:15]     Early stopped at epoch 22
[2025-10-28 19:08:15] 
======================================================================
[2025-10-28 19:08:15] Config 101/1000 Complete:
[2025-10-28 19:08:15]   Best Val R²: 0.173024 (epoch 19)
[2025-10-28 19:08:15]   Best Global R²: 0.178249
[2025-10-28 19:08:15]   Overfitting Gap: 0.233088
[2025-10-28 19:08:15]   Parameters: 198,944
[2025-10-28 19:08:15]   Training Time: 96.1s
[2025-10-28 19:08:15]   Not better than global best (0.178249)
[2025-10-28 19:08:15]   Results saved to models/test_bruteforce_search_results.csv
[2025-10-28 19:08:15] 
======================================================================
[2025-10-28 19:08:15] Config 102/1000 - Starting Training:
[2025-10-28 19:08:15]   Architecture:
[2025-10-28 19:08:15]     Lookback: 30, Hidden: 128, Layers: 1, Dropout: 0.1
[2025-10-28 19:08:15]     Bidirectional: True, GRU: True
[2025-10-28 19:08:15]   Output Head:
[2025-10-28 19:08:15]     FC Layers: 2, FC Hidden: 256, Activation: gelu
[2025-10-28 19:08:15]     FC Dropout: 0.1, Batch Norm: True
[2025-10-28 19:08:15]   Training:
[2025-10-28 19:08:15]     Batch Size: 128, LR: 0.0005, Weight Decay: 0.0
[2025-10-28 19:08:15]     Optimizer: adamw, Grad Clip: 1.0, LR Patience: 3
[2025-10-28 19:08:20]     Epoch  1/30: Val R²=0.0524 Train R²=0.2746 Gap=0.2221 ✓
[2025-10-28 19:08:24]     Epoch  2/30: Val R²=0.0654 Train R²=0.3361 Gap=0.2708 ✓
[2025-10-28 19:08:28]     Epoch  3/30: Val R²=0.0756 Train R²=0.3474 Gap=0.2718 ✓
[2025-10-28 19:08:33]     Epoch  4/30: Val R²=0.0994 Train R²=0.3532 Gap=0.2539 ✓
[2025-10-28 19:08:37]     Epoch  5/30: Val R²=0.0914 Train R²=0.3607 Gap=0.2693  
[2025-10-28 19:08:42]     Epoch  6/30: Val R²=0.1036 Train R²=0.3669 Gap=0.2633 ✓
[2025-10-28 19:08:46]     Epoch  7/30: Val R²=0.1017 Train R²=0.3709 Gap=0.2692  
[2025-10-28 19:08:50]     Epoch  8/30: Val R²=0.1142 Train R²=0.3740 Gap=0.2598 ✓
[2025-10-28 19:08:55]     Epoch  9/30: Val R²=0.1196 Train R²=0.3736 Gap=0.2540 ✓
[2025-10-28 19:08:59]     Epoch 10/30: Val R²=0.1219 Train R²=0.3823 Gap=0.2604 ✓
[2025-10-28 19:09:04]     Epoch 11/30: Val R²=0.1248 Train R²=0.3838 Gap=0.2590 ✓
[2025-10-28 19:09:08]     Epoch 12/30: Val R²=0.1322 Train R²=0.3849 Gap=0.2528 ✓
[2025-10-28 19:09:12]     Epoch 13/30: Val R²=0.1418 Train R²=0.3901 Gap=0.2483 ✓
[2025-10-28 19:09:17]     Epoch 14/30: Val R²=0.1384 Train R²=0.3897 Gap=0.2513  
[2025-10-28 19:09:21]     Epoch 15/30: Val R²=0.1421 Train R²=0.3941 Gap=0.2520 ✓
[2025-10-28 19:09:25]     Epoch 16/30: Val R²=0.1494 Train R²=0.3974 Gap=0.2481 ✓
[2025-10-28 19:09:30]     Epoch 17/30: Val R²=0.1464 Train R²=0.4012 Gap=0.2549  
[2025-10-28 19:09:34]     Epoch 18/30: Val R²=0.1535 Train R²=0.4025 Gap=0.2490 ✓
[2025-10-28 19:09:38]     Epoch 19/30: Val R²=0.1526 Train R²=0.4031 Gap=0.2505  
[2025-10-28 19:09:44]     Epoch 20/30: Val R²=0.1342 Train R²=0.4047 Gap=0.2705  
[2025-10-28 19:09:48]     Epoch 21/30: Val R²=0.1419 Train R²=0.4092 Gap=0.2673  
[2025-10-28 19:09:48]     Early stopped at epoch 21
[2025-10-28 19:09:48] 
======================================================================
[2025-10-28 19:09:48] Config 102/1000 Complete:
[2025-10-28 19:09:48]   Best Val R²: 0.153474 (epoch 18)
[2025-10-28 19:09:48]   Best Global R²: 0.178249
[2025-10-28 19:09:48]   Overfitting Gap: 0.248985
[2025-10-28 19:09:48]   Parameters: 198,944
[2025-10-28 19:09:48]   Training Time: 93.1s
[2025-10-28 19:09:48]   Not better than global best (0.178249)
[2025-10-28 19:09:48]   Results saved to models/test_bruteforce_search_results.csv
[2025-10-28 19:09:48] 
======================================================================
[2025-10-28 19:09:48] Config 103/1000 - Starting Training:
[2025-10-28 19:09:48]   Architecture:
[2025-10-28 19:09:48]     Lookback: 30, Hidden: 128, Layers: 1, Dropout: 0.1
[2025-10-28 19:09:48]     Bidirectional: True, GRU: True
[2025-10-28 19:09:48]   Output Head:
[2025-10-28 19:09:48]     FC Layers: 2, FC Hidden: 256, Activation: gelu
[2025-10-28 19:09:48]     FC Dropout: 0.1, Batch Norm: True
[2025-10-28 19:09:48]   Training:
[2025-10-28 19:09:48]     Batch Size: 128, LR: 0.0005, Weight Decay: 0.0001
[2025-10-28 19:09:48]     Optimizer: adamw, Grad Clip: 0.5, LR Patience: 3
[2025-10-28 19:09:53]     Epoch  1/30: Val R²=0.0488 Train R²=0.2760 Gap=0.2272 ✓
[2025-10-28 19:09:57]     Epoch  2/30: Val R²=0.0735 Train R²=0.3371 Gap=0.2636 ✓
[2025-10-28 19:10:02]     Epoch  3/30: Val R²=0.0768 Train R²=0.3466 Gap=0.2699 ✓
[2025-10-28 19:10:07]     Epoch  4/30: Val R²=0.0712 Train R²=0.3534 Gap=0.2821  
[2025-10-28 19:10:11]     Epoch  5/30: Val R²=0.0790 Train R²=0.3623 Gap=0.2833 ✓
[2025-10-28 19:10:16]     Epoch  6/30: Val R²=0.0953 Train R²=0.3652 Gap=0.2699 ✓
[2025-10-28 19:10:21]     Epoch  7/30: Val R²=0.1127 Train R²=0.3730 Gap=0.2603 ✓
[2025-10-28 19:10:25]     Epoch  8/30: Val R²=0.1079 Train R²=0.3711 Gap=0.2632  
[2025-10-28 19:10:30]     Epoch  9/30: Val R²=0.1140 Train R²=0.3787 Gap=0.2646 ✓
[2025-10-28 19:10:35]     Epoch 10/30: Val R²=0.1062 Train R²=0.3798 Gap=0.2736  
[2025-10-28 19:10:39]     Epoch 11/30: Val R²=0.1088 Train R²=0.3810 Gap=0.2723  
[2025-10-28 19:10:44]     Epoch 12/30: Val R²=0.1285 Train R²=0.3880 Gap=0.2595 ✓
[2025-10-28 19:10:49]     Epoch 13/30: Val R²=0.1417 Train R²=0.3885 Gap=0.2468 ✓
[2025-10-28 19:10:53]     Epoch 14/30: Val R²=0.1490 Train R²=0.3921 Gap=0.2431 ✓
[2025-10-28 19:10:58]     Epoch 15/30: Val R²=0.1524 Train R²=0.3978 Gap=0.2455 ✓
[2025-10-28 19:11:03]     Epoch 16/30: Val R²=0.1385 Train R²=0.3998 Gap=0.2614  
[2025-10-28 19:11:07]     Epoch 17/30: Val R²=0.1458 Train R²=0.3991 Gap=0.2533  
[2025-10-28 19:11:12]     Epoch 18/30: Val R²=0.1493 Train R²=0.4033 Gap=0.2540  
[2025-10-28 19:11:12]     Early stopped at epoch 18
[2025-10-28 19:11:12] 
======================================================================
[2025-10-28 19:11:12] Config 103/1000 Complete:
[2025-10-28 19:11:12]   Best Val R²: 0.152363 (epoch 15)
[2025-10-28 19:11:12]   Best Global R²: 0.178249
[2025-10-28 19:11:12]   Overfitting Gap: 0.245458
[2025-10-28 19:11:12]   Parameters: 198,944
[2025-10-28 19:11:12]   Training Time: 83.3s
[2025-10-28 19:11:12]   Not better than global best (0.178249)
[2025-10-28 19:11:12]   Results saved to models/test_bruteforce_search_results.csv
[2025-10-28 19:11:12] 
======================================================================
[2025-10-28 19:11:12] Config 104/1000 - Starting Training:
[2025-10-28 19:11:12]   Architecture:
[2025-10-28 19:11:12]     Lookback: 30, Hidden: 128, Layers: 1, Dropout: 0.1
[2025-10-28 19:11:12]     Bidirectional: True, GRU: True
[2025-10-28 19:11:12]   Output Head:
[2025-10-28 19:11:12]     FC Layers: 2, FC Hidden: 256, Activation: gelu
[2025-10-28 19:11:12]     FC Dropout: 0.1, Batch Norm: True
[2025-10-28 19:11:12]   Training:
[2025-10-28 19:11:12]     Batch Size: 128, LR: 0.0005, Weight Decay: 0.0001
[2025-10-28 19:11:12]     Optimizer: adamw, Grad Clip: 1.0, LR Patience: 3
[2025-10-28 19:11:16]     Epoch  1/30: Val R²=0.0589 Train R²=0.2825 Gap=0.2236 ✓
[2025-10-28 19:11:21]     Epoch  2/30: Val R²=0.0517 Train R²=0.3379 Gap=0.2862  
[2025-10-28 19:11:25]     Epoch  3/30: Val R²=0.0796 Train R²=0.3495 Gap=0.2699 ✓
[2025-10-28 19:11:30]     Epoch  4/30: Val R²=0.0984 Train R²=0.3546 Gap=0.2563 ✓
[2025-10-28 19:11:34]     Epoch  5/30: Val R²=0.0887 Train R²=0.3640 Gap=0.2753  
[2025-10-28 19:11:39]     Epoch  6/30: Val R²=0.1102 Train R²=0.3672 Gap=0.2571 ✓
[2025-10-28 19:11:43]     Epoch  7/30: Val R²=0.1023 Train R²=0.3709 Gap=0.2686  
[2025-10-28 19:11:48]     Epoch  8/30: Val R²=0.0864 Train R²=0.3736 Gap=0.2872  
[2025-10-28 19:11:53]     Epoch  9/30: Val R²=0.1088 Train R²=0.3784 Gap=0.2696  
[2025-10-28 19:11:53]     Early stopped at epoch 9
[2025-10-28 19:11:53] 
======================================================================
[2025-10-28 19:11:53] Config 104/1000 Complete:
[2025-10-28 19:11:53]   Best Val R²: 0.110190 (epoch 6)
[2025-10-28 19:11:53]   Best Global R²: 0.178249
[2025-10-28 19:11:53]   Overfitting Gap: 0.257052
[2025-10-28 19:11:53]   Parameters: 198,944
[2025-10-28 19:11:53]   Training Time: 41.2s
[2025-10-28 19:11:53]   Not better than global best (0.178249)
[2025-10-28 19:11:53]   Results saved to models/test_bruteforce_search_results.csv
[2025-10-28 19:11:53] 
======================================================================
[2025-10-28 19:11:53] Config 105/1000 - Starting Training:
[2025-10-28 19:11:53]   Architecture:
[2025-10-28 19:11:53]     Lookback: 30, Hidden: 128, Layers: 1, Dropout: 0.1
[2025-10-28 19:11:53]     Bidirectional: True, GRU: True
[2025-10-28 19:11:53]   Output Head:
[2025-10-28 19:11:53]     FC Layers: 2, FC Hidden: 256, Activation: gelu
[2025-10-28 19:11:53]     FC Dropout: 0.1, Batch Norm: True
[2025-10-28 19:11:53]   Training:
[2025-10-28 19:11:53]     Batch Size: 256, LR: 0.0001, Weight Decay: 0.0
[2025-10-28 19:11:53]     Optimizer: adamw, Grad Clip: 0.5, LR Patience: 3
[2025-10-28 19:11:55]     Epoch  1/30: Val R²=-0.0301 Train R²=0.0590 Gap=0.0891 ✓
[2025-10-28 19:11:58]     Epoch  2/30: Val R²=0.0008 Train R²=0.2818 Gap=0.2810 ✓
[2025-10-28 19:12:00]     Epoch  3/30: Val R²=0.0262 Train R²=0.3150 Gap=0.2888 ✓
[2025-10-28 19:12:02]     Epoch  4/30: Val R²=0.0430 Train R²=0.3257 Gap=0.2827 ✓
[2025-10-28 19:12:05]     Epoch  5/30: Val R²=0.0518 Train R²=0.3320 Gap=0.2802 ✓
[2025-10-28 19:12:07]     Epoch  6/30: Val R²=0.0604 Train R²=0.3368 Gap=0.2764 ✓
[2025-10-28 19:12:10]     Epoch  7/30: Val R²=0.0639 Train R²=0.3415 Gap=0.2776 ✓
[2025-10-28 19:12:12]     Epoch  8/30: Val R²=0.0677 Train R²=0.3443 Gap=0.2765 ✓
[2025-10-28 19:12:14]     Epoch  9/30: Val R²=0.0716 Train R²=0.3466 Gap=0.2749 ✓
[2025-10-28 19:12:17]     Epoch 10/30: Val R²=0.0778 Train R²=0.3495 Gap=0.2716 ✓
[2025-10-28 19:12:19]     Epoch 11/30: Val R²=0.0754 Train R²=0.3522 Gap=0.2767  
[2025-10-28 19:12:22]     Epoch 12/30: Val R²=0.0815 Train R²=0.3561 Gap=0.2747 ✓
[2025-10-28 19:12:24]     Epoch 13/30: Val R²=0.0811 Train R²=0.3567 Gap=0.2756  
[2025-10-28 19:12:26]     Epoch 14/30: Val R²=0.0830 Train R²=0.3585 Gap=0.2755 ✓
[2025-10-28 19:12:29]     Epoch 15/30: Val R²=0.0863 Train R²=0.3602 Gap=0.2739 ✓
[2025-10-28 19:12:31]     Epoch 16/30: Val R²=0.0854 Train R²=0.3622 Gap=0.2768  
[2025-10-28 19:12:34]     Epoch 17/30: Val R²=0.0830 Train R²=0.3630 Gap=0.2800  
[2025-10-28 19:12:36]     Epoch 18/30: Val R²=0.0932 Train R²=0.3651 Gap=0.2719 ✓
[2025-10-28 19:12:38]     Epoch 19/30: Val R²=0.0866 Train R²=0.3671 Gap=0.2805  
[2025-10-28 19:12:41]     Epoch 20/30: Val R²=0.0947 Train R²=0.3679 Gap=0.2732 ✓
[2025-10-28 19:12:43]     Epoch 21/30: Val R²=0.0937 Train R²=0.3683 Gap=0.2746  
[2025-10-28 19:12:46]     Epoch 22/30: Val R²=0.0939 Train R²=0.3697 Gap=0.2758  
[2025-10-28 19:12:48]     Epoch 23/30: Val R²=0.0925 Train R²=0.3721 Gap=0.2796  
[2025-10-28 19:12:48]     Early stopped at epoch 23
[2025-10-28 19:12:48] 
======================================================================
[2025-10-28 19:12:48] Config 105/1000 Complete:
[2025-10-28 19:12:48]   Best Val R²: 0.094739 (epoch 20)
[2025-10-28 19:12:48]   Best Global R²: 0.178249
[2025-10-28 19:12:48]   Overfitting Gap: 0.273178
[2025-10-28 19:12:48]   Parameters: 198,944
[2025-10-28 19:12:48]   Training Time: 55.2s
[2025-10-28 19:12:48]   Not better than global best (0.178249)
[2025-10-28 19:12:48]   Results saved to models/test_bruteforce_search_results.csv
[2025-10-28 19:12:48] 
======================================================================
[2025-10-28 19:12:48] Config 106/1000 - Starting Training:
[2025-10-28 19:12:48]   Architecture:
[2025-10-28 19:12:48]     Lookback: 30, Hidden: 128, Layers: 1, Dropout: 0.1
[2025-10-28 19:12:48]     Bidirectional: True, GRU: True
[2025-10-28 19:12:48]   Output Head:
[2025-10-28 19:12:48]     FC Layers: 2, FC Hidden: 256, Activation: gelu
[2025-10-28 19:12:48]     FC Dropout: 0.1, Batch Norm: True
[2025-10-28 19:12:48]   Training:
[2025-10-28 19:12:48]     Batch Size: 256, LR: 0.0001, Weight Decay: 0.0
[2025-10-28 19:12:48]     Optimizer: adamw, Grad Clip: 1.0, LR Patience: 3
[2025-10-28 19:12:50]     Epoch  1/30: Val R²=-0.0176 Train R²=0.0367 Gap=0.0544 ✓
[2025-10-28 19:12:53]     Epoch  2/30: Val R²=-0.0049 Train R²=0.2677 Gap=0.2726 ✓
[2025-10-28 19:12:55]     Epoch  3/30: Val R²=0.0172 Train R²=0.3074 Gap=0.2903 ✓
[2025-10-28 19:12:58]     Epoch  4/30: Val R²=0.0318 Train R²=0.3210 Gap=0.2892 ✓
[2025-10-28 19:13:00]     Epoch  5/30: Val R²=0.0436 Train R²=0.3267 Gap=0.2831 ✓
[2025-10-28 19:13:02]     Epoch  6/30: Val R²=0.0476 Train R²=0.3333 Gap=0.2857 ✓
[2025-10-28 19:13:05]     Epoch  7/30: Val R²=0.0587 Train R²=0.3366 Gap=0.2779 ✓
[2025-10-28 19:13:07]     Epoch  8/30: Val R²=0.0619 Train R²=0.3425 Gap=0.2806 ✓
[2025-10-28 19:13:10]     Epoch  9/30: Val R²=0.0643 Train R²=0.3437 Gap=0.2794 ✓
[2025-10-28 19:13:12]     Epoch 10/30: Val R²=0.0717 Train R²=0.3473 Gap=0.2756 ✓
[2025-10-28 19:13:14]     Epoch 11/30: Val R²=0.0734 Train R²=0.3489 Gap=0.2756 ✓
[2025-10-28 19:13:17]     Epoch 12/30: Val R²=0.0726 Train R²=0.3523 Gap=0.2797  
[2025-10-28 19:13:19]     Epoch 13/30: Val R²=0.0794 Train R²=0.3550 Gap=0.2756 ✓
[2025-10-28 19:13:22]     Epoch 14/30: Val R²=0.0772 Train R²=0.3567 Gap=0.2794  
[2025-10-28 19:13:24]     Epoch 15/30: Val R²=0.0832 Train R²=0.3574 Gap=0.2742 ✓
[2025-10-28 19:13:26]     Epoch 16/30: Val R²=0.0826 Train R²=0.3598 Gap=0.2772  
[2025-10-28 19:13:29]     Epoch 17/30: Val R²=0.0828 Train R²=0.3634 Gap=0.2806  
[2025-10-28 19:13:31]     Epoch 18/30: Val R²=0.0830 Train R²=0.3637 Gap=0.2808  
[2025-10-28 19:13:31]     Early stopped at epoch 18
[2025-10-28 19:13:31] 
======================================================================
[2025-10-28 19:13:31] Config 106/1000 Complete:
[2025-10-28 19:13:31]   Best Val R²: 0.083235 (epoch 15)
[2025-10-28 19:13:31]   Best Global R²: 0.178249
[2025-10-28 19:13:31]   Overfitting Gap: 0.274179
[2025-10-28 19:13:31]   Parameters: 198,944
[2025-10-28 19:13:31]   Training Time: 43.0s
[2025-10-28 19:13:31]   Not better than global best (0.178249)
[2025-10-28 19:13:31]   Results saved to models/test_bruteforce_search_results.csv
[2025-10-28 19:13:31] 
======================================================================
[2025-10-28 19:13:31] Config 107/1000 - Starting Training:
[2025-10-28 19:13:31]   Architecture:
[2025-10-28 19:13:31]     Lookback: 30, Hidden: 128, Layers: 1, Dropout: 0.1
[2025-10-28 19:13:31]     Bidirectional: True, GRU: True
[2025-10-28 19:13:31]   Output Head:
[2025-10-28 19:13:31]     FC Layers: 2, FC Hidden: 256, Activation: gelu
[2025-10-28 19:13:31]     FC Dropout: 0.1, Batch Norm: True
[2025-10-28 19:13:31]   Training:
[2025-10-28 19:13:31]     Batch Size: 256, LR: 0.0001, Weight Decay: 0.0001
[2025-10-28 19:13:31]     Optimizer: adamw, Grad Clip: 0.5, LR Patience: 3
[2025-10-28 19:13:33]     Epoch  1/30: Val R²=-0.0199 Train R²=0.0462 Gap=0.0661 ✓
[2025-10-28 19:13:36]     Epoch  2/30: Val R²=0.0061 Train R²=0.2796 Gap=0.2735 ✓
[2025-10-28 19:13:38]     Epoch  3/30: Val R²=0.0327 Train R²=0.3138 Gap=0.2811 ✓
[2025-10-28 19:13:41]     Epoch  4/30: Val R²=0.0442 Train R²=0.3242 Gap=0.2801 ✓
[2025-10-28 19:13:43]     Epoch  5/30: Val R²=0.0534 Train R²=0.3316 Gap=0.2782 ✓
[2025-10-28 19:13:45]     Epoch  6/30: Val R²=0.0653 Train R²=0.3364 Gap=0.2711 ✓
[2025-10-28 19:13:48]     Epoch  7/30: Val R²=0.0558 Train R²=0.3407 Gap=0.2849  
[2025-10-28 19:13:50]     Epoch  8/30: Val R²=0.0683 Train R²=0.3442 Gap=0.2759 ✓
[2025-10-28 19:13:53]     Epoch  9/30: Val R²=0.0670 Train R²=0.3475 Gap=0.2805  
[2025-10-28 19:13:55]     Epoch 10/30: Val R²=0.0728 Train R²=0.3482 Gap=0.2754 ✓
[2025-10-28 19:13:58]     Epoch 11/30: Val R²=0.0757 Train R²=0.3516 Gap=0.2759 ✓
[2025-10-28 19:14:00]     Epoch 12/30: Val R²=0.0776 Train R²=0.3534 Gap=0.2759 ✓
[2025-10-28 19:14:03]     Epoch 13/30: Val R²=0.0847 Train R²=0.3566 Gap=0.2718 ✓
[2025-10-28 19:14:05]     Epoch 14/30: Val R²=0.0899 Train R²=0.3584 Gap=0.2686 ✓
[2025-10-28 19:14:08]     Epoch 15/30: Val R²=0.0836 Train R²=0.3587 Gap=0.2751  
[2025-10-28 19:14:10]     Epoch 16/30: Val R²=0.0915 Train R²=0.3622 Gap=0.2708 ✓
[2025-10-28 19:14:12]     Epoch 17/30: Val R²=0.0951 Train R²=0.3645 Gap=0.2694 ✓
[2025-10-28 19:14:15]     Epoch 18/30: Val R²=0.0960 Train R²=0.3640 Gap=0.2679 ✓
[2025-10-28 19:14:18]     Epoch 19/30: Val R²=0.0992 Train R²=0.3682 Gap=0.2690 ✓
[2025-10-28 19:14:20]     Epoch 20/30: Val R²=0.0955 Train R²=0.3677 Gap=0.2722  
[2025-10-28 19:14:23]     Epoch 21/30: Val R²=0.0957 Train R²=0.3706 Gap=0.2750  
[2025-10-28 19:14:25]     Epoch 22/30: Val R²=0.1026 Train R²=0.3711 Gap=0.2685 ✓
[2025-10-28 19:14:28]     Epoch 23/30: Val R²=0.1014 Train R²=0.3737 Gap=0.2723  
[2025-10-28 19:14:30]     Epoch 24/30: Val R²=0.1107 Train R²=0.3744 Gap=0.2637 ✓
[2025-10-28 19:14:33]     Epoch 25/30: Val R²=0.1120 Train R²=0.3753 Gap=0.2633 ✓
[2025-10-28 19:14:35]     Epoch 26/30: Val R²=0.1043 Train R²=0.3757 Gap=0.2714  
[2025-10-28 19:14:38]     Epoch 27/30: Val R²=0.1070 Train R²=0.3754 Gap=0.2684  
[2025-10-28 19:14:40]     Epoch 28/30: Val R²=0.1150 Train R²=0.3789 Gap=0.2639 ✓
[2025-10-28 19:14:42]     Epoch 29/30: Val R²=0.1086 Train R²=0.3798 Gap=0.2712  
[2025-10-28 19:14:45]     Epoch 30/30: Val R²=0.1203 Train R²=0.3791 Gap=0.2587 ✓
[2025-10-28 19:14:45] 
======================================================================
[2025-10-28 19:14:45] Config 107/1000 Complete:
[2025-10-28 19:14:45]   Best Val R²: 0.120346 (epoch 30)
[2025-10-28 19:14:45]   Best Global R²: 0.178249
[2025-10-28 19:14:45]   Overfitting Gap: 0.258740
[2025-10-28 19:14:45]   Parameters: 198,944
[2025-10-28 19:14:45]   Training Time: 73.7s
[2025-10-28 19:14:45]   Not better than global best (0.178249)
[2025-10-28 19:14:45]   Results saved to models/test_bruteforce_search_results.csv
[2025-10-28 19:14:45] 
======================================================================
[2025-10-28 19:14:45] Config 108/1000 - Starting Training:
[2025-10-28 19:14:45]   Architecture:
[2025-10-28 19:14:45]     Lookback: 30, Hidden: 128, Layers: 1, Dropout: 0.1
[2025-10-28 19:14:45]     Bidirectional: True, GRU: True
[2025-10-28 19:14:45]   Output Head:
[2025-10-28 19:14:45]     FC Layers: 2, FC Hidden: 256, Activation: gelu
[2025-10-28 19:14:45]     FC Dropout: 0.1, Batch Norm: True
[2025-10-28 19:14:45]   Training:
[2025-10-28 19:14:45]     Batch Size: 256, LR: 0.0001, Weight Decay: 0.0001
[2025-10-28 19:14:45]     Optimizer: adamw, Grad Clip: 1.0, LR Patience: 3
[2025-10-28 19:14:47]     Epoch  1/30: Val R²=-0.0258 Train R²=0.0400 Gap=0.0658 ✓
[2025-10-28 19:14:50]     Epoch  2/30: Val R²=-0.0027 Train R²=0.2667 Gap=0.2694 ✓
[2025-10-28 19:14:52]     Epoch  3/30: Val R²=0.0275 Train R²=0.3092 Gap=0.2817 ✓
[2025-10-28 19:14:54]     Epoch  4/30: Val R²=0.0415 Train R²=0.3230 Gap=0.2815 ✓
[2025-10-28 19:14:57]     Epoch  5/30: Val R²=0.0496 Train R²=0.3301 Gap=0.2806 ✓
[2025-10-28 19:14:59]     Epoch  6/30: Val R²=0.0521 Train R²=0.3365 Gap=0.2844 ✓
[2025-10-28 19:15:02]     Epoch  7/30: Val R²=0.0577 Train R²=0.3397 Gap=0.2820 ✓
[2025-10-28 19:15:04]     Epoch  8/30: Val R²=0.0655 Train R²=0.3421 Gap=0.2765 ✓
[2025-10-28 19:15:06]     Epoch  9/30: Val R²=0.0680 Train R²=0.3447 Gap=0.2768 ✓
[2025-10-28 19:15:09]     Epoch 10/30: Val R²=0.0745 Train R²=0.3480 Gap=0.2734 ✓
[2025-10-28 19:15:11]     Epoch 11/30: Val R²=0.0767 Train R²=0.3511 Gap=0.2744 ✓
[2025-10-28 19:15:14]     Epoch 12/30: Val R²=0.0785 Train R²=0.3527 Gap=0.2742 ✓
[2025-10-28 19:15:16]     Epoch 13/30: Val R²=0.0715 Train R²=0.3542 Gap=0.2827  
[2025-10-28 19:15:18]     Epoch 14/30: Val R²=0.0834 Train R²=0.3571 Gap=0.2737 ✓
[2025-10-28 19:15:21]     Epoch 15/30: Val R²=0.0828 Train R²=0.3598 Gap=0.2771  
[2025-10-28 19:15:23]     Epoch 16/30: Val R²=0.0858 Train R²=0.3606 Gap=0.2748 ✓
[2025-10-28 19:15:26]     Epoch 17/30: Val R²=0.0921 Train R²=0.3615 Gap=0.2694 ✓
[2025-10-28 19:15:28]     Epoch 18/30: Val R²=0.0864 Train R²=0.3639 Gap=0.2775  
[2025-10-28 19:15:30]     Epoch 19/30: Val R²=0.0975 Train R²=0.3649 Gap=0.2674 ✓
[2025-10-28 19:15:33]     Epoch 20/30: Val R²=0.0858 Train R²=0.3666 Gap=0.2808  
[2025-10-28 19:15:35]     Epoch 21/30: Val R²=0.0946 Train R²=0.3677 Gap=0.2732  
[2025-10-28 19:15:38]     Epoch 22/30: Val R²=0.0959 Train R²=0.3706 Gap=0.2747  
[2025-10-28 19:15:38]     Early stopped at epoch 22
[2025-10-28 19:15:38] 
======================================================================
[2025-10-28 19:15:38] Config 108/1000 Complete:
[2025-10-28 19:15:38]   Best Val R²: 0.097463 (epoch 19)
[2025-10-28 19:15:38]   Best Global R²: 0.178249
[2025-10-28 19:15:38]   Overfitting Gap: 0.267419
[2025-10-28 19:15:38]   Parameters: 198,944
[2025-10-28 19:15:38]   Training Time: 52.8s
[2025-10-28 19:15:38]   Not better than global best (0.178249)
[2025-10-28 19:15:38]   Results saved to models/test_bruteforce_search_results.csv
[2025-10-28 19:15:38] 
======================================================================
[2025-10-28 19:15:38] Config 109/1000 - Starting Training:
[2025-10-28 19:15:38]   Architecture:
[2025-10-28 19:15:38]     Lookback: 30, Hidden: 128, Layers: 1, Dropout: 0.1
[2025-10-28 19:15:38]     Bidirectional: True, GRU: True
[2025-10-28 19:15:38]   Output Head:
[2025-10-28 19:15:38]     FC Layers: 2, FC Hidden: 256, Activation: gelu
[2025-10-28 19:15:38]     FC Dropout: 0.1, Batch Norm: True
[2025-10-28 19:15:38]   Training:
[2025-10-28 19:15:38]     Batch Size: 256, LR: 0.0005, Weight Decay: 0.0
[2025-10-28 19:15:38]     Optimizer: adamw, Grad Clip: 0.5, LR Patience: 3
[2025-10-28 19:15:40]     Epoch  1/30: Val R²=0.0311 Train R²=0.2363 Gap=0.2052 ✓
[2025-10-28 19:15:42]     Epoch  2/30: Val R²=0.0528 Train R²=0.3302 Gap=0.2774 ✓
[2025-10-28 19:15:45]     Epoch  3/30: Val R²=0.0693 Train R²=0.3450 Gap=0.2758 ✓
[2025-10-28 19:15:47]     Epoch  4/30: Val R²=0.0814 Train R²=0.3538 Gap=0.2724 ✓
[2025-10-28 19:15:49]     Epoch  5/30: Val R²=0.0958 Train R²=0.3583 Gap=0.2626 ✓
[2025-10-28 19:15:52]     Epoch  6/30: Val R²=0.0883 Train R²=0.3622 Gap=0.2739  
[2025-10-28 19:15:54]     Epoch  7/30: Val R²=0.1016 Train R²=0.3673 Gap=0.2658 ✓
[2025-10-28 19:15:57]     Epoch  8/30: Val R²=0.1077 Train R²=0.3697 Gap=0.2619 ✓
[2025-10-28 19:15:59]     Epoch  9/30: Val R²=0.1060 Train R²=0.3739 Gap=0.2679  
[2025-10-28 19:16:01]     Epoch 10/30: Val R²=0.1207 Train R²=0.3771 Gap=0.2564 ✓
[2025-10-28 19:16:04]     Epoch 11/30: Val R²=0.1146 Train R²=0.3790 Gap=0.2643  
[2025-10-28 19:16:06]     Epoch 12/30: Val R²=0.1306 Train R²=0.3822 Gap=0.2517 ✓
[2025-10-28 19:16:08]     Epoch 13/30: Val R²=0.1305 Train R²=0.3838 Gap=0.2533  
[2025-10-28 19:16:11]     Epoch 14/30: Val R²=0.1360 Train R²=0.3859 Gap=0.2499 ✓
[2025-10-28 19:16:13]     Epoch 15/30: Val R²=0.1246 Train R²=0.3888 Gap=0.2642  
[2025-10-28 19:16:16]     Epoch 16/30: Val R²=0.1286 Train R²=0.3906 Gap=0.2621  
[2025-10-28 19:16:18]     Epoch 17/30: Val R²=0.1414 Train R²=0.3949 Gap=0.2535 ✓
[2025-10-28 19:16:20]     Epoch 18/30: Val R²=0.1339 Train R²=0.3948 Gap=0.2609  
[2025-10-28 19:16:23]     Epoch 19/30: Val R²=0.1541 Train R²=0.3978 Gap=0.2437 ✓
[2025-10-28 19:16:25]     Epoch 20/30: Val R²=0.1361 Train R²=0.3990 Gap=0.2629  
[2025-10-28 19:16:27]     Epoch 21/30: Val R²=0.1214 Train R²=0.4016 Gap=0.2802  
[2025-10-28 19:16:30]     Epoch 22/30: Val R²=0.1442 Train R²=0.4023 Gap=0.2581  
[2025-10-28 19:16:30]     Early stopped at epoch 22
[2025-10-28 19:16:30] 
======================================================================
[2025-10-28 19:16:30] Config 109/1000 Complete:
[2025-10-28 19:16:30]   Best Val R²: 0.154070 (epoch 19)
[2025-10-28 19:16:30]   Best Global R²: 0.178249
[2025-10-28 19:16:30]   Overfitting Gap: 0.243739
[2025-10-28 19:16:30]   Parameters: 198,944
[2025-10-28 19:16:30]   Training Time: 52.3s
[2025-10-28 19:16:30]   Not better than global best (0.178249)
[2025-10-28 19:16:30]   Results saved to models/test_bruteforce_search_results.csv
[2025-10-28 19:16:30] 
======================================================================
[2025-10-28 19:16:30] Config 110/1000 - Starting Training:
[2025-10-28 19:16:30]   Architecture:
[2025-10-28 19:16:30]     Lookback: 30, Hidden: 128, Layers: 1, Dropout: 0.1
[2025-10-28 19:16:30]     Bidirectional: True, GRU: True
[2025-10-28 19:16:30]   Output Head:
[2025-10-28 19:16:30]     FC Layers: 2, FC Hidden: 256, Activation: gelu
[2025-10-28 19:16:30]     FC Dropout: 0.1, Batch Norm: True
[2025-10-28 19:16:30]   Training:
[2025-10-28 19:16:30]     Batch Size: 256, LR: 0.0005, Weight Decay: 0.0
[2025-10-28 19:16:30]     Optimizer: adamw, Grad Clip: 1.0, LR Patience: 3
[2025-10-28 19:16:32]     Epoch  1/30: Val R²=0.0277 Train R²=0.2346 Gap=0.2069 ✓
[2025-10-28 19:16:35]     Epoch  2/30: Val R²=0.0529 Train R²=0.3307 Gap=0.2778 ✓
[2025-10-28 19:16:37]     Epoch  3/30: Val R²=0.0628 Train R²=0.3439 Gap=0.2811 ✓
[2025-10-28 19:16:39]     Epoch  4/30: Val R²=0.0747 Train R²=0.3501 Gap=0.2754 ✓
[2025-10-28 19:16:42]     Epoch  5/30: Val R²=0.0792 Train R²=0.3563 Gap=0.2771 ✓
[2025-10-28 19:16:44]     Epoch  6/30: Val R²=0.0765 Train R²=0.3606 Gap=0.2841  
[2025-10-28 19:16:47]     Epoch  7/30: Val R²=0.0917 Train R²=0.3667 Gap=0.2750 ✓
[2025-10-28 19:16:49]     Epoch  8/30: Val R²=0.1072 Train R²=0.3701 Gap=0.2630 ✓
[2025-10-28 19:16:52]     Epoch  9/30: Val R²=0.0924 Train R²=0.3731 Gap=0.2807  
[2025-10-28 19:16:54]     Epoch 10/30: Val R²=0.1063 Train R²=0.3754 Gap=0.2691  
[2025-10-28 19:16:57]     Epoch 11/30: Val R²=0.1078 Train R²=0.3759 Gap=0.2681 ✓
[2025-10-28 19:16:59]     Epoch 12/30: Val R²=0.1153 Train R²=0.3809 Gap=0.2656 ✓
[2025-10-28 19:17:02]     Epoch 13/30: Val R²=0.1085 Train R²=0.3845 Gap=0.2761  
[2025-10-28 19:17:04]     Epoch 14/30: Val R²=0.1329 Train R²=0.3849 Gap=0.2520 ✓
[2025-10-28 19:17:07]     Epoch 15/30: Val R²=0.1300 Train R²=0.3851 Gap=0.2551  
[2025-10-28 19:17:09]     Epoch 16/30: Val R²=0.1370 Train R²=0.3912 Gap=0.2541 ✓
[2025-10-28 19:17:12]     Epoch 17/30: Val R²=0.1382 Train R²=0.3938 Gap=0.2556 ✓
[2025-10-28 19:17:14]     Epoch 18/30: Val R²=0.1479 Train R²=0.3947 Gap=0.2468 ✓
[2025-10-28 19:17:16]     Epoch 19/30: Val R²=0.1373 Train R²=0.3992 Gap=0.2619  
[2025-10-28 19:17:19]     Epoch 20/30: Val R²=0.1311 Train R²=0.3982 Gap=0.2670  
[2025-10-28 19:17:21]     Epoch 21/30: Val R²=0.1184 Train R²=0.3998 Gap=0.2814  
[2025-10-28 19:17:21]     Early stopped at epoch 21
[2025-10-28 19:17:21] 
======================================================================
[2025-10-28 19:17:21] Config 110/1000 Complete:
[2025-10-28 19:17:21]   Best Val R²: 0.147902 (epoch 18)
[2025-10-28 19:17:21]   Best Global R²: 0.178249
[2025-10-28 19:17:21]   Overfitting Gap: 0.246773
[2025-10-28 19:17:21]   Parameters: 198,944
[2025-10-28 19:17:21]   Training Time: 51.4s
[2025-10-28 19:17:21]   Not better than global best (0.178249)
[2025-10-28 19:17:21]   Results saved to models/test_bruteforce_search_results.csv
[2025-10-28 19:17:21] 
======================================================================
[2025-10-28 19:17:21] Config 111/1000 - Starting Training:
[2025-10-28 19:17:21]   Architecture:
[2025-10-28 19:17:21]     Lookback: 30, Hidden: 128, Layers: 1, Dropout: 0.1
[2025-10-28 19:17:21]     Bidirectional: True, GRU: True
[2025-10-28 19:17:21]   Output Head:
[2025-10-28 19:17:21]     FC Layers: 2, FC Hidden: 256, Activation: gelu
[2025-10-28 19:17:21]     FC Dropout: 0.1, Batch Norm: True
[2025-10-28 19:17:21]   Training:
[2025-10-28 19:17:21]     Batch Size: 256, LR: 0.0005, Weight Decay: 0.0001
[2025-10-28 19:17:21]     Optimizer: adamw, Grad Clip: 0.5, LR Patience: 3
[2025-10-28 19:17:24]     Epoch  1/30: Val R²=0.0263 Train R²=0.2401 Gap=0.2138 ✓
[2025-10-28 19:17:26]     Epoch  2/30: Val R²=0.0578 Train R²=0.3319 Gap=0.2741 ✓
[2025-10-28 19:17:29]     Epoch  3/30: Val R²=0.0622 Train R²=0.3443 Gap=0.2821 ✓
[2025-10-28 19:17:31]     Epoch  4/30: Val R²=0.0795 Train R²=0.3533 Gap=0.2738 ✓
[2025-10-28 19:17:34]     Epoch  5/30: Val R²=0.0925 Train R²=0.3577 Gap=0.2652 ✓
[2025-10-28 19:17:36]     Epoch  6/30: Val R²=0.0958 Train R²=0.3657 Gap=0.2699 ✓
[2025-10-28 19:17:39]     Epoch  7/30: Val R²=0.0892 Train R²=0.3689 Gap=0.2798  
[2025-10-28 19:17:41]     Epoch  8/30: Val R²=0.1091 Train R²=0.3698 Gap=0.2607 ✓
[2025-10-28 19:17:44]     Epoch  9/30: Val R²=0.1021 Train R²=0.3738 Gap=0.2717  
[2025-10-28 19:17:46]     Epoch 10/30: Val R²=0.1129 Train R²=0.3767 Gap=0.2638 ✓
[2025-10-28 19:17:49]     Epoch 11/30: Val R²=0.1101 Train R²=0.3795 Gap=0.2694  
[2025-10-28 19:17:51]     Epoch 12/30: Val R²=0.1204 Train R²=0.3789 Gap=0.2584 ✓
[2025-10-28 19:17:53]     Epoch 13/30: Val R²=0.1429 Train R²=0.3818 Gap=0.2389 ✓
[2025-10-28 19:17:56]     Epoch 14/30: Val R²=0.1321 Train R²=0.3865 Gap=0.2543  
[2025-10-28 19:17:58]     Epoch 15/30: Val R²=0.1342 Train R²=0.3870 Gap=0.2528  
[2025-10-28 19:18:01]     Epoch 16/30: Val R²=0.1496 Train R²=0.3901 Gap=0.2405 ✓
[2025-10-28 19:18:03]     Epoch 17/30: Val R²=0.1613 Train R²=0.3937 Gap=0.2324 ✓
[2025-10-28 19:18:06]     Epoch 18/30: Val R²=0.1294 Train R²=0.3950 Gap=0.2656  
[2025-10-28 19:18:08]     Epoch 19/30: Val R²=0.1389 Train R²=0.3969 Gap=0.2580  
[2025-10-28 19:18:10]     Epoch 20/30: Val R²=0.1562 Train R²=0.3998 Gap=0.2436  
[2025-10-28 19:18:10]     Early stopped at epoch 20
[2025-10-28 19:18:10] 
======================================================================
[2025-10-28 19:18:10] Config 111/1000 Complete:
[2025-10-28 19:18:10]   Best Val R²: 0.161257 (epoch 17)
[2025-10-28 19:18:10]   Best Global R²: 0.178249
[2025-10-28 19:18:10]   Overfitting Gap: 0.232443
[2025-10-28 19:18:10]   Parameters: 198,944
[2025-10-28 19:18:10]   Training Time: 49.2s
[2025-10-28 19:18:10]   Not better than global best (0.178249)
[2025-10-28 19:18:11]   Results saved to models/test_bruteforce_search_results.csv
[2025-10-28 19:18:11] 
======================================================================
[2025-10-28 19:18:11] Config 112/1000 - Starting Training:
[2025-10-28 19:18:11]   Architecture:
[2025-10-28 19:18:11]     Lookback: 30, Hidden: 128, Layers: 1, Dropout: 0.1
[2025-10-28 19:18:11]     Bidirectional: True, GRU: True
[2025-10-28 19:18:11]   Output Head:
[2025-10-28 19:18:11]     FC Layers: 2, FC Hidden: 256, Activation: gelu
[2025-10-28 19:18:11]     FC Dropout: 0.1, Batch Norm: True
[2025-10-28 19:18:11]   Training:
[2025-10-28 19:18:11]     Batch Size: 256, LR: 0.0005, Weight Decay: 0.0001
[2025-10-28 19:18:11]     Optimizer: adamw, Grad Clip: 1.0, LR Patience: 3
[2025-10-28 19:18:13]     Epoch  1/30: Val R²=0.0214 Train R²=0.2396 Gap=0.2182 ✓
[2025-10-28 19:18:15]     Epoch  2/30: Val R²=0.0435 Train R²=0.3300 Gap=0.2865 ✓
[2025-10-28 19:18:18]     Epoch  3/30: Val R²=0.0599 Train R²=0.3428 Gap=0.2829 ✓
[2025-10-28 19:18:20]     Epoch  4/30: Val R²=0.0795 Train R²=0.3521 Gap=0.2726 ✓
[2025-10-28 19:18:23]     Epoch  5/30: Val R²=0.0754 Train R²=0.3564 Gap=0.2810  
[2025-10-28 19:18:25]     Epoch  6/30: Val R²=0.0881 Train R²=0.3637 Gap=0.2756 ✓
[2025-10-28 19:18:28]     Epoch  7/30: Val R²=0.1031 Train R²=0.3656 Gap=0.2625 ✓
[2025-10-28 19:18:30]     Epoch  8/30: Val R²=0.1046 Train R²=0.3705 Gap=0.2659 ✓
[2025-10-28 19:18:33]     Epoch  9/30: Val R²=0.1076 Train R²=0.3744 Gap=0.2668 ✓
[2025-10-28 19:18:35]     Epoch 10/30: Val R²=0.1031 Train R²=0.3762 Gap=0.2731  
[2025-10-28 19:18:38]     Epoch 11/30: Val R²=0.1247 Train R²=0.3791 Gap=0.2544 ✓
[2025-10-28 19:18:40]     Epoch 12/30: Val R²=0.1297 Train R²=0.3795 Gap=0.2498 ✓
[2025-10-28 19:18:43]     Epoch 13/30: Val R²=0.1357 Train R²=0.3834 Gap=0.2477 ✓
[2025-10-28 19:18:45]     Epoch 14/30: Val R²=0.1438 Train R²=0.3847 Gap=0.2409 ✓
[2025-10-28 19:18:47]     Epoch 15/30: Val R²=0.1569 Train R²=0.3885 Gap=0.2317 ✓
[2025-10-28 19:18:50]     Epoch 16/30: Val R²=0.1398 Train R²=0.3899 Gap=0.2500  
[2025-10-28 19:18:52]     Epoch 17/30: Val R²=0.1429 Train R²=0.3899 Gap=0.2470  
[2025-10-28 19:18:55]     Epoch 18/30: Val R²=0.1496 Train R²=0.3946 Gap=0.2450  
[2025-10-28 19:18:55]     Early stopped at epoch 18
[2025-10-28 19:18:55] 
======================================================================
[2025-10-28 19:18:55] Config 112/1000 Complete:
[2025-10-28 19:18:55]   Best Val R²: 0.156857 (epoch 15)
[2025-10-28 19:18:55]   Best Global R²: 0.178249
[2025-10-28 19:18:55]   Overfitting Gap: 0.231692
[2025-10-28 19:18:55]   Parameters: 198,944
[2025-10-28 19:18:55]   Training Time: 44.1s
[2025-10-28 19:18:55]   Not better than global best (0.178249)
[2025-10-28 19:18:55]   Results saved to models/test_bruteforce_search_results.csv
[2025-10-28 19:18:55] 
======================================================================
[2025-10-28 19:18:55] Config 113/1000 - Starting Training:
[2025-10-28 19:18:55]   Architecture:
[2025-10-28 19:18:55]     Lookback: 30, Hidden: 128, Layers: 1, Dropout: 0.1
[2025-10-28 19:18:55]     Bidirectional: True, GRU: True
[2025-10-28 19:18:55]   Output Head:
[2025-10-28 19:18:55]     FC Layers: 2, FC Hidden: 256, Activation: gelu
[2025-10-28 19:18:55]     FC Dropout: 0.2, Batch Norm: True
[2025-10-28 19:18:55]   Training:
[2025-10-28 19:18:55]     Batch Size: 128, LR: 0.0001, Weight Decay: 0.0
[2025-10-28 19:18:55]     Optimizer: adamw, Grad Clip: 0.5, LR Patience: 3
[2025-10-28 19:18:59]     Epoch  1/30: Val R²=-0.0063 Train R²=0.1434 Gap=0.1497 ✓
[2025-10-28 19:19:04]     Epoch  2/30: Val R²=0.0255 Train R²=0.2900 Gap=0.2645 ✓
[2025-10-28 19:19:08]     Epoch  3/30: Val R²=0.0413 Train R²=0.3052 Gap=0.2639 ✓
[2025-10-28 19:19:13]     Epoch  4/30: Val R²=0.0521 Train R²=0.3155 Gap=0.2635 ✓
[2025-10-28 19:19:17]     Epoch  5/30: Val R²=0.0641 Train R²=0.3216 Gap=0.2575 ✓
[2025-10-28 19:19:21]     Epoch  6/30: Val R²=0.0644 Train R²=0.3260 Gap=0.2617 ✓
[2025-10-28 19:19:26]     Epoch  7/30: Val R²=0.0713 Train R²=0.3317 Gap=0.2604 ✓
[2025-10-28 19:19:30]     Epoch  8/30: Val R²=0.0652 Train R²=0.3341 Gap=0.2689  
[2025-10-28 19:19:35]     Epoch  9/30: Val R²=0.0752 Train R²=0.3397 Gap=0.2645 ✓
[2025-10-28 19:19:40]     Epoch 10/30: Val R²=0.0659 Train R²=0.3416 Gap=0.2757  
[2025-10-28 19:19:44]     Epoch 11/30: Val R²=0.0880 Train R²=0.3433 Gap=0.2553 ✓
[2025-10-28 19:19:49]     Epoch 12/30: Val R²=0.0865 Train R²=0.3466 Gap=0.2601  
[2025-10-28 19:19:53]     Epoch 13/30: Val R²=0.0884 Train R²=0.3494 Gap=0.2611 ✓
[2025-10-28 19:19:58]     Epoch 14/30: Val R²=0.0986 Train R²=0.3526 Gap=0.2540 ✓
[2025-10-28 19:20:02]     Epoch 15/30: Val R²=0.0954 Train R²=0.3544 Gap=0.2590  
[2025-10-28 19:20:07]     Epoch 16/30: Val R²=0.0939 Train R²=0.3570 Gap=0.2631  
[2025-10-28 19:20:11]     Epoch 17/30: Val R²=0.1031 Train R²=0.3605 Gap=0.2574 ✓
[2025-10-28 19:20:16]     Epoch 18/30: Val R²=0.0931 Train R²=0.3610 Gap=0.2679  
[2025-10-28 19:20:21]     Epoch 19/30: Val R²=0.1056 Train R²=0.3631 Gap=0.2575 ✓
[2025-10-28 19:20:25]     Epoch 20/30: Val R²=0.1040 Train R²=0.3639 Gap=0.2599  
[2025-10-28 19:20:30]     Epoch 21/30: Val R²=0.0960 Train R²=0.3644 Gap=0.2683  
[2025-10-28 19:20:34]     Epoch 22/30: Val R²=0.1102 Train R²=0.3667 Gap=0.2565 ✓
[2025-10-28 19:20:39]     Epoch 23/30: Val R²=0.1131 Train R²=0.3698 Gap=0.2567 ✓
[2025-10-28 19:20:43]     Epoch 24/30: Val R²=0.1156 Train R²=0.3696 Gap=0.2540 ✓
[2025-10-28 19:20:48]     Epoch 25/30: Val R²=0.1106 Train R²=0.3700 Gap=0.2593  
[2025-10-28 19:20:53]     Epoch 26/30: Val R²=0.1157 Train R²=0.3729 Gap=0.2572 ✓
[2025-10-28 19:20:57]     Epoch 27/30: Val R²=0.1073 Train R²=0.3734 Gap=0.2661  
[2025-10-28 19:21:02]     Epoch 28/30: Val R²=0.1204 Train R²=0.3772 Gap=0.2568 ✓
[2025-10-28 19:21:06]     Epoch 29/30: Val R²=0.1169 Train R²=0.3752 Gap=0.2583  
[2025-10-28 19:21:11]     Epoch 30/30: Val R²=0.1289 Train R²=0.3779 Gap=0.2490 ✓
[2025-10-28 19:21:11] 
======================================================================
[2025-10-28 19:21:11] Config 113/1000 Complete:
[2025-10-28 19:21:11]   Best Val R²: 0.128902 (epoch 30)
[2025-10-28 19:21:11]   Best Global R²: 0.178249
[2025-10-28 19:21:11]   Overfitting Gap: 0.249028
[2025-10-28 19:21:11]   Parameters: 198,944
[2025-10-28 19:21:11]   Training Time: 136.1s
[2025-10-28 19:21:11]   Not better than global best (0.178249)
[2025-10-28 19:21:11]   Results saved to models/test_bruteforce_search_results.csv
[2025-10-28 19:21:11] 
======================================================================
[2025-10-28 19:21:11] Config 114/1000 - Starting Training:
[2025-10-28 19:21:11]   Architecture:
[2025-10-28 19:21:11]     Lookback: 30, Hidden: 128, Layers: 1, Dropout: 0.1
[2025-10-28 19:21:11]     Bidirectional: True, GRU: True
[2025-10-28 19:21:11]   Output Head:
[2025-10-28 19:21:11]     FC Layers: 2, FC Hidden: 256, Activation: gelu
[2025-10-28 19:21:11]     FC Dropout: 0.2, Batch Norm: True
[2025-10-28 19:21:11]   Training:
[2025-10-28 19:21:11]     Batch Size: 128, LR: 0.0001, Weight Decay: 0.0
[2025-10-28 19:21:11]     Optimizer: adamw, Grad Clip: 1.0, LR Patience: 3
[2025-10-28 19:21:16]     Epoch  1/30: Val R²=-0.0137 Train R²=0.1419 Gap=0.1556 ✓
[2025-10-28 19:21:20]     Epoch  2/30: Val R²=0.0271 Train R²=0.2841 Gap=0.2570 ✓
[2025-10-28 19:21:25]     Epoch  3/30: Val R²=0.0460 Train R²=0.2982 Gap=0.2522 ✓
[2025-10-28 19:21:29]     Epoch  4/30: Val R²=0.0532 Train R²=0.3072 Gap=0.2541 ✓
[2025-10-28 19:21:34]     Epoch  5/30: Val R²=0.0556 Train R²=0.3165 Gap=0.2608 ✓
[2025-10-28 19:21:38]     Epoch  6/30: Val R²=0.0634 Train R²=0.3202 Gap=0.2569 ✓
[2025-10-28 19:21:43]     Epoch  7/30: Val R²=0.0742 Train R²=0.3246 Gap=0.2504 ✓
[2025-10-28 19:21:48]     Epoch  8/30: Val R²=0.0757 Train R²=0.3310 Gap=0.2553 ✓
[2025-10-28 19:21:52]     Epoch  9/30: Val R²=0.0814 Train R²=0.3356 Gap=0.2542 ✓
[2025-10-28 19:21:57]     Epoch 10/30: Val R²=0.0922 Train R²=0.3373 Gap=0.2451 ✓
[2025-10-28 19:22:01]     Epoch 11/30: Val R²=0.0853 Train R²=0.3406 Gap=0.2554  
[2025-10-28 19:22:06]     Epoch 12/30: Val R²=0.0833 Train R²=0.3435 Gap=0.2602  
[2025-10-28 19:22:11]     Epoch 13/30: Val R²=0.0866 Train R²=0.3474 Gap=0.2607  
[2025-10-28 19:22:11]     Early stopped at epoch 13
[2025-10-28 19:22:11] 
======================================================================
[2025-10-28 19:22:11] Config 114/1000 Complete:
[2025-10-28 19:22:11]   Best Val R²: 0.092193 (epoch 10)
[2025-10-28 19:22:11]   Best Global R²: 0.178249
[2025-10-28 19:22:11]   Overfitting Gap: 0.245132
[2025-10-28 19:22:11]   Parameters: 198,944
[2025-10-28 19:22:11]   Training Time: 59.9s
[2025-10-28 19:22:11]   Not better than global best (0.178249)
[2025-10-28 19:22:11]   Results saved to models/test_bruteforce_search_results.csv
[2025-10-28 19:22:11] 
======================================================================
[2025-10-28 19:22:11] Config 115/1000 - Starting Training:
[2025-10-28 19:22:11]   Architecture:
[2025-10-28 19:22:11]     Lookback: 30, Hidden: 128, Layers: 1, Dropout: 0.1
[2025-10-28 19:22:11]     Bidirectional: True, GRU: True
[2025-10-28 19:22:11]   Output Head:
[2025-10-28 19:22:11]     FC Layers: 2, FC Hidden: 256, Activation: gelu
[2025-10-28 19:22:11]     FC Dropout: 0.2, Batch Norm: True
[2025-10-28 19:22:11]   Training:
[2025-10-28 19:22:11]     Batch Size: 128, LR: 0.0001, Weight Decay: 0.0001
[2025-10-28 19:22:11]     Optimizer: adamw, Grad Clip: 0.5, LR Patience: 3
[2025-10-28 19:22:15]     Epoch  1/30: Val R²=-0.0097 Train R²=0.1552 Gap=0.1648 ✓
[2025-10-28 19:22:20]     Epoch  2/30: Val R²=0.0289 Train R²=0.2911 Gap=0.2622 ✓
[2025-10-28 19:22:24]     Epoch  3/30: Val R²=0.0418 Train R²=0.3026 Gap=0.2609 ✓
[2025-10-28 19:22:29]     Epoch  4/30: Val R²=0.0547 Train R²=0.3124 Gap=0.2577 ✓
[2025-10-28 19:22:34]     Epoch  5/30: Val R²=0.0604 Train R²=0.3185 Gap=0.2580 ✓
[2025-10-28 19:22:38]     Epoch  6/30: Val R²=0.0620 Train R²=0.3246 Gap=0.2626 ✓
[2025-10-28 19:22:43]     Epoch  7/30: Val R²=0.0585 Train R²=0.3297 Gap=0.2712  
[2025-10-28 19:22:48]     Epoch  8/30: Val R²=0.0667 Train R²=0.3330 Gap=0.2663 ✓
[2025-10-28 19:22:53]     Epoch  9/30: Val R²=0.0788 Train R²=0.3365 Gap=0.2577 ✓
[2025-10-28 19:22:57]     Epoch 10/30: Val R²=0.0826 Train R²=0.3382 Gap=0.2556 ✓
[2025-10-28 19:23:02]     Epoch 11/30: Val R²=0.0729 Train R²=0.3436 Gap=0.2706  
[2025-10-28 19:23:06]     Epoch 12/30: Val R²=0.0841 Train R²=0.3445 Gap=0.2604 ✓
[2025-10-28 19:23:11]     Epoch 13/30: Val R²=0.0808 Train R²=0.3488 Gap=0.2681  
[2025-10-28 19:23:15]     Epoch 14/30: Val R²=0.0909 Train R²=0.3498 Gap=0.2590 ✓
[2025-10-28 19:23:20]     Epoch 15/30: Val R²=0.0920 Train R²=0.3542 Gap=0.2622 ✓
[2025-10-28 19:23:24]     Epoch 16/30: Val R²=0.0907 Train R²=0.3553 Gap=0.2646  
[2025-10-28 19:23:29]     Epoch 17/30: Val R²=0.0990 Train R²=0.3583 Gap=0.2593 ✓
[2025-10-28 19:23:33]     Epoch 18/30: Val R²=0.0922 Train R²=0.3570 Gap=0.2648  
[2025-10-28 19:23:38]     Epoch 19/30: Val R²=0.1028 Train R²=0.3615 Gap=0.2587 ✓
[2025-10-28 19:23:42]     Epoch 20/30: Val R²=0.0984 Train R²=0.3644 Gap=0.2660  
[2025-10-28 19:23:46]     Epoch 21/30: Val R²=0.1046 Train R²=0.3644 Gap=0.2598 ✓
[2025-10-28 19:23:51]     Epoch 22/30: Val R²=0.0996 Train R²=0.3677 Gap=0.2681  
[2025-10-28 19:23:55]     Epoch 23/30: Val R²=0.0987 Train R²=0.3664 Gap=0.2677  
[2025-10-28 19:24:00]     Epoch 24/30: Val R²=0.1040 Train R²=0.3710 Gap=0.2670  
[2025-10-28 19:24:00]     Early stopped at epoch 24
[2025-10-28 19:24:00] 
======================================================================
[2025-10-28 19:24:00] Config 115/1000 Complete:
[2025-10-28 19:24:00]   Best Val R²: 0.104595 (epoch 21)
[2025-10-28 19:24:00]   Best Global R²: 0.178249
[2025-10-28 19:24:00]   Overfitting Gap: 0.259829
[2025-10-28 19:24:00]   Parameters: 198,944
[2025-10-28 19:24:00]   Training Time: 109.2s
[2025-10-28 19:24:00]   Not better than global best (0.178249)
[2025-10-28 19:24:00]   Results saved to models/test_bruteforce_search_results.csv
[2025-10-28 19:24:00] 
======================================================================
[2025-10-28 19:24:00] Config 116/1000 - Starting Training:
[2025-10-28 19:24:00]   Architecture:
[2025-10-28 19:24:00]     Lookback: 30, Hidden: 128, Layers: 1, Dropout: 0.1
[2025-10-28 19:24:00]     Bidirectional: True, GRU: True
[2025-10-28 19:24:00]   Output Head:
[2025-10-28 19:24:00]     FC Layers: 2, FC Hidden: 256, Activation: gelu
[2025-10-28 19:24:00]     FC Dropout: 0.2, Batch Norm: True
[2025-10-28 19:24:00]   Training:
[2025-10-28 19:24:00]     Batch Size: 128, LR: 0.0001, Weight Decay: 0.0001
[2025-10-28 19:24:00]     Optimizer: adamw, Grad Clip: 1.0, LR Patience: 3
[2025-10-28 19:24:04]     Epoch  1/30: Val R²=-0.0242 Train R²=0.1355 Gap=0.1598 ✓
[2025-10-28 19:24:09]     Epoch  2/30: Val R²=0.0220 Train R²=0.2781 Gap=0.2561 ✓
[2025-10-28 19:24:13]     Epoch  3/30: Val R²=0.0353 Train R²=0.2970 Gap=0.2617 ✓
[2025-10-28 19:24:17]     Epoch  4/30: Val R²=0.0520 Train R²=0.3058 Gap=0.2538 ✓
[2025-10-28 19:24:22]     Epoch  5/30: Val R²=0.0554 Train R²=0.3136 Gap=0.2583 ✓
[2025-10-28 19:24:26]     Epoch  6/30: Val R²=0.0685 Train R²=0.3193 Gap=0.2508 ✓
[2025-10-28 19:24:30]     Epoch  7/30: Val R²=0.0705 Train R²=0.3232 Gap=0.2527 ✓
[2025-10-28 19:24:34]     Epoch  8/30: Val R²=0.0675 Train R²=0.3301 Gap=0.2626  
[2025-10-28 19:24:39]     Epoch  9/30: Val R²=0.0799 Train R²=0.3340 Gap=0.2541 ✓
[2025-10-28 19:24:43]     Epoch 10/30: Val R²=0.0693 Train R²=0.3372 Gap=0.2679  
[2025-10-28 19:24:47]     Epoch 11/30: Val R²=0.0839 Train R²=0.3414 Gap=0.2575 ✓
[2025-10-28 19:24:52]     Epoch 12/30: Val R²=0.0871 Train R²=0.3411 Gap=0.2540 ✓
[2025-10-28 19:24:56]     Epoch 13/30: Val R²=0.0901 Train R²=0.3440 Gap=0.2539 ✓
[2025-10-28 19:25:01]     Epoch 14/30: Val R²=0.0893 Train R²=0.3493 Gap=0.2601  
[2025-10-28 19:25:05]     Epoch 15/30: Val R²=0.0948 Train R²=0.3512 Gap=0.2564 ✓
[2025-10-28 19:25:10]     Epoch 16/30: Val R²=0.0904 Train R²=0.3515 Gap=0.2611  
[2025-10-28 19:25:14]     Epoch 17/30: Val R²=0.0969 Train R²=0.3560 Gap=0.2591 ✓
[2025-10-28 19:25:19]     Epoch 18/30: Val R²=0.1031 Train R²=0.3579 Gap=0.2548 ✓
[2025-10-28 19:25:23]     Epoch 19/30: Val R²=0.1019 Train R²=0.3590 Gap=0.2571  
[2025-10-28 19:25:28]     Epoch 20/30: Val R²=0.1092 Train R²=0.3626 Gap=0.2534 ✓
[2025-10-28 19:25:32]     Epoch 21/30: Val R²=0.1056 Train R²=0.3625 Gap=0.2569  
[2025-10-28 19:25:37]     Epoch 22/30: Val R²=0.1094 Train R²=0.3661 Gap=0.2568 ✓
[2025-10-28 19:25:41]     Epoch 23/30: Val R²=0.1105 Train R²=0.3660 Gap=0.2555 ✓
[2025-10-28 19:25:45]     Epoch 24/30: Val R²=0.1143 Train R²=0.3687 Gap=0.2544 ✓
[2025-10-28 19:25:50]     Epoch 25/30: Val R²=0.1099 Train R²=0.3701 Gap=0.2602  
[2025-10-28 19:25:54]     Epoch 26/30: Val R²=0.1107 Train R²=0.3706 Gap=0.2598  
[2025-10-28 19:25:59]     Epoch 27/30: Val R²=0.1072 Train R²=0.3734 Gap=0.2662  
[2025-10-28 19:25:59]     Early stopped at epoch 27
[2025-10-28 19:25:59] 
======================================================================
[2025-10-28 19:25:59] Config 116/1000 Complete:
[2025-10-28 19:25:59]   Best Val R²: 0.114321 (epoch 24)
[2025-10-28 19:25:59]   Best Global R²: 0.178249
[2025-10-28 19:25:59]   Overfitting Gap: 0.254378
[2025-10-28 19:25:59]   Parameters: 198,944
[2025-10-28 19:25:59]   Training Time: 119.0s
[2025-10-28 19:25:59]   Not better than global best (0.178249)
[2025-10-28 19:25:59]   Results saved to models/test_bruteforce_search_results.csv
[2025-10-28 19:25:59] 
======================================================================
[2025-10-28 19:25:59] Config 117/1000 - Starting Training:
[2025-10-28 19:25:59]   Architecture:
[2025-10-28 19:25:59]     Lookback: 30, Hidden: 128, Layers: 1, Dropout: 0.1
[2025-10-28 19:25:59]     Bidirectional: True, GRU: True
[2025-10-28 19:25:59]   Output Head:
[2025-10-28 19:25:59]     FC Layers: 2, FC Hidden: 256, Activation: gelu
[2025-10-28 19:25:59]     FC Dropout: 0.2, Batch Norm: True
[2025-10-28 19:25:59]   Training:
[2025-10-28 19:25:59]     Batch Size: 128, LR: 0.0005, Weight Decay: 0.0
[2025-10-28 19:25:59]     Optimizer: adamw, Grad Clip: 0.5, LR Patience: 3
[2025-10-28 19:26:03]     Epoch  1/30: Val R²=0.0388 Train R²=0.2532 Gap=0.2145 ✓
[2025-10-28 19:26:08]     Epoch  2/30: Val R²=0.0482 Train R²=0.3179 Gap=0.2697 ✓
[2025-10-28 19:26:12]     Epoch  3/30: Val R²=0.0741 Train R²=0.3326 Gap=0.2585 ✓
[2025-10-28 19:26:17]     Epoch  4/30: Val R²=0.0747 Train R²=0.3434 Gap=0.2687 ✓
[2025-10-28 19:26:22]     Epoch  5/30: Val R²=0.0787 Train R²=0.3515 Gap=0.2728 ✓
[2025-10-28 19:26:26]     Epoch  6/30: Val R²=0.0985 Train R²=0.3589 Gap=0.2604 ✓
[2025-10-28 19:26:31]     Epoch  7/30: Val R²=0.1068 Train R²=0.3649 Gap=0.2581 ✓
[2025-10-28 19:26:35]     Epoch  8/30: Val R²=0.0952 Train R²=0.3693 Gap=0.2740  
[2025-10-28 19:26:40]     Epoch  9/30: Val R²=0.0993 Train R²=0.3716 Gap=0.2723  
[2025-10-28 19:26:44]     Epoch 10/30: Val R²=0.1216 Train R²=0.3748 Gap=0.2532 ✓
[2025-10-28 19:26:49]     Epoch 11/30: Val R²=0.1456 Train R²=0.3783 Gap=0.2327 ✓
[2025-10-28 19:26:54]     Epoch 12/30: Val R²=0.1433 Train R²=0.3811 Gap=0.2378  
[2025-10-28 19:26:58]     Epoch 13/30: Val R²=0.1396 Train R²=0.3842 Gap=0.2446  
[2025-10-28 19:27:03]     Epoch 14/30: Val R²=0.1460 Train R²=0.3876 Gap=0.2416 ✓
[2025-10-28 19:27:07]     Epoch 15/30: Val R²=0.1559 Train R²=0.3907 Gap=0.2348 ✓
[2025-10-28 19:27:12]     Epoch 16/30: Val R²=0.1439 Train R²=0.3949 Gap=0.2510  
[2025-10-28 19:27:16]     Epoch 17/30: Val R²=0.1556 Train R²=0.3946 Gap=0.2390  
[2025-10-28 19:27:20]     Epoch 18/30: Val R²=0.1753 Train R²=0.4030 Gap=0.2276 ✓
[2025-10-28 19:27:25]     Epoch 19/30: Val R²=0.1655 Train R²=0.4036 Gap=0.2381  
[2025-10-28 19:27:29]     Epoch 20/30: Val R²=0.1615 Train R²=0.4026 Gap=0.2410  
[2025-10-28 19:27:34]     Epoch 21/30: Val R²=0.1688 Train R²=0.4039 Gap=0.2351  
[2025-10-28 19:27:34]     Early stopped at epoch 21
[2025-10-28 19:27:34] 
======================================================================
[2025-10-28 19:27:34] Config 117/1000 Complete:
[2025-10-28 19:27:34]   Best Val R²: 0.175344 (epoch 18)
[2025-10-28 19:27:34]   Best Global R²: 0.178249
[2025-10-28 19:27:34]   Overfitting Gap: 0.227635
[2025-10-28 19:27:34]   Parameters: 198,944
[2025-10-28 19:27:34]   Training Time: 94.9s
[2025-10-28 19:27:34]   Not better than global best (0.178249)
[2025-10-28 19:27:34]   Results saved to models/test_bruteforce_search_results.csv
[2025-10-28 19:27:34] 
======================================================================
[2025-10-28 19:27:34] Config 118/1000 - Starting Training:
[2025-10-28 19:27:34]   Architecture:
[2025-10-28 19:27:34]     Lookback: 30, Hidden: 128, Layers: 1, Dropout: 0.1
[2025-10-28 19:27:34]     Bidirectional: True, GRU: True
[2025-10-28 19:27:34]   Output Head:
[2025-10-28 19:27:34]     FC Layers: 2, FC Hidden: 256, Activation: gelu
[2025-10-28 19:27:34]     FC Dropout: 0.2, Batch Norm: True
[2025-10-28 19:27:34]   Training:
[2025-10-28 19:27:34]     Batch Size: 128, LR: 0.0005, Weight Decay: 0.0
[2025-10-28 19:27:34]     Optimizer: adamw, Grad Clip: 1.0, LR Patience: 3
[2025-10-28 19:27:38]     Epoch  1/30: Val R²=0.0375 Train R²=0.2516 Gap=0.2142 ✓
[2025-10-28 19:27:43]     Epoch  2/30: Val R²=0.0759 Train R²=0.3156 Gap=0.2397 ✓
[2025-10-28 19:27:47]     Epoch  3/30: Val R²=0.0926 Train R²=0.3328 Gap=0.2402 ✓
[2025-10-28 19:27:52]     Epoch  4/30: Val R²=0.0915 Train R²=0.3413 Gap=0.2498  
[2025-10-28 19:27:56]     Epoch  5/30: Val R²=0.0977 Train R²=0.3507 Gap=0.2530 ✓
[2025-10-28 19:28:00]     Epoch  6/30: Val R²=0.0931 Train R²=0.3585 Gap=0.2654  
[2025-10-28 19:28:05]     Epoch  7/30: Val R²=0.0964 Train R²=0.3630 Gap=0.2666  
[2025-10-28 19:28:09]     Epoch  8/30: Val R²=0.0979 Train R²=0.3682 Gap=0.2703 ✓
[2025-10-28 19:28:14]     Epoch  9/30: Val R²=0.0969 Train R²=0.3710 Gap=0.2741  
[2025-10-28 19:28:18]     Epoch 10/30: Val R²=0.1130 Train R²=0.3745 Gap=0.2615 ✓
[2025-10-28 19:28:23]     Epoch 11/30: Val R²=0.1126 Train R²=0.3792 Gap=0.2666  
[2025-10-28 19:28:28]     Epoch 12/30: Val R²=0.1217 Train R²=0.3822 Gap=0.2604 ✓
[2025-10-28 19:28:32]     Epoch 13/30: Val R²=0.1370 Train R²=0.3811 Gap=0.2441 ✓
[2025-10-28 19:28:37]     Epoch 14/30: Val R²=0.1297 Train R²=0.3863 Gap=0.2566  
[2025-10-28 19:28:41]     Epoch 15/30: Val R²=0.1436 Train R²=0.3897 Gap=0.2461 ✓
[2025-10-28 19:28:46]     Epoch 16/30: Val R²=0.1296 Train R²=0.3950 Gap=0.2654  
[2025-10-28 19:28:50]     Epoch 17/30: Val R²=0.1318 Train R²=0.3950 Gap=0.2632  
[2025-10-28 19:28:55]     Epoch 18/30: Val R²=0.1471 Train R²=0.3963 Gap=0.2492 ✓
[2025-10-28 19:28:59]     Epoch 19/30: Val R²=0.1383 Train R²=0.4031 Gap=0.2648  
[2025-10-28 19:29:04]     Epoch 20/30: Val R²=0.1619 Train R²=0.4030 Gap=0.2411 ✓
[2025-10-28 19:29:08]     Epoch 21/30: Val R²=0.1272 Train R²=0.4071 Gap=0.2799  
